"Question Number","Subject","Topic","Question","Option A","Option B","Option C","Option D","Correct Answer","Explanation (Why Correct)","Why Other Options Are Wrong"
"1","Use of English","Comprehension & Summary","In comprehension passages, the MAIN purpose of identifying a 'topic sentence' is to _____.","determine the background of the writer","locate the central idea of a paragraph","identify the conclusion of the passage","find all supporting details in a passage","B","A topic sentence states the central idea of a paragraph. It is usually the first or last sentence. JAMB often asks candidates to identify it because it carries the paragraph's controlling idea.","A: Background information refers to context, not the topic sentence's function. C: Conclusions deal with the whole passage or paragraph's ending, not the topic sentence per se. D: Supporting details expand on the topic sentence; they are not the same as it."
"2","Use of English","Comprehension & Summary","When a writer makes a statement that is NOT explicitly stated but can be reasoned from available clues, the reader is expected to _____.","summarise the passage","identify figures of speech","make an inference","paraphrase the writer","C","An inference is a conclusion drawn from evidence and reasoning rather than from direct statement. JAMB regularly tests 'implied meaning' through inference questions.","A: Summarising condenses information; it does not draw hidden meanings. B: Identifying figures of speech is a stylistic task, not a reasoning process. D: Paraphrasing restates a text in different words; it does not extract hidden meaning."
"3","Use of English","Comprehension & Summary","A 'cloze test' as used in JAMB is designed primarily to test a candidate's ability to _____.","memorise vocabulary lists","identify figures of speech within texts","understand context and supply appropriate words","distinguish between synonyms and antonyms","C","In a cloze test, words are removed from a passage and the candidate must fill gaps using contextual understanding and grammar knowledge. It tests reading comprehension, vocabulary in context, and coherence.","A: Memorising lists is not tested by a cloze format. B: Figures of speech are tested in comprehension, not specifically through cloze. D: Synonyms and antonyms are tested in Lexis and Structure, not primarily the cloze."
"4","Use of English","Comprehension & Summary","Read the sentence: 'Despite the torrential rain, the farmer ploughed on.' The underlined phrase 'ploughed on' is best interpreted as _____.","worked on his farm","continued with determination","moved through the rain","cleared the field quickly","B","'Ploughed on' is an idiomatic expression meaning to continue doing something despite difficulties. The context of 'despite the torrential rain' confirms the idea of persistence.","A: 'Worked on his farm' is too literal; the idiom indicates determination, not agricultural activity. C: 'Moved through the rain' is a physical interpretation, not the idiomatic meaning. D: 'Cleared the field quickly' contradicts the tone of difficulty implied by 'despite'."
"5","Use of English","Comprehension & Summary","Which of the following BEST describes 'synthesis of ideas' as tested in JAMB comprehension?","The ability to memorise all the facts in a passage","The ability to translate a passage into another language","The act of combining separate pieces of information to form a complete whole","The ability to identify grammatical errors in a passage","C","The JAMB syllabus explicitly defines synthesis as 'the art of combining distinct or separate pieces of information to form a complete whole as summary.' This is the exact definition JAMB tests.","A: Memorisation is not synthesis; synthesis requires active reconstruction of meaning. B: Translation is not comprehension synthesis. D: Identifying errors is a grammar task, not synthesis."
"6","Use of English","Comprehension & Summary","In a comprehension passage, 'coherence' refers to _____.","the use of difficult vocabulary","the logical flow and connection of ideas","the length and complexity of paragraphs","the number of arguments presented","B","Coherence in a passage means that ideas are logically connected and flow smoothly from one to another. JAMB tests 'coherence and logical reasoning' under comprehension objectives.","A: Vocabulary difficulty is separate from logical coherence. C: Length does not determine coherence. D: The number of arguments is irrelevant to coherence."
"7","Use of English","Comprehension & Summary","A JAMB passage ends with the sentence: 'All these considered, the government must act now.' This sentence most likely serves as _____.","a topic sentence introducing a new idea","a transitional sentence","a concluding sentence that synthesises the argument","a rhetorical question","C","The phrase 'All these considered' shows that the writer is wrapping up by drawing together the points already made. This is a summary-conclusion function, which JAMB links to synthesis and logical reasoning.","A: A topic sentence introduces, not concludes; this sentence clearly closes the argument. B: Transitional sentences link ideas mid-passage; this sentence finalises an argument. D: A rhetorical question ends with a question mark; this is a declarative statement."
"8","Use of English","Comprehension & Summary","In the sentence 'The director, along with his aides, was present at the function,' the mood conveyed is _____.","urgency and desperation","formality and officiousness","casual and informal atmosphere","conflict and tension","B","The diction ('director', 'aides', 'function') signals a formal, official setting. JAMB tests 'writer's mood' and this sentence communicates an official/formal occasion.","A: There is no urgency or desperation in the statement. C: The vocabulary is clearly formal, not casual. D: No conflict or tension is conveyed."
"9","Use of English","Comprehension & Summary","The writer of a passage states: 'One cannot but wonder at the audacity of these officials.' The writer's ATTITUDE toward the officials is _____.","admiration","indifference","disapproval","sympathy","C","'Audacity' used in this context implies brazenness or recklessness. The construction 'one cannot but wonder' expresses incredulous disapproval. JAMB tests attitude and tone regularly.","A: 'Audacity' here is not used positively; it implies condemnation. B: The writer is clearly not indifferent — the emotive language shows strong feeling. D: Sympathy would require positive or understanding language, not incredulous condemnation."
"10","Use of English","Comprehension & Summary","Which description BEST defines an 'expository' type of passage?","A passage that tells a story with characters and events","A passage that presents and explains facts and information","A passage that tries to convince the reader to accept an opinion","A passage that paints a vivid picture of a scene","B","Exposition presents factual information, explains concepts, or informs. JAMB tests four passage types: description, narration, exposition, and argumentation/persuasion.","A: That describes narration. C: That describes argumentation/persuasion. D: That describes description."
"11","Use of English","Comprehension & Summary","From the context: 'The old man was garrulous; he never stopped talking from morning till night.' The word 'garrulous' means _____.","tired and exhausted","excessively talkative","quarrelsome and aggressive","secretive and reserved","B","The context clause 'he never stopped talking from morning till night' directly defines 'garrulous.' JAMB always provides context clues in comprehension vocabulary questions.","A: Tiredness is unrelated to talking. C: Quarrelsome is unrelated to the context of endless talking. D: 'Secretive and reserved' is the opposite of garrulous."
"12","Use of English","Comprehension & Summary","Which of the following is an example of an ARGUMENTATIVE passage?","A narrative about a village boy who became a professor","A description of the landmarks of Lagos city","An explanation of how photosynthesis works in plants","A text claiming that corporal punishment should be abolished in schools","D","Argumentation/persuasion presents a stance on an issue and tries to convince the reader. Option D makes a claim and implies a call for action — the hallmark of argumentation.","A: That is narration. B: That is description. C: That is exposition."
"13","Use of English","The Lekki Headmaster (Novel)","In The Lekki Headmaster, Mr. Bepo Adewale served as principal of which school?","Beesway Group of Schools","Fruitful Future School","Stardom Schools, Lekki","Lagos State Model School","C","Mr. Bepo Adewale is the principal of Stardom Schools in Lekki, Lagos. This is the primary setting of the novel. He had previously been at Beesway and helped found Fruitful Future.","A: Beesway was a previous employer where he witnessed ritual activities. B: Fruitful Future was a neighbourhood school Bepo co-founded earlier in his career. D: Lagos State Model School does not appear in the novel."
"14","Use of English","The Lekki Headmaster (Novel)","In Chapter 1 ('Dusk'), Bepo's unusual behaviour at the school assembly was that he _____.","resigned publicly in front of students","announced his travel plans","broke down crying at the podium","quarrelled with the Vice Principal","C","Chapter 1 opens with Bepo approaching the podium but breaking into tears instead of speaking. This shocking emotional breakdown sets the entire novel's tension in motion.","A: He did not resign publicly in Chapter 1. B: He did not announce his plans; he stayed silent about the reason for his distress. D: There was no quarrel with the Vice Principal in Chapter 1."
"15","Use of English","The Lekki Headmaster (Novel)","The nickname 'The Lekki Headmaster' was given to Bepo because he _____.","lived in Lekki all his life","founded a school in Lekki","humorously imitated characters from the TV drama Village Headmaster","was the most feared headmaster in Lekki","C","The nickname originated from Bepo's habit of mimicking characters from the old Nigerian TV show 'Village Headmaster' during his time at Stardom Kiddies. His colleagues adopted it affectionately.","A: Living in Lekki is not the origin of the nickname. B: He did not found the main school; he was employed as principal. D: 'Most feared' does not feature in the origin of the nickname."
"16","Use of English","The Lekki Headmaster (Novel)","In Chapter 5 ('Snake in the Roof'), the phrase 'hanging a snake in the roof' was used by the MD's mother to describe _____.","the danger of keeping exotic pets in school","the cooperative society's wealth as a potential threat","the risk of hiring dishonest staff","the illegal activities of staff members","B","Chief Mrs. Solape Bayo used this metaphor to caution that the school cooperative's accumulated ₦95 million and loans were like a 'snake in the roof' — dangerous wealth that could cause harm if mismanaged.","A: No exotic pets feature in this chapter. C: Dishonest hiring is not the subject of this chapter. D: While cars were hidden, the metaphor refers specifically to the cooperative's financial wealth."
"17","Use of English","The Lekki Headmaster (Novel)","In Chapter 6, the grammar controversy was about the sentence _____.","'He and she comes to school everyday'","'The staff of the school are hardworking'","'Ade as well as Jide comes early'","'Neither the boys nor the girl were present'","C","Mr. Guta, a parent, was furious about the sentence 'Ade as well as Jide comes early' written in his son's notebook by Mr. Fafore. Bepo defended the correctness of the singular verb 'comes' when 'as well as' is used.","A: This sentence does not appear in the novel. B: This is a different grammar rule (collective noun agreement). D: This involves 'neither...nor' concord, which is a different topic."
"18","Use of English","The Lekki Headmaster (Novel)","Bepo's CORRECT grammatical explanation in Chapter 6 was that with the connective 'as well as', the verb _____.","must be plural to agree with two subjects","agrees with the first subject in the sentence","can be either singular or plural","takes a plural form when subjects are joined","B","Bepo explained that when 'as well as', 'together with', or 'alongside' is used, the verb agrees with the main subject (the first noun), not the additional noun. So 'Ade as well as Jide comes' is grammatically correct because 'Ade' is the main subject.","A: Plural agreement applies to 'and', not 'as well as'. C: It is not a matter of choice; there is a definite rule. D: 'As well as' does not trigger plural agreement."
"19","Use of English","The Lekki Headmaster (Novel)","Which character in the novel is described as the school's 'comic relief' with 'biting humour'?","Mr. Fafore","Mr. Oyelana","Mr. Audu","Mr. Guta","C","Mr. Audu, the Fine Arts teacher, is repeatedly identified as the comic relief character. He jokes about going to Afghanistan if he got a visa and saves the MD's embarrassment after the grammar controversy.","A: Mr. Fafore is the English teacher known for his long commute and grammar knowledge. B: Mr. Oyelana appears as a colleague but is not described as the comic relief. D: Mr. Guta is the angry parent in Chapter 6, not a comic character."
"20","Use of English","The Lekki Headmaster (Novel)","In The Lekki Headmaster, the 'Point of No Return' referenced in Chapter 11 alludes primarily to _____.","the farewell ceremony at Stardom Schools","a historical slave-trade site in Badagry","the airport departure lounge","the highway to Ibadan","B","The 'Point of No Return' is a famous historical slave-trade site in Badagry, Lagos State, from which enslaved Africans were shipped abroad. The novel uses it as a metaphor comparing voluntary modern migration ('Japa') to historical forced migration.","A: The farewell was elaborate but is not called 'Point of No Return'. C: The airport departure lounge features in Chapter 12 but is not the 'Point of No Return'. D: The Ibadan highway features in Chapter 10 (passport renewal journey)."
"21","Use of English","The Lekki Headmaster (Novel)","The farewell gift Bepo received from the Managing Director of Stardom Schools was _____.","a gold medal and a certificate","a brand new car","a cheque of $10,000","a two-bedroom apartment","C","In Chapter 11, the MD Mrs. Ibidun Gloss presented Bepo with a $10,000 cheque — described as the highest Stardom had ever given a departing staff member.","A: A medal and certificate are not mentioned as his farewell gift. B: A car is not the farewell gift mentioned. D: No apartment gift is mentioned in the novel."
"22","Use of English","The Lekki Headmaster (Novel)","The climax of The Lekki Headmaster occurs when _____.","Bepo breaks down at the morning assembly in Chapter 1","Bepo boards the plane to London","Bepo returns to Stardom Schools after choosing not to stay in London","The MD threatens to sack Mr. Fafore","C","The novel's climax and resolution come together when Bepo unexpectedly returns to Stardom Schools after boarding the plane — appearing at the gate and declaring 'I am back! I am here!' This reversal is the novel's dramatic peak.","A: The breakdown in Chapter 1 is the inciting incident, not the climax. B: Boarding the plane is the false climax — the real climax is the return. D: The Fafore episode is a subplot, not the main climax."
"23","Use of English","The Lekki Headmaster (Novel)","Bepo's wife Seri is described in the novel as a _____.","school teacher in London","banker in the United Kingdom","nurse working in the United Kingdom","doctor working in Manchester","C","Seri Adewale is consistently described as a nurse earning well in the United Kingdom. She pressures Bepo to relocate to join her and their children Nike and Kike.","A: Seri is a nurse, not a teacher. B: Seri is a nurse, not a banker. D: Sola Kareem worked in Manchester; Seri is described as a nurse in the UK (London area)."
"24","Use of English","The Lekki Headmaster (Novel)","The Lekki Headmaster is authored by _____.","Khadija Abubakar Jalli","Chinua Achebe","Kabir Alabi Garba","Chimamanda Adichie","C","The Lekki Headmaster was written by Kabir Alabi Garba, who holds a Ph.D. in Mass Communication from the University of Lagos. It was published by Basmallah Communications Limited.","A: Khadija Abubakar Jalli wrote The Life Changer, the previous JAMB novel. B: Chinua Achebe is a different author entirely (e.g., Things Fall Apart). D: Chimamanda Adichie is a celebrated Nigerian author but not the author of this novel."
"25","Use of English","The Lekki Headmaster (Novel)","In Chapter 7 ('Ritualists'), Bepo resigned from Beesway Group of Schools because _____.","he was offered a better job","he witnessed the director burying a live cow at night and was assaulted when he confronted him","the school was closed by the government","he had a disagreement over salary","B","At 2:30am, Bepo saw the director Mr. Egi Meko and accomplices burying a live cow on the premises. When Bepo challenged them, he was physically assaulted and threatened. He left Beesway voluntarily thereafter.","A: No better job offer is mentioned as the cause of resignation. C: No government closure is mentioned. D: A salary disagreement is not the cause of his departure from Beesway."
"26","Use of English","The Lekki Headmaster (Novel)","The major THEME of The Lekki Headmaster is _____.","the importance of building schools in Nigeria","corruption and ritual practices in Nigerian education","the tension between migration and patriotism, and dedication to education","the conflicts between teachers and parents in private schools","C","The novel's primary theme is Bepo's internal conflict between migrating to the UK (the 'Japa' pull) and staying to serve his students and country. His ultimate return affirms patriotism and educational commitment.","A: School building is a background detail, not the main theme. B: Corruption and ritualism appear in Chapter 7 as a subplot, not the central theme. D: Teacher-parent conflict appears as a subplot (Chapter 4, 6, 8) but is not the main theme."
"27","Use of English","The Lekki Headmaster (Novel)","In Chapter 9 ('Laughing Waterfalls'), Bepo describes which waterfall as the highest in West Africa?","Gurara Falls","Ikogosi Warm Springs","Erin Ijesha (Olumirin) Waterfalls","Owu Waterfalls","D","Bepo specifically mentions Owu Waterfalls as standing at 120 metres, making it the highest waterfall in West Africa. This is a factual detail embedded in the novel that JAMB is likely to test.","A: Gurara Falls is mentioned as a visited site, not the highest in West Africa. B: Ikogosi is a warm spring, not a waterfall. C: Erin Ijesha (Olumirin) Waterfalls is mentioned but is not identified as the highest."
"28","Use of English","The Lekki Headmaster (Novel)","Mr. Fafore, the English teacher at Stardom, commuted daily from _____.","Lekki, Lagos","Ifo, Ogun State","Ibadan, Oyo State","Badagry, Lagos State","B","The novel explicitly states that Fafore commuted from Ifo, Ogun State, waking at 4am daily to reach school by 6am, where he would nap before colleagues arrived.","A: Fafore does not live in Lekki. C: The Ibadan journey is for Bepo's passport renewal, not Fafore's commute. D: Badagry features in the farewell cultural dance, not Fafore's residence."
"29","Use of English","The Lekki Headmaster (Novel)","The 'Breath Project' at Stardom Schools was a _____.","science experiment on air quality","phone-making initiative using recycled materials","government health awareness programme","drama performance about the environment","B","In Chapter 8, the Invention Club's 'Breath Project' was an initiative to make phones from recycled materials. It had attracted media and government interest, and Bepo was concerned it would be abandoned after his departure.","A: An air quality experiment is not described. C: No government health programme by this name appears in the novel. D: A drama performance is not described in relation to the Breath Project."
"30","Use of English","The Lekki Headmaster (Novel)","At the end of The Lekki Headmaster, Bepo's decision to return can be interpreted as the author's message that _____.","migration always leads to failure","true fulfilment comes from serving one's own community","teachers earn too little in Nigeria","the UK is not a good place for Nigerians","B","Bepo's return, his joyous declaration 'My heart is here!', and the students' celebration all point to the theme that identity, purpose, and fulfilment are rooted in serving one's community. This is the novel's moral conclusion.","A: The novel does not categorically state migration always fails; several characters thrived abroad. C: Low pay is noted but is not the concluding message. D: The novel is nuanced about the UK experience and does not condemn it outright."
"31","Use of English","Lexis & Structure - Synonyms","Choose the option that MOST NEARLY MEANS the same as the word underlined: The president gave an IMPROMPTU speech at the rally.","prepared","extemporaneous","rehearsed","scheduled","B","'Impromptu' means done without preparation or planning. 'Extemporaneous' is its closest synonym, meaning spoken or done without prior preparation.","A: 'Prepared' is the antonym of impromptu. C: 'Rehearsed' is the opposite of impromptu. D: 'Scheduled' implies advance planning, the opposite of impromptu."
"32","Use of English","Lexis & Structure - Synonyms","Choose the option that MOST NEARLY MEANS the same as the word underlined: His VERBOSE reports frustrated his supervisor.","concise","brief","wordy","legible","C","'Verbose' means using more words than necessary; it is best replaced by 'wordy'. JAMB regularly tests Latinate vocabulary like this.","A: 'Concise' is the antonym of verbose. B: 'Brief' is the antonym of verbose. D: 'Legible' relates to readability, not word quantity."
"33","Use of English","Lexis & Structure - Synonyms","Choose the option that MOST NEARLY MEANS the same as the word underlined: The committee decided to RESCIND its earlier decision.","enforce","review","uphold","revoke","D","'Rescind' means to officially cancel or revoke something previously agreed upon. 'Revoke' is the closest synonym.","A: 'Enforce' means to implement, which is the opposite of rescind. B: 'Review' means to examine again, not necessarily cancel. C: 'Uphold' means to maintain, which is also opposite to rescind."
"34","Use of English","Lexis & Structure - Antonyms","Choose the option MOST NEARLY OPPOSITE in meaning to the underlined word: The judge was known for his LENIENCY.","strictness","fairness","justice","wisdom","A","'Leniency' means the quality of being tolerant or merciful. Its antonym is 'strictness' or 'severity'.","B: Fairness is related but not the antonym; a lenient judge may still be fair. C: Justice is a broader concept unrelated as a direct antonym. D: Wisdom is unrelated to leniency as an antonym."
"35","Use of English","Lexis & Structure - Synonyms","Choose the option that MOST NEARLY MEANS the same as the word underlined: The president's speech was ELOQUENT.","incoherent","fluent and persuasive","verbose and confusing","short and abrupt","B","'Eloquent' means well-spoken, fluent, and persuasive in expression. JAMB tests positive descriptors of speech regularly.","A: 'Incoherent' is the opposite of eloquent. C: Verbose and confusing contradicts the positive meaning of eloquent. D: Short and abrupt does not match eloquent, which implies fullness of expression."
"36","Use of English","Lexis & Structure - Antonyms","Choose the option MOST NEARLY OPPOSITE in meaning to the underlined word: The athlete's performance was MEDIOCRE.","average","ordinary","exceptional","typical","C","'Mediocre' means of only average quality. Its antonym is 'exceptional' or 'outstanding'. Options A, B, and D are close in meaning to mediocre.","A: 'Average' is a synonym of mediocre, not an antonym. B: 'Ordinary' is similar to mediocre, not its antonym. D: 'Typical' is close in meaning to mediocre (ordinary), not its antonym."
"37","Use of English","Lexis & Structure - Synonyms","Choose the option that MOST NEARLY MEANS the same as the word underlined: The villagers were APPREHENSIVE about the new policy.","enthusiastic","anxious","ignorant","supportive","B","'Apprehensive' means worried or anxious about a future event. JAMB frequently tests anxiety-related vocabulary.","A: 'Enthusiastic' is the opposite of apprehensive. C: 'Ignorant' relates to knowledge, not emotion. D: 'Supportive' implies positive feelings toward the policy — the opposite."
"38","Use of English","Lexis & Structure - Antonyms","Choose the option MOST NEARLY OPPOSITE in meaning: The minister gave an AMBIGUOUS statement to the press.","vague","misleading","unambiguous","complex","C","'Ambiguous' means open to more than one interpretation. Its antonym is 'unambiguous' (clear and definite). JAMB sometimes uses the exact opposite form as the answer.","A: 'Vague' is actually a synonym of ambiguous. B: 'Misleading' is similar in effect to ambiguous. D: 'Complex' describes difficulty, not the same as ambiguous."
"39","Use of English","Lexis & Structure - Sentence Interpretation (Idiom)","Choose the option that MOST NEARLY MEANS the same as the underlined idiom: 'Tunde always SITS ON THE FENCE whenever there is a controversy.'","avoids taking a clear position","feels indifferent about issues","chooses the winning side","refuses to participate","A","'To sit on the fence' is an idiom meaning to avoid committing to either side of an argument or controversy. JAMB tests idioms extensively.","B: Indifference is close but less precise; fence-sitting implies deliberate avoidance of commitment. C: Choosing the winning side is the opposite — fence-sitters don't choose. D: 'Refuses to participate' is too extreme; a fence-sitter may participate without committing."
"40","Use of English","Lexis & Structure - Synonyms","Choose the option that MOST NEARLY MEANS the same as the word underlined: The CEO's decision to resign was PRECIPITATE.","calculated","delayed","hasty","deliberate","C","'Precipitate' as an adjective means done suddenly and without careful consideration — hasty or rash. This is a classic JAMB vocabulary item that traps those who confuse the adjective with the verb.","A: 'Calculated' is the opposite of precipitate. B: 'Delayed' contradicts the 'sudden' quality of precipitate. D: 'Deliberate' means intentionally careful — the antonym of precipitate."
"41","Use of English","Lexis & Structure - Antonyms","Choose the option MOST NEARLY OPPOSITE in meaning to the underlined word: The new manager was AFFABLE and easy to approach.","friendly","warm","approachable","surly","D","'Affable' means friendly and easy to talk to. Its antonym is 'surly' (bad-tempered, unfriendly) or 'aloof'. JAMB tests personality adjectives frequently.","A: 'Friendly' is a synonym of affable. B: 'Warm' is also a synonym. C: 'Approachable' is a synonym."
"42","Use of English","Lexis & Structure - Antonyms","Choose the option MOST NEARLY OPPOSITE in meaning: The government EXONERATED the accused.","cleared","acquitted","implicated","defended","C","'Exonerate' means to officially free someone from blame or accusation. Its antonym is to 'implicate' — to involve or incriminate someone.","A: 'Cleared' is a synonym of exonerated. B: 'Acquitted' is also a synonym. D: 'Defended' is related but not the antonym; one can defend yet still implicate."
"43","Use of English","Lexis & Structure - Antonyms","Choose the option MOST NEARLY OPPOSITE in meaning to the underlined word: Her GARRULOUS nature made her the life of the party.","talkative","voluble","reticent","animated","C","'Garrulous' means excessively talkative. Its antonym is 'reticent' (reserved, not readily revealing thoughts).","A: 'Talkative' is a synonym of garrulous. B: 'Voluble' is also a synonym (speaking fluently and at length). D: 'Animated' means lively, which may describe a talkative person; not the antonym."
"44","Use of English","Lexis & Structure - Sentence Interpretation (Idiom)","Choose the option that BEST CONVEYS THE MEANING of the underlined portion: 'The politician spoke with a FORKED TONGUE at the rally.'","he spoke very fast","he spoke deceptively, saying one thing while meaning another","he used very difficult vocabulary","he spoke with a foreign accent","B","'Forked tongue' is an idiom derived from the image of a snake's divided tongue, symbolising deceit. To speak with a forked tongue is to be hypocritical or deceptive.","A: Speaking fast is not the meaning. C: Difficult vocabulary is unrelated. D: Foreign accent is unrelated to this idiom."
"45","Use of English","Lexis & Structure - Sentence Interpretation (Idiom)","Choose the option that BEST INTERPRETS the sentence: 'Emeka bit off more than he could chew.'","Emeka ate too much food at once","Emeka took on more responsibility than he could handle","Emeka made promises he could not keep","Emeka failed his examinations","B","'To bite off more than one can chew' idiomatically means to take on a task or commitment that proves too difficult to complete or manage. JAMB tests this idiom pattern regularly.","A: The literal eating interpretation is a classic JAMB distractor. C: Making promises is similar but too narrow; the idiom applies to tasks, not just promises. D: Failing exams is too specific; the idiom is about overcommitment generally."
"46","Use of English","Lexis & Structure - Sentence Interpretation (Idiom)","Choose the option that BEST CONVEYS THE MEANING: 'After the scandal, the senator decided to BURY THE HATCHET with his opponents.'","attack his opponents violently","bribe his opponents","make peace and end the conflict","investigate his opponents","C","'Bury the hatchet' means to make peace, to resolve a conflict and move on. It comes from a Native American tradition of literally burying weapons as a sign of peace.","A: 'Attack violently' is the opposite of burying the hatchet. B: Bribery has nothing to do with this idiom. D: Investigation is unrelated to this idiom."
"47","Use of English","Lexis & Structure - Sentence Interpretation (Idiom)","From the sentence: 'The governor's speech was all SOUND AND FURY, signifying nothing.' The underlined phrase means the speech was _____.","loud and meaningful","full of noise but lacking real substance","inspiring and thought-provoking","brief but impactful","B","'Sound and fury, signifying nothing' is from Shakespeare's Macbeth. As an idiom, it means much noise/anger/activity that produces no meaningful result. JAMB uses literary allusions.","A: 'Loud and meaningful' contradicts the 'signifying nothing' part. C: 'Inspiring' contradicts the emptiness implied. D: The phrase implies the speech was not brief but was loud and meaningless."
"48","Use of English","Lexis & Structure - Sentence Interpretation (Idiom)","Choose the option that BEST INTERPRETS: 'The inspector found a STORM IN A TEACUP in the school.'","a major disaster needing immediate attention","a serious flooding incident","a trivial matter treated as a major crisis","a disciplinary case involving students","C","'A storm in a teacup' means exaggerated fuss about something minor. It implies a trivial situation has been blown out of proportion.","A: 'Major disaster' contradicts the 'trivial' nature implied by 'teacup'. B: A flooding incident is literal and incorrect. D: A disciplinary case is too specific and not what the idiom means."
"49","Use of English","Lexis & Structure - Sentence Interpretation (Idiom)","In the sentence 'He DRAGGED HIS FEET over the contract signing,' the underlined phrase means he _____.","ran away from responsibility","deliberately delayed or was reluctant to act","could not walk properly","was too eager to sign","B","'To drag one's feet' means to act slowly and unwillingly, to delay doing something. JAMB tests body-part idioms extensively.","A: 'Ran away from responsibility' is too extreme. C: The physical interpretation is the classic distractor for idioms. D: 'Too eager to sign' is the opposite of dragging one's feet."
"50","Use of English","Lexis & Structure - Sentence Interpretation (Idiom)","'Ola has been BURNING THE MIDNIGHT OIL to prepare for the examination.' This means Ola _____.","wasted time before the exam","studied late into the night","bought a lamp for his studies","is afraid of the examination","B","'Burning the midnight oil' means working or studying very late at night. It dates from the era when people worked by oil lamps late at night.","A: 'Wasted time' contradicts the preparation context. C: 'Bought a lamp' is the classic literal distractor. D: Fear of the exam is not conveyed by this idiom."
"51","Use of English","Lexis & Structure - Sentence Interpretation (Idiom)","Choose the option that BEST CONVEYS THE MEANING of the underlined portion: 'The young journalist was asked to TURN OVER A NEW LEAF.'","write a new article","change his behaviour for the better","start a new chapter in his book","leave his current organisation","B","'To turn over a new leaf' means to change one's behaviour or attitude, usually for the better. It is one of JAMB's most frequently tested idioms.","A: 'Write a new article' is the literal-page distractor. C: 'A new chapter in his book' is another literal distractor. D: 'Leave his organisation' is not what this idiom conveys."
"52","Use of English","Lexis & Structure - Sentence Interpretation (Idiom)","'I told him in PLAIN ENGLISH that his services were no longer needed.' The underlined expression means the speaker _____.","wrote him a letter in English","spoke to him in a British accent","told him clearly and directly without mincing words","gave him a written warning in English","C","'In plain English' means directly and clearly, without ambiguity or diplomatic language. JAMB tests this under idiomatic usage regularly.","A: A letter is not implied by 'told him'. B: A British accent is irrelevant to this idiom. D: A written warning is not the meaning of this idiom."
"53","Use of English","Lexis & Structure - Sentence Interpretation (Idiom)","'The senator decided to CALL IT A DAY after 20 years in politics.' This idiom means the senator decided to _____.","arrange a meeting before the end of the day","stop what he was doing and retire","make an important announcement","contest one final election","B","'To call it a day' means to stop doing something, especially to retire or end an activity for good (or for the day). In this context, it means retirement from politics.","A: Arranging a meeting is unrelated. C: Making an announcement is not the meaning. D: Contesting one final election contradicts the retirement implied by 'calling it a day'."
"54","Use of English","Basic Grammar & Concord","Choose the CORRECT option: 'The committee _____ yet to submit its report.'","are","is","were","have","B","'Committee' is a collective noun. In British English (used by JAMB), collective nouns take singular verbs when acting as a single unit. 'The committee is' is correct.","A: 'Are' treats the committee as plural individuals — incorrect in this British usage context. C: 'Were' is past tense and plural — incorrect. D: 'Have' is incorrect because 'committee' here acts as a singular unit."
"55","Use of English","Basic Grammar & Concord","Choose the CORRECT option: 'Neither the students nor the teacher _____ ready for the inspection.'","were","was","are","have been","B","With 'neither...nor', the verb agrees with the subject CLOSEST to it (proximity rule). 'Teacher' is singular, so the verb is 'was'. This is a classic JAMB concord trap.","A: 'Were' would agree with a plural final subject — 'teacher' is singular. C: 'Are' is present plural — incorrect for singular 'teacher'. D: 'Have been' is plural perfect — incorrect."
"56","Use of English","Basic Grammar & Concord","Choose the CORRECT option to fill the gap: 'The news _____ very disturbing yesterday.'","were","are","was","have been","C","'News' is an uncountable/singular noun that always takes a singular verb, despite ending in -s. This is one of JAMB's most repeated traps.","A: 'Were' is plural — news is always singular. B: 'Are' is plural present — incorrect for the singular 'news'. D: 'Have been' is plural — incorrect."
"57","Use of English","Basic Grammar & Concord","Choose the CORRECT option: 'He is one of those leaders who _____ always put their followers first.'","has","is","always","have","D","In this construction, the relative clause 'who _____ always put their followers first' modifies 'those leaders' (plural), not 'one'. So the verb must be plural: 'have'.","A: 'Has' is singular — it would incorrectly modify 'one' rather than 'leaders'. B: 'Is' is singular — same error. C: 'Always' is an adverb, not a verb form that fills this gap."
"58","Use of English","Basic Grammar & Concord","Choose the CORRECT sentence:","Each of the boys have their own book.","Each of the boys has his own book.","Each of the boys has their own book.","Each of the boys have his own book.","B","'Each' is always singular; it takes a singular verb ('has') and a singular pronoun ('his'). This is a dual concord trap testing both verb AND pronoun agreement.","A: 'Have their' — both verb and pronoun are plural with singular 'each'. C: 'Has their' — verb correct but pronoun 'their' is plural, making it inconsistent. D: 'Have his' — verb is plural while pronoun is singular — inconsistent."
"59","Use of English","Basic Grammar & Concord","Choose the option that CORRECTLY fills the gap: 'The jury _____ divided on the verdict.'","was","were","is","has been","B","When a collective noun like 'jury' refers to its individual members acting independently (as here — members are divided, i.e., disagreeing), it takes a plural verb. 'Were divided' signals individual disagreement.","A: 'Was' treats the jury as a united unit — but 'divided' signals individual members disagreeing. C: 'Is' is singular present — incorrect here. D: 'Has been' is singular perfect — incorrect for members acting individually."
"60","Use of English","Basic Grammar & Concord","Choose the CORRECT option: 'Maths _____ my favourite subject in secondary school.'","are","were","was","have been","C","Subject names ending in -ics (Mathematics, Physics, Economics, etc.) are treated as singular. 'Maths was' is correct. This is a heavily repeated JAMB trap.","A: 'Are' is plural — -ics subjects are always singular. B: 'Were' is plural past — incorrect. D: 'Have been' is plural — incorrect."
"61","Use of English","Basic Grammar & Concord","Choose the CORRECT option: 'The number of students who passed _____ remarkable.'","are","were","was","have been","C","'The number' (unlike 'a number') is always singular. 'The number of students was remarkable' is correct. 'A number of students were remarkable' would use the plural.","A: 'Are' is plural — incorrect for 'the number'. B: 'Were' is plural past — incorrect. D: 'Have been' is plural — incorrect."
"62","Use of English","Basic Grammar & Concord (Subjunctive)","Identify the CORRECT sentence:","If I was you, I would apply for the scholarship.","If I were you, I would apply for the scholarship.","If I am you, I will apply for the scholarship.","If I be you, I would apply for the scholarship.","B","In contrary-to-fact conditional clauses (unreal conditions), the subjunctive 'were' is used regardless of the subject. 'If I were you' is the grammatically correct form. JAMB tests this regularly.","A: 'Was' is indicative — incorrect in this unreal/subjunctive condition. C: 'If I am' implies a real condition, which doesn't fit the unreal context. D: 'If I be' is archaic and grammatically incorrect in modern standard English."
"63","Use of English","Basic Grammar & Concord (Question Tags)","Choose the option that CORRECTLY fills the gap: 'She arrived just in time, _____ she?'","did not","didn't","isn't","wasn't","B","Question tags use the auxiliary from the main clause in the opposite polarity. 'Arrived' uses the simple past tense; the auxiliary is 'did'. Positive statement → negative tag: 'didn't she?'","A: 'Did not' is the full form — JAMB prefers the contracted form 'didn't' in such tags. C: 'Isn't' is for present tense statements with 'is'. D: 'Wasn't' is for statements using 'was'."
"64","Use of English","Basic Grammar & Concord (Semi-modals)","Choose the option that CORRECTLY fills the gap: 'You had better _____ the doctor immediately.'","to see","seeing","see","seen","C","'Had better' is a semi-modal expression that takes a bare infinitive (infinitive without 'to'). 'You had better see' is correct. JAMB tests this construction frequently.","A: 'To see' incorrectly adds 'to' after 'had better'. B: 'Seeing' (gerund/present participle) cannot follow 'had better'. D: 'Seen' is a past participle — incorrect here."
"65","Use of English","Basic Grammar & Concord (Subjunctive)","Choose the option that CORRECTLY fills the gap: 'I wish I _____ more time to study.'","have","had","will have","could have","B","'I wish' in present/future unreal context requires the past tense subjunctive. 'I wish I had more time' expresses a current unfulfilled desire.","A: 'Have' is indicative present — 'I wish I have' is grammatically incorrect. C: 'Will have' is used for future real conditions, not with 'I wish'. D: 'Could have' is used for past wishes: 'I wish I could have...' not a current wish."
"66","Use of English","Basic Grammar & Concord","Identify the sentence that is GRAMMATICALLY CORRECT:","Neither Ade nor Bisi are going to the market.","Neither Ade nor Bisi is going to the market.","Neither Ade nor Bisi were going to the market.","Neither Ade nor Bisi go to the market.","B","With 'neither...nor' where both subjects are singular, the verb is singular. 'Neither Ade nor Bisi is going' is correct.","A: 'Are' is plural — incorrect for two singular subjects with 'neither...nor'. C: 'Were' is plural past — incorrect. D: 'Go' lacks the tense marker and context requires the present progressive."
"67","Use of English","Basic Grammar & Concord (Relative Pronouns)","Choose the CORRECT sentence involving relative pronouns:","The man which gave me the money is here.","The man who gave me the money is here.","The man whom gave me the money is here.","The man whose gave me the money is here.","B","'Who' is the correct subject relative pronoun for people. 'Which' is for things, 'whom' is the object form, and 'whose' is the possessive form.","A: 'Which' is used for things/animals, not people. C: 'Whom' is the object form — incorrect as subject of 'gave'. D: 'Whose' is possessive — grammatically wrong here."
"68","Use of English","Basic Grammar & Concord","Choose the option that CORRECTLY completes the sentence: 'The wounded soldier, together with his colleagues, _____ to the hospital.'","were taken","have been taken","was taken","are taken","C","'Together with' (like 'as well as', 'along with') is a non-coordinating expression. The verb agrees with the main subject 'the wounded soldier' (singular), giving 'was taken'.","A: 'Were taken' would require a plural subject — 'soldier' is singular. B: 'Have been taken' is plural perfect — incorrect for singular subject. D: 'Are taken' is plural present — incorrect."
"69","Use of English","Basic Grammar & Concord (Reported Speech)","Choose the CORRECT sentence:","He told me that he will come the next day.","He told me that he shall come the next day.","He told me that he would come the next day.","He told me that he came the next day.","C","In reported speech after a past tense reporting verb ('told'), the future tense 'will' shifts to 'would'. 'He told me that he would come the next day' is correct.","A: 'Will' is direct speech form — incorrect in reported speech after 'told' (past tense). B: 'Shall' shifts to 'should' in reported speech — 'shall' is direct speech. D: 'Came' implies the action already happened in the past, changing the meaning."
"70","Use of English","Basic Grammar & Concord (Subjunctive)","Identify the sentence with CORRECT use of the subjunctive mood:","The committee suggested that he should resigns immediately.","The committee suggested that he resign immediately.","The committee suggested that he resigns immediately.","The committee suggested that he is to resign immediately.","B","After verbs of suggestion, recommendation, demand ('suggest', 'recommend', 'insist', 'demand'), the subjunctive mood uses the base form of the verb without inflection. 'That he resign' is the subjunctive base form.","A: 'Should resigns' incorrectly inflects the verb after 'should'. C: 'Resigns' is the indicative third person — the subjunctive does not inflect. D: 'Is to resign' is an infinitive construction, not the subjunctive."
"71","Use of English","Basic Grammar & Concord (Tense Sequencing)","Choose the option that CORRECTLY fills the gap: 'By the time the guests arrived, we _____ the food.'","prepared","have prepared","had prepared","were preparing","C","'By the time' followed by a past tense event ('arrived') requires the past perfect ('had prepared') in the other clause to show that the preparation was completed BEFORE the arrival.","A: Simple past 'prepared' doesn't show sequence clearly enough. B: 'Have prepared' is present perfect — incompatible with past tense 'arrived'. D: 'Were preparing' is past progressive — it shows an ongoing action, not completion before arrival."
"72","Use of English","Basic Grammar & Concord (Conditionals)","'Unless you study hard, you will not pass.' This sentence can BEST be rewritten as _____.","If you study hard, you will pass","If you do not study hard, you will not pass","When you study hard, you will pass","Although you study hard, you will not pass","B","'Unless' means 'if not'. 'Unless you study hard' = 'If you do not study hard'. The full sentence therefore becomes 'If you do not study hard, you will not pass'.","A: This transforms it to a positive conditional, changing the meaning. C: 'When' implies the condition will certainly happen — different from 'unless'. D: 'Although' introduces concession, not condition — different meaning."
"73","Use of English","Mechanics & Punctuation","Identify the CORRECTLY punctuated sentence:","The students who study hard pass their examinations.","The students, who study hard, pass their examinations.","The students who, study hard pass their examinations.","The students who study hard, pass their examinations.","A","Without commas, the relative clause 'who study hard' is restrictive (defining) — it specifies WHICH students pass. No commas are used for restrictive clauses. With commas (option B), it becomes non-restrictive, implying ALL students study hard.","B: Commas make it non-restrictive, changing the meaning (implying all students study hard). C: The comma placement is arbitrary and grammatically incorrect. D: A comma after 'hard' and before 'pass' incorrectly splits subject from verb."
"74","Use of English","Basic Grammar & Concord (Infinitives)","Choose the CORRECT use of the infinitive: 'I want her _____.'","to come immediately","coming immediately","come immediately","that she come immediately","A","After verbs of wanting/wishing with an object (want + object), the to-infinitive is required: 'I want her to come'. This is a standard English construction tested by JAMB.","B: 'Coming' (gerund/participle) is incorrect here. C: Bare infinitive 'come' follows certain verbs (let, make, see, hear) but not 'want'. D: A that-clause can follow 'want' but requires 'want + that + subject + should/base form' — this construction is non-standard in modern usage."
"75","Use of English","Basic Grammar & Concord (Indirect Questions)","Choose the option that has the CORRECT word order for an indirect question: 'Can you tell me where _____?'","does the principal live","the principal lives","lives the principal","is the principal living","B","Indirect (embedded) questions use statement word order (subject + verb), NOT question word order (auxiliary + subject). 'where the principal lives' is correct.","A: 'Does the principal live' is direct question order — incorrect in indirect questions. C: Inversion 'lives the principal' is also incorrect in indirect questions. D: 'Is the principal living' uses question inversion — incorrect in indirect questions."
"76","Use of English","Basic Grammar & Concord (Tense & Aspect)","Choose the CORRECT sentence:","She has been knowing him for ten years.","She knows him for ten years.","She has known him for ten years.","She knew him since ten years.","C","The present perfect 'has known' is correct for an action/state that began in the past and continues to the present, used with 'for' (duration). 'Know' is a stative verb and cannot be used in the progressive.","A: 'Been knowing' incorrectly uses progressive with the stative verb 'know'. B: 'Knows...for ten years' is incorrect — present simple without present perfect. D: 'Knew...since' mixes past simple with 'since' (which requires perfect tenses)."
"77","Use of English","Basic Grammar & Concord (Comparatives)","Choose the CORRECT comparative form: 'This is _____ of the two proposals.'","the better","the best","the more good","the more better","A","When comparing exactly TWO items, use the comparative form ('better'), not the superlative ('best'). 'The better of the two' is correct.","B: 'Best' is a superlative used for three or more items. C: 'More good' is incorrect; 'good' has an irregular comparative: 'better'. D: 'More better' is a double comparative — grammatically incorrect."
"78","Use of English","Word Classes & Functions","Choose the option that correctly identifies the GRAMMATICAL FUNCTION of the underlined word: 'SWIMMING is a very healthy exercise.'","present participle","gerund (verbal noun)","verb in progressive form","adjective","B","'Swimming' here is the subject of the sentence and functions as a noun. When -ing forms act as nouns (subject or object of a sentence), they are gerunds. JAMB tests word classes and their functions regularly.","A: A present participle functions as part of a verb phrase or adjective, not as a subject noun. C: Progressive form requires an auxiliary: 'is swimming' — no auxiliary here. D: An adjective modifies a noun; 'swimming' here is itself the subject noun."
"79","Use of English","Word Classes & Functions","From the sentence: 'The RAPIDLY FLOWING river destroyed several bridges.' The phrase 'rapidly flowing' functions as _____.","a noun phrase","an adverbial phrase","an adjectival (participial) phrase","a verbal phrase","C","'Rapidly flowing' modifies the noun 'river' — it tells us what kind of river. An -ing phrase that modifies a noun is a participial/adjectival phrase.","A: A noun phrase functions as a noun (subject/object); this phrase modifies the noun. B: An adverbial phrase modifies a verb, adjective, or another adverb. D: A verbal phrase is the predicate of a sentence — not a modifier."
"80","Use of English","Basic Grammar & Concord (Gerunds after prepositions)","Choose the option that CORRECTLY fills the gap: 'She insisted on _____ the first to arrive.'","be","being","to be","been","B","After prepositions (here, 'on'), the gerund (-ing form) is always used. 'Insisted on being' is correct.","A: Base form 'be' cannot follow a preposition. C: To-infinitive cannot follow a preposition in standard grammar. D: 'Been' is a past participle — incorrect after a preposition without an auxiliary."
"81","Use of English","Word Classes & Functions","Identify the PART OF SPEECH of the underlined word: 'He spoke BOLDLY to the principal.'","adjective","noun","adverb","verb","C","'Boldly' modifies the verb 'spoke', describing how he spoke. Words that modify verbs, adjectives, or other adverbs are adverbs. JAMB tests this under word classes.","A: An adjective modifies a noun. B: A noun names a person, place, or thing. D: 'Spoke' is already the verb; 'boldly' modifies it."
"82","Use of English","Word Classes & Functions","In the sentence 'His COMING surprised everyone,' the underlined word is a _____.","verb","present participle","gerund","adjective","C","'Coming' is preceded by the possessive pronoun 'his', functioning as a noun (subject). When an -ing form acts as a noun with a possessive modifier, it is a gerund.","A: A verb needs an auxiliary or tense marker; 'his coming' is a noun phrase. B: A present participle functions as part of a verb phrase or adjective, not as a noun. D: An adjective modifies a noun — 'coming' here IS the noun."
"83","Use of English","Word Classes & Functions","'The INJURED player was rushed to the hospital.' The underlined word functions as _____.","a gerund","a past participle used as adjective","a verb in the passive","an adverb","B","'Injured' modifies the noun 'player'. It is a past participle used adjectivally. JAMB tests adjectival participial usage regularly.","A: A gerund is an -ing form used as a noun. C: In the passive, 'injured' would need an auxiliary: 'was injured'. D: An adverb modifies a verb or adjective — 'injured' here modifies a noun."
"84","Use of English","Word Classes & Functions","Choose the option that correctly identifies the word class of HOWEVER in this sentence: 'However, the results were not what we expected.'","conjunction","adverb","preposition","adjective","B","Used at the beginning of a sentence to contrast a previous statement, 'however' functions as a conjunctive adverb. It modifies the meaning of the whole sentence and shows contrast.","A: A conjunction joins clauses within a sentence (and, but, because); 'however' here stands alone. C: Prepositions show relationships between nouns; 'however' does not. D: An adjective modifies a noun — 'however' does not."
"85","Use of English","Word Classes & Functions","In the sentence 'TO WIN is every athlete's dream,' the underlined phrase is _____.","an adjective phrase","an adverbial phrase","a noun phrase (infinitive used as subject)","a participial phrase","C","'To win' is an infinitive phrase functioning as the subject of the sentence — it is a noun phrase equivalent. JAMB tests infinitive functions.","A: An adjective phrase modifies a noun. B: An adverbial phrase modifies a verb. D: A participial phrase uses -ing or -ed; infinitives use 'to + verb'."
"86","Use of English","Word Classes & Functions","Which of the following sentences contains an APPOSITIVE phrase?","The principal, Mr. Bepo, returned from the UK.","The principal returned from the UK quickly.","The principal who returned from the UK was popular.","The principal returned, and everyone was happy.","A","An appositive renames or further identifies the noun beside it. 'Mr. Bepo' renames 'the principal' and is placed directly beside it — this is an appositive phrase.","B: No appositive is present; 'quickly' is an adverb. C: 'Who returned from the UK' is a relative clause, not an appositive. D: This is a compound sentence with 'and'; no appositive."
"87","Use of English","Word Classes & Functions (Clauses)","Choose the option that CORRECTLY identifies the clause type: 'Unless you apologise, I will report you.'","a concessive adverbial clause","a conditional adverbial clause","a temporal adverbial clause","a relative clause","B","'Unless you apologise' is a condition (negative condition — if not). Clauses introduced by 'unless', 'if', 'provided that' are conditional adverbial clauses.","A: Concessive clauses are introduced by 'although', 'even though', 'though'. C: Temporal clauses are introduced by 'when', 'before', 'after', 'while'. D: Relative clauses are introduced by 'who', 'which', 'that', 'whose'."
"88","Use of English","Tense & Aspect","Choose the option that CORRECTLY fills the gap: 'The examination _____ before he could arrive.'","had already started","has already started","already started","is already starting","A","The past perfect 'had already started' correctly shows that the start of the exam preceded his arrival (also past). Sequence of past events requires the past perfect for the earlier action.","B: Present perfect 'has already started' cannot be used with past time reference 'could arrive'. C: 'Already started' lacks the perfect aspect to show prior sequence. D: 'Is already starting' is present progressive — incorrect for a past event."
"89","Use of English","Tense & Aspect","Choose the CORRECT option to fill the gap: 'She _____ to Abuja twice this year.'","went","has gone","had gone","goes","B","'This year' signals a time period still in progress. The present perfect 'has gone' is used for actions in an unfinished time period. JAMB tests this distinction regularly.","A: Simple past 'went' is used with completed past time (e.g., 'last year'). C: Past perfect 'had gone' requires a previous past reference point. D: 'Goes' is habitual/present simple — incorrect for this context."
"90","Use of English","Tense & Aspect","'He has been working here since 2010.' This sentence expresses _____.","a completed action in the past","an action that started in the past and is still ongoing","a future planned action","a habitual action in the present","B","'Has been working' is the present perfect continuous, used to express an action that began in the past and continues up to the present, especially with 'since' or 'for'.","A: A completed past action uses the simple past or present perfect without 'since'. C: Future plans use 'will be' or 'is going to'. D: Habitual actions use the present simple."
"91","Use of English","Tense & Aspect (Conditionals)","In the sentence 'I would have called you if I had your number,' what type of conditional is expressed?","First conditional (likely future)","Second conditional (unlikely present/future)","Third conditional (impossible past)","Zero conditional (general truth)","C","'Would have called' + 'had had' constructs the third conditional, expressing an unreal/impossible past situation — something that did NOT happen and cannot now be changed.","A: First conditional: 'If I have...I will call' — for real future possibility. B: Second conditional: 'If I had...I would call' — for unreal present/future. D: Zero conditional: 'If you heat water, it boils' — scientific/general truths."
"92","Use of English","Tense & Aspect","Identify the ERROR in the sentence: 'After he had finished eating, he washed his hands.'","'had finished' should be 'finished'","'eating' should be 'to eat'","'washed' should be 'had washed'","There is no error in the sentence.","D","The sentence is perfectly correct. 'Had finished' is past perfect for the action completed first; 'washed' is simple past for the action that followed. The sequence of tenses is accurate.","A: Both simple past and past perfect can be used here; 'had finished' is correctly used for the earlier action. B: 'Eating' correctly follows the preposition 'after'; the gerund is required. C: 'Washed' is correctly in simple past as the subsequent action."
"93","Use of English","Mechanics & Spelling","Choose the option with the CORRECT SPELLING:","accomodation","accommodation","accomadation","accomedation","B","'Accommodation' is correctly spelled with double 'c' and double 'm'. This is one of JAMB's most tested spelling words.","A: 'Accomodation' — missing one 'm'. C: 'Accomadation' — misspelled vowel in the third syllable. D: 'Accomedation' — incorrect vowel."
"94","Use of English","Mechanics & Spelling","Choose the CORRECTLY spelled option:","recieve","recive","receive","recieve (duplicate distractor)","C","'Receive' follows the spelling rule: 'i before e, except after c.' After 'c', the order is 'ei', giving 'receive'. This is a classic JAMB spelling trap.","A: 'Recieve' — incorrect order, putting 'i' before 'e' after 'c'. B: 'Recive' — missing the second 'e'. D: Same error as A — incorrect (the original paper repeats this distractor as option D)."
"95","Use of English","Mechanics & Punctuation","Identify the sentence with CORRECT punctuation:","Its a pity that the boy failed his examination.","It's a pity that the boy failed his examination.","Its' a pity that the boy failed his examination.","Its a pity, that the boy failed his examination.","B","'It's' (with apostrophe) is the contraction of 'it is'. 'Its' (without apostrophe) is the possessive pronoun. 'It's a pity' = 'It is a pity' — the apostrophe is required for contraction.","A: 'Its' (no apostrophe) = possessive — 'Its a pity' would mean the pity belongs to 'it'. C: 'Its'' — no such form exists in standard English. D: 'Its' is still the possessive form; the comma is also incorrectly placed."
"96","Use of English","Mechanics & Spelling","Choose the option with the CORRECT SPELLING:","mischevious","mischeivous","mischievous","mischeivious","C","'Mischievous' is the correct spelling — three syllables: mis-chie-vous. A common error is adding an extra syllable to make 'mischievious' or misspelling the 'ie'.","A: 'Mischevious' — missing the 'i' in 'iev'. B: 'Mischeivous' — incorrect vowel order. D: 'Mischeivious' — adds an extra syllable and misspells the vowels."
"97","Use of English","Mechanics & Punctuation","Choose the correctly punctuated sentence:","Chidi's father, who is a lawyer is very strict.","Chidi's father who is a lawyer, is very strict.","Chidi's father, who is a lawyer, is very strict.","Chidi's father who is a lawyer is very strict.","C","'Who is a lawyer' is a non-restrictive (non-defining) relative clause — it adds extra information and must be set off by two commas. The information is parenthetical.","A: Only one comma — non-restrictive clauses require commas on BOTH sides. B: The comma is on the wrong side of the clause. D: No commas — but the clause gives supplementary information requiring commas."
"98","Use of English","Mechanics & Punctuation (Apostrophes)","Choose the sentence with CORRECT USE OF APOSTROPHE:","The children's playground was renovated.","The childrens' playground was renovated.","The childrens playground was renovated.","The children's' playground was renovated.","A","'Children' is an irregular plural not ending in -s. For possessives of irregulars, add 's. So 'children's' is correct. For regular plurals ending in -s (e.g., students), only add an apostrophe after the -s: students'.","B: 'Childrens'' — 'childrens' is not a word; children is already plural. C: No apostrophe — missing possessive marker. D: 'Children's'' — double apostrophe is incorrect."
"99","Use of English","Mechanics & Spelling","Choose the option with CORRECT SPELLING:","priviledge","privelege","privilege","privilage","C","'Privilege' — the correct form. No 'd' before the 'ge', and the vowels are: pri-vi-lege. Commonly misspelled as 'priviledge' or 'privelege'.","A: 'Priviledge' — incorrect addition of 'd'. B: 'Privelege' — incorrect vowels. D: 'Privilage' — incorrect vowel in the final syllable."
"100","Use of English","Mechanics & Punctuation (Semicolons)","Which sentence demonstrates the CORRECT use of a semicolon?","He studied hard for the exam; and passed it.","He studied hard for the exam; he passed it easily.","He studied hard; for the exam.","He studied; hard for the exam.","B","A semicolon joins two independent clauses that are closely related in thought, WITHOUT using a conjunction. 'He studied hard for the exam; he passed it easily' has two independent clauses correctly joined by a semicolon.","A: A semicolon before 'and' is incorrect — don't use semicolons with coordinating conjunctions. C: 'For the exam' is not an independent clause — it cannot follow a semicolon alone. D: The semicolon splits 'studied' from its adverb — grammatically incorrect."
"101","Use of English","Figurative & Idiomatic Usage","Identify the FIGURE OF SPEECH used: 'The wind sang a mournful song through the trees.'","simile","metonymy","personification","hyperbole","C","Attributing human actions ('sang a mournful song') to a non-human thing (the wind) is personification. JAMB tests all major figures of speech.","A: Simile uses 'like' or 'as' to make comparisons. B: Metonymy substitutes one noun for a related concept (e.g., 'the crown' for the king). D: Hyperbole is deliberate exaggeration for effect."
"102","Use of English","Figurative & Idiomatic Usage","'His plan is a double-edged sword.' This expression is an example of _____.","hyperbole","metaphor","simile","irony","B","A metaphor makes a direct comparison without using 'like' or 'as'. 'His plan IS a double-edged sword' directly equates the plan to a double-edged sword.","A: Hyperbole exaggerates — 'his plan is the best in history' would be hyperbole. C: Simile uses 'like' or 'as': 'his plan is like a double-edged sword'. D: Irony says the opposite of what is meant for effect."
"103","Use of English","Figurative & Idiomatic Usage","'He is as brave as a lion.' This is an example of _____.","metaphor","hyperbole","simile","alliteration","C","A simile makes a comparison using 'as...as' or 'like'. 'As brave as a lion' uses 'as...as' — this is a simile.","A: A metaphor would say 'He is a lion'. B: Hyperbole would be 'He is the bravest person who ever lived'. D: Alliteration is the repetition of initial consonant sounds."
"104","Use of English","Figurative & Idiomatic Usage","Identify the CORRECT meaning of the idiom 'to let sleeping dogs lie'.","to abandon a difficult project","to avoid reviving an old problem","to accept defeat gracefully","to ignore a threat","B","'Let sleeping dogs lie' means to avoid raising issues that are settled or dormant, since doing so may cause trouble. It advises against stirring up old controversies.","A: Abandoning a project is not this idiom's meaning. C: Accepting defeat is a different concept. D: Ignoring a threat is partially related but too general."
"105","Use of English","Figurative & Idiomatic Usage","'The announcement was music to his ears.' This sentence illustrates _____.","personification","a simile","an idiom","alliteration","C","'Music to his ears' is a fixed idiomatic expression meaning very pleasant or welcome news. It is not a simile (no 'like/as') and not personification.","A: Personification attributes human qualities to non-humans. B: A simile requires 'like' or 'as': 'it was like music to his ears'. D: Alliteration repeats consonant sounds."
"106","Use of English","Figurative & Idiomatic Usage","'The pen is mightier than the sword.' This expression is an example of _____.","simile","hyperbole","metaphor","personification","C","The pen (writing) is directly compared to the sword (military force) without 'like' or 'as'. This is metaphor. It is also a metonymy, but among the options, metaphor is the most fitting choice.","A: A simile would use 'like' or 'as'. B: Hyperbole exaggerates; this is a direct comparative statement. D: Personification gives human qualities to non-humans."
"107","Use of English","Figurative & Idiomatic Usage","'I have told you a thousand times not to come here.' The figure of speech used is _____.","personification","irony","hyperbole","simile","C","'A thousand times' is an exaggeration used for emphasis. Deliberate exaggeration for effect is hyperbole — one of JAMB's most tested figures of speech.","A: Personification gives human traits to non-humans. B: Irony says the opposite of what is meant. D: Simile uses 'like' or 'as'."
"108","Use of English","Figurative & Idiomatic Usage","'His words were like daggers to her heart.' The figure of speech is _____.","metaphor","simile","hyperbole","alliteration","B","'Like daggers' uses the word 'like' to make the comparison, making this a simile.","A: A metaphor would say 'His words were daggers to her heart'. C: Hyperbole exaggerates without necessarily using comparison words. D: Alliteration repeats initial consonant sounds."
"109","Use of English","Figurative & Idiomatic Usage","'Peter Piper picked a peck of pickled peppers.' This sentence illustrates _____.","assonance","alliteration","onomatopoeia","rhyme","B","The repeated /p/ sound at the beginning of multiple words is alliteration. It is used for rhythmic or emphatic effect.","A: Assonance is the repetition of vowel sounds within words. C: Onomatopoeia uses words whose sounds mimic what they describe (buzz, crack). D: Rhyme involves matching end sounds, not initial sounds."
"110","Use of English","Figurative & Idiomatic Usage","'He kicked the bucket yesterday.' This sentence is an example of _____.","a figurative expression for sleeping","a literal statement about a bucket","an idiom meaning he died","a metaphor for illness","C","'Kick the bucket' is an idiom universally understood to mean 'to die'. JAMB tests whether students can distinguish literal from idiomatic meaning.","A: 'Kicked the bucket' does not refer to sleeping. B: The literal interpretation is the JAMB distractor — but in context this is idiom. D: It is not a metaphor for illness."
"111","Use of English","Figurative & Idiomatic Usage","'The crowd roared its approval.' The word 'roared' is an example of _____.","personification","hyperbole","onomatopoeia","simile","C","'Roared' imitates the actual sound of a loud roar — the word's sound mirrors the action it describes. This is onomatopoeia.","A: Personification attributes human qualities to non-humans — a crowd can roar. B: Hyperbole exaggerates; 'roared' is a realistic description. D: Simile uses 'like' or 'as'."
"112","Use of English","Figurative & Idiomatic Usage","In the sentence 'He gave his life for the country,' the phrase 'gave his life' means _____.","donated blood to the nation","died for the country","worked tirelessly for the country","served in the military","B","'To give one's life' is an idiom/figurative expression meaning to die in service of a cause. JAMB tests the ability to identify figurative versus literal usage.","A: Donating blood is literal and unrelated to the idiom. C: Working tirelessly is possible but 'gave his life' specifically implies death. D: Military service alone does not capture the finality of 'gave his life'."
"113","Use of English","Figurative & Idiomatic Usage","Choose the option that contains an OXYMORON:","His speech was long and boring.","The deafening silence filled the room.","She ran as fast as the wind.","The trees danced in the breeze.","B","An oxymoron pairs two seemingly contradictory words. 'Deafening silence' — deafening means extremely loud; silence is the absence of sound. The contradiction creates a powerful image.","A: 'Long and boring' are consistent adjectives, not contradictory. C: 'Ran as fast as the wind' is a simile. D: 'Trees danced' is personification."
"114","Use of English","Figurative & Idiomatic Usage","'The United Nations has sent troops to the war-torn region.' The word 'United Nations' here represents an example of _____.","metaphor","euphemism","metonymy","synecdoche","C","Metonymy substitutes a word/phrase with a closely related concept. 'United Nations' stands for the organisation's leadership/decision-making body, not literally all nations united. In this context it is metonymy — using the institution's name to stand for its actions.","A: Metaphor makes an implicit comparison; this is a substitution of name. B: Euphemism softens harsh realities with gentle language. D: Synecdoche uses part for whole (e.g., 'hired hands' for workers)."
"115","Use of English","Figurative & Idiomatic Usage","Identify the EUPHEMISM in the following: 'The company has decided to let him go.'","He has been rewarded for good performance.","He has been promoted to a higher position.","He has been dismissed from employment.","He has voluntarily resigned from work.","C","'Let him go' is a euphemism — a polite or indirect expression used in place of one that may seem too harsh or blunt. 'Let go' is a softer way of saying 'dismiss/fire'. JAMB tests euphemisms under figurative usage.","A: Rewarding for performance is not what 'let him go' means. B: Promotion contradicts 'let him go'. D: 'Let go' implies a company decision, not voluntary resignation."
"116","Use of English","Oral Forms - Vowels","Which of the following words contains the vowel sound /I/ (short 'i') as in 'sit'?","seat","feet","him","heat","C","'Him' contains the short vowel /I/ — the lax, short 'i' sound. 'Seat', 'feet', and 'heat' all contain the long vowel /i:/.","A: 'Seat' has the long /i:/ sound. B: 'Feet' has the long /i:/ sound. D: 'Heat' has the long /i:/ sound."
"117","Use of English","Oral Forms - Vowels","Which of the following words contains a DIPHTHONG?","sit","bed","boy","cup","C","A diphthong is a vowel sound made by gliding from one vowel to another within the same syllable. 'Boy' contains the diphthong /oI/ — a glide from /o/ to /I/.","A: 'Sit' contains a monophthong /I/. B: 'Bed' contains a monophthong /e/. D: 'Cup' contains a monophthong /ʌ/."
"118","Use of English","Oral Forms - Vowels","Which of the following words contains the same vowel sound as the underlined letters in 'BLOOD'?","food","mood","flood","stood","C","'Blood' is pronounced /blʌd/ — the 'oo' gives the /ʌ/ sound. 'Flood' is also pronounced /flʌd/. This is a classic JAMB rhyming/vowel trap.","A: 'Food' is /fu:d/ — long /u:/ sound. B: 'Mood' is /mu:d/ — long /u:/ sound. D: 'Stood' is /stʊd/ — short /ʊ/ sound."
"119","Use of English","Oral Forms - Vowels","Which of the following words has a different vowel sound from the others?","pear","bear","fear","wear","C","'Pear', 'bear', and 'wear' all contain the diphthong /eə/ (as in 'air'). 'Fear' contains the diphthong /Iə/ (as in 'ear'). JAMB regularly tests identifying the odd-one-out vowel sound.","A: 'Pear' /peə/ — /eə/ diphthong. B: 'Bear' /beə/ — /eə/ diphthong. D: 'Wear' /weə/ — /eə/ diphthong."
"120","Use of English","Oral Forms - Vowels","The underlined vowel in 'BIRD' is correctly represented as _____.","/I/","/3:/","/ae/","/ʌ/","B","'Bird' /b3:d/ contains the long central vowel /3:/ — the same sound as in 'heard', 'word', 'turn'. This is a monophthong tested in JAMB oral forms.","A: /I/ is the short 'i' in 'sit' — not the same. C: /ae/ is the vowel in 'cat', 'man' — not 'bird'. D: /ʌ/ is the vowel in 'cup', 'blood' — not 'bird'."
"121","Use of English","Oral Forms - Vowels","Which of the following words contains a TRIPHTHONG?","play","fire","see","him","B","A triphthong is a vowel sequence consisting of three vowel sounds gliding within a single syllable. 'Fire' /faIə/ contains the triphthong /aIə/ — from /a/ to /I/ to /ə/.","A: 'Play' contains the diphthong /eI/. C: 'See' contains the long monophthong /i:/. D: 'Him' contains the monophthong /I/."
"122","Use of English","Oral Forms - Vowels","Which vowel sound appears in both 'CUT' and 'LOVE'?","/ɒ/","/ʊ/","/ʌ/","/u:/","C","Both 'cut' /kʌt/ and 'love' /lʌv/ contain the short central vowel /ʌ/ despite different spellings. This is a JAMB favourite — testing vowel sound recognition across different spellings.","A: /ɒ/ is the vowel in 'hot', 'top'. B: /ʊ/ is the short 'oo' in 'put', 'good'. D: /u:/ is the long 'oo' in 'food', 'moon'."
"123","Use of English","Oral Forms - Consonants","Which of the following pairs are MINIMAL PAIRS for consonant distinction?","ship / chip","hit / bit","cat / bat","think / thin","A","Minimal pairs differ by exactly one sound. 'Ship' /SIp/ and 'chip' /tSIp/ differ only in the initial consonant (/S/ vs /tS/) — making them a minimal pair testing consonant distinction.","B: 'Hit' and 'bit' differ in the initial consonant /h/ vs /b/ — also minimal pairs, but option A tests a more specific and JAMB-tested distinction. C: 'Cat' and 'bat' differ in initial consonant — also minimal pairs. D: 'Think' /TInk/ and 'thin' /TIn/ differ in the final consonant cluster, not a single consonant distinction."
"124","Use of English","Oral Forms - Consonants","The letters 'TH' in the word 'THINK' represent the consonant sound _____.","/ð/","/t/","/θ/","/s/","C","'Think' /θInk/ uses the voiceless dental fricative /θ/ — as in 'think', 'thank', 'thin'. The voiced version /ð/ appears in 'this', 'that', 'though'. JAMB tests this distinction heavily.","A: /ð/ is the VOICED dental fricative in 'this', 'that', 'the'. B: /t/ is the alveolar plosive — not the same as the TH sound. D: /s/ is the alveolar fricative — different from the TH sounds."
"125","Use of English","Oral Forms - Consonants","Which of the following words ends with a VOICED consonant?","back","cap","leave","race","C","Voiced consonants vibrate the vocal cords. 'Leave' /li:v/ ends with /v/, which is voiced. 'Back' ends with /k/ (voiceless), 'cap' ends with /p/ (voiceless), 'race' ends with /s/ (voiceless).","A: 'Back' ends with /k/ — voiceless velar plosive. B: 'Cap' ends with /p/ — voiceless bilabial plosive. D: 'Race' ends with /s/ — voiceless alveolar fricative."
"126","Use of English","Oral Forms - Consonants","Which consonant sound do the words 'SHIP', 'SHOP', and 'SHARE' have in common at their beginning?","/s/","/tʃ/","/ʃ/","/z/","C","'Ship' /SIp/, 'shop' /Sɒp/, and 'share' /Seə/ all begin with the voiceless palato-alveolar fricative /S/ (the 'sh' sound).","A: /s/ is the sound in 'sit', 'see' — different from 'sh'. B: /tʃ/ is the sound in 'chip', 'church' — 'ch' sound. D: /z/ is the voiced version of /s/ — unrelated to these words."
"127","Use of English","Oral Forms - Consonants","Which of the following words contains the consonant cluster /str/?","strong","train","spring","throne","A","'Strong' /strɒŋ/ contains the consonant cluster /str/ at its beginning. JAMB tests consonant clusters (two or more consonants together) under the Oral Forms section.","B: 'Train' begins with /tr/ — two consonants, not /str/. C: 'Spring' begins with /spr/ — not /str/. D: 'Throne' begins with /θr/ — not /str/."
"128","Use of English","Oral Forms - Rhymes & Homophones","Which of the following words RHYMES with 'THROUGH'?","rough","though","cough","threw","D","'Through' /θru:/ and 'threw' /θru:/ are homophones — they sound exactly alike. Both rhyme with /u:/. JAMB tests homophones and rhyming words extensively under Oral Forms.","A: 'Rough' /rʌf/ rhymes with 'stuff' — /ʌf/ ending. B: 'Though' /ðəʊ/ rhymes with 'go' — /əʊ/ ending. C: 'Cough' /kɒf/ rhymes with 'off' — /ɒf/ ending."
"129","Use of English","Oral Forms - Rhymes & Homophones","Which pair of words are HOMOPHONES?","write / right","write / wrote","right / righteous","write / written","A","Homophones are words that sound the same but are spelled differently with different meanings. 'Write' /raIt/ and 'right' /raIt/ are perfect homophones.","B: 'Write' /raIt/ and 'wrote' /rəʊt/ — different sounds, not homophones. C: 'Right' /raIt/ and 'righteous' /'raItʃəs/ — different sounds. D: 'Write' /raIt/ and 'written' /'rItən/ — different sounds."
"130","Use of English","Oral Forms - Rhymes & Homophones","Which of the following words RHYMES with 'WEIGHT'?","height","white","late","wet","C","'Weight' /weIt/ contains the diphthong /eI/ + final /t/. 'Late' /leIt/ also has the /eIt/ sound — they rhyme. JAMB tests rhyme by sound, not by spelling.","A: 'Height' /haIt/ — /aIt/ ending — rhymes with 'white', not 'weight'. B: 'White' /waIt/ — /aIt/ ending. D: 'Wet' /wet/ — /et/ ending — does not rhyme with 'weight'."
"131","Use of English","Oral Forms - Word Stress","Where does the stress fall in the word 'phoTOgraphy'?","First syllable: PHO-to-graph-y","Second syllable: pho-TO-graph-y","Third syllable: pho-to-GRAPH-y","Fourth syllable: pho-to-graph-Y","B","'Photography' /fə'tɒgrəfi/ has the primary stress on the SECOND syllable: pho-TO-graph-y. Note that 'PHOtograph' (noun) has stress on the first syllable — JAMB tests this shift in related words.","A: PHOtograph (noun/verb) stresses the first syllable, not photography. C: The third syllable is unstressed in photography. D: The fourth syllable is never stressed."
"132","Use of English","Oral Forms - Word Stress","Which of the following words has the stress on the FIRST syllable?","comPUter","exAM","PROtest (noun)","rePORT","C","'PROtest' as a noun has stress on the first syllable: /'prəʊtest/. However, 'proTEST' as a verb stresses the second syllable. This noun/verb stress shift is a classic JAMB topic.","A: 'Computer' has stress on the second syllable: comPUter. B: 'Exam' has stress on the second syllable: exAM. D: 'Report' has stress on the second syllable: rePORT."
"133","Use of English","Oral Forms - Word Stress","The word 'reCORD' (as a VERB) has stress on the _____.","first syllable","second syllable","both syllables equally","neither syllable","B","'Record' follows the noun-verb stress shift: REcord (noun) vs. reCORD (verb). As a verb, stress falls on the second syllable. JAMB has tested this exact word multiple times.","A: REcord with first-syllable stress is the NOUN form. C: English words rarely have equal stress on two syllables. D: Every English word has at least one stressed syllable."
"134","Use of English","Oral Forms - Word Stress","Which of the following is CORRECTLY stressed? (capital letters = stress)","eCONomy","ecoNOmy","ECOnomy","econoMY","B","'Economy' /I'kɒnəmi/ has the primary stress on the second syllable: e-CON-o-my. This is one of JAMB's most repeated stress pattern questions.","A: eCONomy — incorrect placement. C: ECOnomy — incorrect; 'economic' /,i:kə'nɒmIk/ stresses the third syllable. D: econoMY — last syllable stress is incorrect."
"135","Use of English","Oral Forms - Word Stress","Which of the following correctly shows the stress for 'deMOcracy'?","DEMocracy","deMOcracy","demoCRacy","democraCY","B","'Democracy' /dI'mɒkrəsi/ has the primary stress on the SECOND syllable: de-MO-cra-cy.","A: 'DEMocracy' — incorrect first syllable stress. C: 'demoCRacy' — third syllable — incorrect. D: 'democraCY' — last syllable — incorrect."
"136","Use of English","Oral Forms - Word Stress","The word 'cataSTROPhe' is INCORRECTLY stressed in option _____.","ca-TAS-tro-phe","ca-tas-TRO-phe","CA-tas-tro-phe","The word is correctly shown in A","C","'Catastrophe' /kə'tæstrəfi/ has stress on the SECOND syllable: ca-TAS-tro-phe. Option A shows this correctly. Option C incorrectly places stress on the first syllable.","A: ca-TAS-tro-phe is CORRECT — second syllable stress (so this is not the incorrect option). B: ca-tas-TRO-phe incorrectly stresses the third syllable. D: Option D is misleading — the correct form IS option A."
"137","Use of English","Oral Forms - Word Stress","Which of the following correctly contrasts stress in a NOUN-VERB pair? (N = Noun, V = Verb)","CONtent (N) / conTENT (V)","proTEST (N) / PROtest (V)","reCORD (N) / REcord (V)","comPOUND (N) / COMpound (V)","A","In English, many two-syllable nouns have first-syllable stress, while their verb forms have second-syllable stress. 'CONtent' (noun: what is contained) / 'conTENT' (verb: to satisfy) follows this pattern correctly.","B: Incorrect — PROtest is the NOUN; proTEST is the VERB — option B has them reversed. C: Incorrect — REcord is the NOUN; reCORD is the VERB — C has them reversed. D: Incorrect — COMpound is the NOUN; comPOUND is the VERB — D has them reversed."
"138","Use of English","Oral Forms - Emphatic Stress","Read this exchange: 'Who broke the window? — CHIDI broke the window.' The emphatic stress falls on 'Chidi' because the speaker wants to emphasise _____.","the act of breaking","the identity of the person who broke it","the nature of the window","when the window was broken","B","In emphatic stress, the stressed word answers the implicit question. Stressing CHIDI identifies WHO broke it — emphasising the identity of the doer. JAMB tests emphatic stress by asking which word is stressed and why.","A: Stressing the verb 'BROKE' would emphasise the act. C: Stressing WINDOW would emphasise what was broken. D: No time word is stressed here."
"139","Use of English","Oral Forms - Emphatic Stress","'She bought a RED dress, not a blue one.' The word stressed (RED) tells us the emphasis is on _____.","the type of clothing","who bought it","the colour of the dress","whether it was bought or given","C","Emphatic stress on RED contrasts with 'not a blue one' — the stress highlights the COLOUR as the key distinguishing factor. JAMB tests emphatic stress by showing contrasting information.","A: The type of clothing (dress) is not what is being contrasted. B: 'She' is the buyer — not the point of emphasis here. D: Whether it was bought or given is not the contrast shown."
"140","Use of English","Oral Forms - Emphatic Stress","'I said she SHOULD leave, not that she MUST leave.' What does the emphatic stress on 'SHOULD' and 'MUST' emphasise?","The time of departure","The contrast between obligation and suggestion","Who should leave","Whether she left or not","B","'Should' (suggestion/recommendation) and 'must' (strong obligation/necessity) are the two modal verbs in contrast. The emphatic stress highlights the MODAL verbs to distinguish between degrees of obligation.","A: Time of departure is not being contrasted. C: 'She' is already established as the subject. D: Actual departure is not the point of contrast."
"141","Use of English","Oral Forms - Emphatic Stress","'I told JOHN, not PETER, to submit the report.' The emphatic stress pattern indicates that the most important information is _____.","the content of the report","the time the report was to be submitted","the identity of who received the instruction","whether the report was submitted","C","Stressing JOHN and PETER (not PETER) focuses attention on the identity of the person — who was or was not given the instruction. This is a name-identity emphatic stress pattern.","A: Report content is not the contrast. B: Time of submission is not stated. D: Submission is not the contrast."
"142","Use of English","Oral Forms - Emphatic Stress","In the sentence 'She SANG the anthem, she didn't just recite it,' the emphatic stress on 'SANG' shows that the important distinction is _____.","who sang the anthem","what song was performed","the manner or nature of what she did","when she performed the anthem","C","Stressing the VERB 'SANG' (as opposed to 'recited') highlights the manner/action — what she DID. Emphatic stress on verbs in JAMB typically draws attention to the nature of the action.","A: 'She' (who) is not the contrast — it is already established. B: The anthem is already identified — not the contrast. D: Time is not being contrasted."
"143","Use of English","Oral Forms - Emphatic Stress","'He drives CAREFULLY.' If the emphasis is placed on 'CAREFULLY', the speaker wishes to highlight _____.","whether he drives","who drives carefully","how he drives","where he drives","C","Stressing the adverb 'CAREFULLY' draws attention to HOW the action is performed. In emphatic stress, stressed adverbs emphasise manner.","A: Whether he drives would stress 'DRIVES' (the verb). B: Who would stress 'HE'. D: Where would stress a place word."
"144","Use of English","Oral Forms - Emphatic Stress","Choose the correct answer: 'MY house is the one painted blue.' The word 'MY' is stressed to emphasise _____.","the location of the house","the colour of the house","the ownership/possession of the house","the size of the house","C","Stressing the possessive pronoun 'MY' emphasises OWNERSHIP — it is my house, not someone else's. Emphatic stress on possessives highlights who owns or relates to the noun.","A: Location is not emphasised by the possessive. B: Colour is shown by 'blue' — not 'my'. D: Size is not mentioned."
"145","Use of English","Oral Forms - Emphatic Stress","'I arrived YESTERDAY, not today.' The emphatic stress on 'YESTERDAY' shows emphasis on _____.","the reason for arriving","the time of arrival","the manner of travelling","the fact of arrival","B","Stressing a time adverb (YESTERDAY) and contrasting with another time word (not today) emphasises WHEN the action happened. Time words + contrast = temporal emphatic stress in JAMB.","A: Reason for arriving is not contrasted. C: Manner of travel is not contrasted. D: The fact of arrival is given; the contrast is timing."
"146","Use of English","Oral Forms - Mixed","Which of the following words has a SILENT letter?","table","knife","bank","open","B","'Knife' /naIf/ has a silent 'k'. The word is pronounced /naIf/ — the initial /k/ is not sounded. Silent letters are tested in JAMB under consonant/pronunciation skills.","A: 'Table' has no silent letters — all letters are sounded. C: 'Bank' has no silent letters. D: 'Open' has no silent letters."
"147","Use of English","Oral Forms - Mixed","Which of the following words is pronounced differently from the others (based on the letter 'c')?","cat","cup","ceiling","cut","C","In 'ceiling', the letter 'c' is followed by 'e' and is pronounced /s/ (soft c). In 'cat', 'cup', and 'cut', the 'c' is followed by 'a', 'u', and 'u' respectively and is pronounced /k/ (hard c).","A: 'Cat' — 'c' = /k/ (hard). B: 'Cup' — 'c' = /k/ (hard). D: 'Cut' — 'c' = /k/ (hard)."
"148","Use of English","Oral Forms - Mixed","Which word has the same initial consonant sound as the letter 'G' in 'GENTLE'?","gate","goat","giraffe","game","C","'Gentle' begins with the soft /dʒ/ sound (like 'j'). 'Giraffe' also begins with /dʒ/. 'Gate', 'goat', and 'game' all begin with the hard /g/ sound.","A: 'Gate' — hard /g/. B: 'Goat' — hard /g/. D: 'Game' — hard /g/."
"149","Use of English","Oral Forms - Mixed","In which of the following words is the letter 'gh' pronounced as /f/?","ghost","light","rough","though","C","In 'rough' /rʌf/, 'gh' is pronounced as /f/. In 'ghost', 'gh' = /g/. In 'light' and 'though', 'gh' is silent. JAMB tests 'gh' pronunciation patterns regularly.","A: 'Ghost' — gh = /g/. B: 'Light' — gh is silent. D: 'Though' — gh is silent."
"150","Use of English","Oral Forms - Mixed","Which of the following groups contains words that ALL have the same vowel sound?","bet, bat, but","sea, see, key","go, do, no","fat, fate, fall","B","'Sea' /si:/, 'see' /si:/, and 'key' /ki:/ all share the long /i:/ vowel despite different spellings. This tests ability to recognise the same vowel across different orthographic patterns.","A: 'Bet' /e/, 'bat' /ae/, 'but' /ʌ/ — three different vowel sounds. C: 'Go' /əʊ/, 'do' /u:/, 'no' /əʊ/ — 'do' has a different vowel. D: 'Fat' /ae/, 'fate' /eI/, 'fall' /ɔ:/ — three different vowel sounds."
"151","Use of English","Oral Forms - Word Stress","Which of the following words has stress on the THIRD syllable?","HAppy","enJOY","underSTAND","NEVer","C","'Understand' /,ʌndə'stænd/ has stress on the third syllable: un-der-STAND. JAMB tests polysyllabic word stress regularly.","A: 'Happy' has two syllables; stress on first: HAppy. B: 'Enjoy' has two syllables; stress on second: enJOY. D: 'Never' has two syllables; stress on first: NEVer."
"152","Use of English","Oral Forms - Word Stress (Loanwords)","The word 'bouquet' is borrowed from French. How is it CORRECTLY pronounced?","/'bʊkIt/","/bəʊ'keI/","/'bɒkweI/","/bu:'keI/","B","'Bouquet' is pronounced /bəʊ'keI/ in British English — with stress on the second syllable and silent '-et'. JAMB sometimes tests borrowed/loanword pronunciation.","A: /'bʊkIt/ — this is the pronunciation of 'bucket' — incorrect. C: /'bɒkweI/ — incorrect vowel and stress. D: /bu:'keI/ — the first syllable vowel is wrong."
"153","Use of English","Oral Forms - Emphatic Stress","'She RUNS every morning.' If this sentence is turned into an emphatic statement: 'She DOES run every morning,' what is the function of 'DOES'?","it changes the sentence to a question","it acts as an auxiliary for emphasis","it indicates habit only","it marks the sentence as past tense","B","In emphatic affirmative statements, 'do/does/did' is added to the verb for emphasis. 'She DOES run' strongly affirms the truth of the statement. This is tested under stress and emphasis.","A: Questions require inversion: 'Does she run?' — the structure here is declarative. C: Habit is part of the meaning but does not explain the addition of 'does' here. D: 'Does' is present tense — 'did' would indicate past."
"154","Use of English","Oral Forms - Rhymes & Homophones","Which of the following words is a HOMOPHONE of 'BEAR'?","beer","bare","bar","bore","B","'Bear' /beə/ and 'bare' /beə/ are homophones — they have the same pronunciation but different spellings and meanings.","A: 'Beer' /bIə/ — different vowel sound /Iə/. C: 'Bar' /bɑ:/ — different vowel sound. D: 'Bore' /bɔ:/ — different vowel sound."
"155","Use of English","Oral Forms - Consonants","Which group of words ALL begin with the same consonant SOUND (not spelling)?","phone, fire, father","phone, fan, photo","chair, cheese, church","know, knife, knight","C","'Chair' /tSeə/, 'cheese' /tSi:z/, and 'church' /tS3:tS/ all begin with the affricate /tS/. This is presented as the clearest JAMB-style answer for a tested cluster, though options A, B, and D also technically share initial sounds.","A: 'Phone' = /f/, 'fire' = /f/, 'father' = /f/ — actually all start with /f/, but option C is the clearest intended answer. B: 'Phone' = /f/, 'fan' = /f/, 'photo' = /f/ — all /f/ too. D: know /n/, knife /n/, knight /n/ — all start with /n/ (silent k)."
"156","Use of English","Oral Forms - Word Stress","'CONTENT' can be stressed differently. As a VERB meaning 'to satisfy', it is pronounced:","/'kɒntent/","/kən'tent/","/'kɒntInt/","/kɒn'tInt/","B","The verb 'content' (to content oneself) follows the noun-verb stress shift: noun = /'kɒntent/ (first syllable stress); verb = /kən'tent/ (second syllable stress). This is a classic JAMB test.","A: /'kɒntent/ — this is the NOUN form. C: /'kɒntInt/ — variant noun pronunciation, not the verb. D: /kɒn'tInt/ — incorrect vowel in second syllable."
"157","Use of English","Oral Forms - Consonants","Which of the following correctly identifies a NASAL consonant?","/s/ in 'sun'","/n/ in 'name'","/b/ in 'bat'","/f/ in 'fun'","B","Nasal consonants (/m/, /n/, /ŋ/) are produced with air flowing through the nasal passage. /n/ in 'name' is a nasal consonant.","A: /s/ is a fricative — air passes through a narrow channel, not the nose. C: /b/ is a plosive — air is stopped then released. D: /f/ is a fricative."
"158","Use of English","Oral Forms - Emphatic Stress","'He works HARD.' If emphatic stress is placed on 'HARD', the speaker is highlighting _____.","who works hard","what he does","the degree or quality of his effort","when he works hard","C","Stressing the adverb/adjective 'HARD' highlights the DEGREE or QUALITY of effort — how hard he works. Emphatic stress on manner/degree words draws attention to the quality of an action.","A: Stressing 'HE' would highlight who. B: Stressing 'WORKS' would highlight what he does. D: No time reference is implied."
"159","Use of English","Oral Forms - Word Stress (Syllabification)","Which of the following represents CORRECT syllabification of 'NECESSARY'?","nec-es-sa-ry (4 syllables)","ne-ces-sa-ry (4 syllables)","nec-es-sary (3 syllables)","Both A and B are correct","A","'Necessary' has four syllables: nec-es-sa-ry /'nesIsəri/. Stress falls on the first syllable: NEC-es-sa-ry. Syllabification is tested in JAMB oral forms.","B: ne-ces-sa-ry also shows 4 syllables but with a different first syllable division — A is the standard. C: 3 syllables is incorrect — 'necessary' has 4. D: While B is close, the standard syllabification is A."
"160","Use of English","Oral Forms - Word Stress (Syllabification)","In the word 'PHOTOGRAPHY', how many syllables are there?","Three","Four","Five","Six","B","'Photography' /fə'tɒgrəfi/ has FOUR syllables: pho-tog-ra-phy. Counting syllables correctly is fundamental to stress placement in JAMB oral forms.","A: Three syllables is incorrect. C: Five syllables is incorrect. D: Six syllables is incorrect."
"161","Use of English","Additional Grammar - Tense, Mood & Special Constructions","Choose the option that CORRECTLY fills the gap: 'It is high time he _____ his studies seriously.'","takes","will take","took","has taken","C","'It is high time' requires the past tense subjunctive. Despite the present time reference, the structure 'It is high time + subject + past tense verb' is the correct pattern. 'Took' is correct.","A: 'Takes' is indicative present — incorrect after 'it is high time'. B: 'Will take' is future — incorrect here. D: 'Has taken' is present perfect — incorrect in this construction."
"162","Use of English","Additional Grammar - Causative Verbs","Choose the correct option: 'He made me _____ the entire chapter twice.'","to read","reading","read","to have read","C","After causative 'make' + object, a bare infinitive is required. 'Made me read' — no 'to'. This is the same for 'let', 'have' (causative), 'see', 'watch', 'hear'.","A: 'To read' incorrectly adds 'to' after 'made + object'. B: 'Reading' (gerund/participle) is incorrect after 'made + object'. D: 'To have read' (perfect infinitive) is incorrect here."
"163","Use of English","Additional Grammar - Inversion","Choose the CORRECT sentence:","No sooner he arrived than the rain started.","No sooner did he arrive than the rain started.","No sooner he had arrived when the rain started.","No sooner had he arrived when the rain started.","B","'No sooner...than' requires inverted word order when 'no sooner' begins the sentence, and 'than' (not 'when'). Pattern: 'No sooner did + subject + verb + than + result'. This is a frequently tested JAMB construction.","A: No inversion — incorrect. C: 'When' should be 'than'; and no inversion. D: Past perfect with inversion is possible ('No sooner had he arrived than') but 'when' makes it wrong — should be 'than'."
"164","Use of English","Additional Grammar - Inversion","Choose the CORRECT sentence:","Scarcely he had sat down when the phone rang.","Scarcely had he sat down when the phone rang.","Scarcely had he sat down than the phone rang.","Scarcely he sat down when the phone rang.","B","'Scarcely' (like 'hardly', 'barely') followed by 'when' requires inversion: auxiliary + subject. 'Scarcely had he sat down when...' is the correct inverted structure.","A: No inversion — incorrect. C: 'Than' is used with 'no sooner', not 'scarcely'. D: No inversion — incorrect."
"165","Use of English","Additional Grammar - Subjunctive","'She would rather you _____ here early.' Choose the CORRECT option.","come","came","will come","to come","B","'Would rather + subject + verb' requires the past tense subjunctive: 'would rather you came'. This is the correct pattern for expressing preference about another person's action.","A: 'Come' (present) is used in 'would rather + bare infinitive' without a new subject: 'I would rather come'. C: 'Will come' is future indicative — incorrect in this subjunctive construction. D: 'To come' — infinitive cannot follow 'would rather + subject'."
"166","Use of English","Additional Grammar - Reported Speech","Identify the CORRECT option: 'He asked _____ I had seen the principal.'","that","if","what","which","B","In reported yes/no questions, 'if' or 'whether' is used. 'He asked if I had seen the principal' correctly reports a yes/no question. JAMB tests reported questions regularly.","A: 'That' introduces reported statements, not questions. C: 'What' introduces reported WH-questions, not yes/no questions. D: 'Which' introduces reported choice questions."
"167","Use of English","Additional Grammar - Used to / Be used to","Choose the CORRECT sentence:","He is used to work late at night.","He used to work late at night.","He is used to working late at night.","Both B and C are correct.","D","Both are correct but mean different things: 'used to work' = a past habit (no longer done); 'is used to working' = accustomed to doing it (present habit/familiarity). JAMB tests this distinction.","A: 'Is used to work' — incorrect; after 'used to' (accustomed), the gerund is needed: 'is used to working'. B: 'Used to work' = past habit — grammatically correct on its own. C: 'Is used to working' = accustomed to — grammatically correct on its own."
"168","Use of English","Additional Grammar - Phrasal Verbs","'The government has _____ a new policy on education.' Choose the correct option.","gave out","brought up","rolled out","taken out","C","'Rolled out' is the correct phrasal verb meaning to implement or launch something officially. 'Brought up' means to raise an issue; 'gave out' means to distribute; 'taken out' is unrelated.","A: 'Gave out' means to distribute/run out — not appropriate for launching a policy. B: 'Brought up' means to raise/introduce a topic — not the same as launching a policy. D: 'Taken out' means to remove or extract — not appropriate here."
"169","Use of English","Additional Grammar - Gerunds vs Infinitives","The sentence 'The suspect denied _____ the money.' is correctly completed by:","to steal","stealing","steal","stolen","B","'Deny' is followed by a gerund (-ing form), not an infinitive. 'Denied stealing' is the correct pattern. Other verbs followed by gerunds: admit, avoid, enjoy, consider, suggest.","A: 'To steal' — to-infinitive after 'deny' is grammatically incorrect. C: Bare infinitive 'steal' cannot follow 'denied'. D: 'Stolen' is a past participle — cannot follow 'denied' directly."
"170","Use of English","Additional Grammar - Prepositions","Choose the CORRECTLY structured sentence:","Despite of the rain, we played football.","In spite the rain, we played football.","Despite the rain, we played football.","In spite the rain of, we played football.","C","'Despite' is a preposition NOT followed by 'of'. 'Despite the rain' is correct. 'In spite of the rain' is also correct, but 'in spite the rain' (without 'of') is wrong.","A: 'Despite of' — 'of' never follows 'despite'. B: 'In spite the rain' — 'of' is missing: should be 'in spite OF'. D: Completely incorrect word order."
"171","Use of English","Additional Grammar - Concord","Choose the CORRECT sentence:","The bread and butter are on the table.","The bread and butter is on the table.","The bread and butter were on the table.","The bread and butter have been on the table.","B","'Bread and butter' refers to a single entity — bread spread with butter, treated as one dish. Compound subjects that form a conceptual unit take singular verbs. 'Is' is correct.","A: 'Are' treats bread and butter as two separate items. C: 'Were' is plural past — incorrect. D: 'Have been' is plural — incorrect."
"172","Use of English","Additional Grammar - Prepositions","Choose the CORRECT use of prepositions: 'He has been working here _____ Monday.'","for","since","from","at","B","'Since' is used with a specific point in time (Monday, 2010, last week). 'For' is used with a duration (for three days, for years). 'Monday' is a specific point in time → 'since Monday'.","A: 'For' requires a duration: 'for three days' — not a specific day. C: 'From' can indicate start but needs 'to': 'from Monday to...'. D: 'At' is not used with days in this context."
"173","Use of English","Additional Grammar - Concord","'The teacher, together with the students, _____ in the hall.' Choose the CORRECT option.","are","were","is","have been","C","'Together with' is a non-coordinating phrase and does not make the verb plural. The main subject is 'the teacher' (singular), so 'is' is correct.","A: 'Are' is plural — incorrect; the main subject 'teacher' is singular. B: 'Were' is plural past — incorrect. D: 'Have been' is plural — incorrect."
"174","Use of English","Additional Grammar - Tense","Choose the option that CORRECTLY fills the gap: 'He lives far from school; consequently, he _____ late most days.'","will arrive","arrives","arrived","had arrived","B","'Consequently' connects a general cause to a general effect. The present simple tense 'arrives' is appropriate for a habitual/regular situation being described.","A: 'Will arrive' is future — too specific for a habitual pattern. C: 'Arrived' is simple past — incorrect for a present habitual pattern. D: Past perfect 'had arrived' is for events before another past event."
"175","Use of English","Additional Grammar - Word Usage (Affect/Effect)","Choose the option in which the word AFFECT is used CORRECTLY:","The rain will affect the crops.","The rain had a severe affect on the crops.","The rain's affect was damaging.","The crops faced the rain's affect.","A","'Affect' (with 'a') is a VERB meaning to have an impact on. 'Effect' (with 'e') is typically a NOUN. 'The rain will affect (verb) the crops' is correct.","B: 'A severe affect' incorrectly uses 'affect' (verb) as a noun; 'effect' is needed. C: 'The rain's affect' — 'affect' is not a noun here; 'effect' is. D: Same error — 'affect' as a noun is incorrect; should be 'effect'."
"176","Use of English","Additional Grammar - Concord (Uncountable Nouns)","Choose the CORRECT sentence:","Plenty of time were wasted during the meeting.","Plenty of time was wasted during the meeting.","Plenty of times was wasted during the meeting.","Plenty of time have been wasted during the meeting.","B","'Plenty of' + uncountable noun takes a singular verb. 'Time' is uncountable here → 'was wasted'. 'Plenty of students' (countable plural) would take a plural verb.","A: 'Were' is plural — incorrect for uncountable 'time'. C: 'Times' changes the meaning (instances) and the structure is still incorrect. D: 'Have been' is plural — incorrect."
"177","Use of English","Additional Grammar - Pronoun Agreement","Choose the option that shows CORRECT noun-pronoun agreement: 'Every student must bring _____ own pencil.'","their","our","his or her","its","C","'Every student' is singular. The grammatically correct pronoun for singular gender-neutral subjects is 'his or her'. While 'their' is widely used informally (singular 'they'), JAMB still tests 'his or her' as the formal correct form.","A: 'Their' is plural — formally incorrect with singular 'every student' in JAMB context. B: 'Our' is first-person plural — wrong person and number. D: 'Its' refers to things, not persons."
"178","Use of English","Additional Grammar - Word Usage (Principal/Principle)","Choose the option that CORRECTLY uses the word in brackets: '(PRINCIPAL / PRINCIPLE) — The school _____ was present.'","principle","principl","principal","princepal","C","'Principal' (noun) = the head of a school; 'principle' (noun) = a fundamental rule or belief. 'The school principal was present' — the head of the school. This is the exact word from The Lekki Headmaster's context.","A: 'Principle' means a fundamental belief/rule — wrong word. B: 'Principl' is not a word. D: 'Princepal' is not a word."
"179","Use of English","Additional Grammar - Word Usage (Standard/Criterion)","Choose the option that CORRECTLY uses the word in brackets: 'His work is below the acceptable _____ (STANDARD / CRITERION).'","criterions","criteria","standard","criterias","C","'Standard' fits the context — a level of quality. 'Criteria' (plural of criterion) is not preceded by 'the acceptable' naturally, and 'criterions/criterias' are incorrect plural forms. 'Standard' is the fitting word here.","A: 'Criterions' is non-standard plural — should be 'criteria'. B: 'Criteria' is plural — 'his work is below the acceptable criteria' is grammatically possible but contextually awkward here; 'standard' is more natural and unambiguous. D: 'Criterias' is a double-plural error — completely incorrect."
"180","Use of English","Additional Grammar - Comparatives/Superlatives","Choose the CORRECT sentence:","He is the most cleverest student in the class.","He is the more cleverest student in the class.","He is the cleverest student in the class.","He is the cleverer student in the class.","C","'Cleverest' is the superlative of 'clever'. 'Most cleverest' and 'more cleverest' are double superlatives — a common grammatical error. When comparing among more than two, use the superlative without 'most'.","A: 'Most cleverest' is a double superlative — incorrect. B: 'More cleverest' is a double comparative-superlative — incorrect. D: 'Cleverer' is comparative (two people) — 'in the class' implies more than two, needing the superlative."
"181","Use of English","Additional Grammar - Fewer/Less","Choose the CORRECT sentence with CORRECT use of 'fewer' or 'less':","There are less students in the class today.","There are fewer students in the class today.","There are less student in the class today.","There are much fewer students in the class today.","B","'Fewer' is used with countable nouns (students = countable); 'less' is used with uncountable nouns (less water, less time). 'Fewer students' is grammatically correct.","A: 'Less students' — 'less' is incorrect with countable nouns. C: 'Less student' — both the quantifier and the plural are wrong. D: 'Much fewer' — 'much' modifies uncountable nouns; 'many fewer' would be needed, but 'fewer' alone is standard."
"182","Use of English","Additional Grammar - Prepositional Collocations","Choose the option that has the CORRECT preposition: 'He was accused _____ stealing from the office.'","for","of","with","about","B","'Accused of' is the correct fixed prepositional phrase. 'Accused of stealing' is standard. JAMB tests prepositional collocations (verb + preposition pairs) regularly.","A: 'Accused for' is incorrect — 'for' follows 'blamed' but not 'accused'. C: 'Accused with' is incorrect. D: 'Accused about' is incorrect."
"183","Use of English","Additional Grammar - Concord (Collective Nouns)","Which of the following sentences is GRAMMATICALLY CORRECT?","The army were defeated and fled.","The army was defeated and fled.","The army has been defeated and fled.","The army were defeated and have fled.","B","'Army' as a collective noun acting as a unit takes a singular verb in standard British English (JAMB convention). 'The army was defeated and fled' treats the army as a single unit in two consecutive actions.","A: 'Were' treats the army as individuals acting independently — not the standard here. C: 'Has been defeated and fled' mixes present perfect with simple past — inconsistent. D: 'Were...have fled' — plural and then present perfect — inconsistent and incorrect."
"184","Use of English","Additional Grammar - Tense (Present Perfect Continuous)","'I _____ here since Monday and I am tired.' Choose the CORRECT option.","am","was","have been","had been","C","'Since Monday' signals that the action started in the past and continues to the present. The present perfect continuous 'have been' is required to express this ongoing duration.","A: 'Am' is simple present — doesn't show the duration from Monday. B: 'Was' is simple past — the person is still here, so past alone is incorrect. D: 'Had been' is past perfect — implies the action ended before a past reference point; the speaker is still tired NOW."
"185","Use of English","Additional Grammar - Modal Verbs","Choose the CORRECT option: 'You _____ smoke in this hospital; it is strictly forbidden.'","may not","mustn't","needn't","couldn't","B","'Mustn't' expresses strong prohibition — it is forbidden. 'Needn't' expresses lack of necessity (no obligation, but not forbidden). 'May not' is also used for prohibition but is less strong than 'mustn't'. In context of 'strictly forbidden', 'mustn't' is most appropriate.","A: 'May not' can express prohibition but is weaker — 'mustn't' is more appropriate for 'strictly forbidden'. C: 'Needn't' = it is not necessary — very different from prohibition. D: 'Couldn't' = was not able to (past ability) — incorrect here."
"186","Use of English","Additional Grammar - Irregular Plurals","The plural of 'CURRICULUM' is _____.","curriculums","curriculae","curricula","curriculums'","C","'Curriculum' is a Latin-origin noun. Its correct English plural (retaining the Latin form) is 'curricula'. JAMB tests Latin/Greek plurals: curriculum-curricula, criterion-criteria, phenomenon-phenomena.","A: 'Curriculums' is an Anglicised plural — acceptable in informal use but not JAMB standard. B: 'Curriculae' is an invented form — not correct Latin or English. D: 'Curriculums'' is a non-word with a misplaced apostrophe."
"187","Use of English","Additional Grammar - Pronoun Case","Choose the sentence in which the PRONOUN is correctly used:","Between you and I, the project is failing.","Between you and me, the project is failing.","Between you and myself, the project is failing.","Between I and you, the project is failing.","B","'Between' is a preposition. After prepositions, the objective case (me, him, her, us, them) is required. 'Between you and me' is correct. 'Between you and I' is a hypercorrection — a very common error.","A: 'Between you and I' — 'I' is subjective case; prepositions require objective 'me'. C: 'Between you and myself' — 'myself' is a reflexive, used for emphasis or reflexion, not as an object of 'between'. D: 'Between I and you' — same error as A; also inverts conventional order."
"188","Use of English","Additional Grammar - Relative Pronouns","Choose the CORRECT option: 'He is the man _____ car was stolen.'","who","whom","whose","which","C","'Whose' is the possessive relative pronoun used for both persons and things. 'The man whose car was stolen' — 'whose' shows that the car belongs to the man.","A: 'Who' is the subject relative pronoun — not possessive. B: 'Whom' is the object relative pronoun — not possessive. D: 'Which' is used for things, not persons, and is not possessive here."
"189","Use of English","Additional Grammar - Indirect Questions","'Do you know where the principal _____ ?' Choose the CORRECT option.","does live","lives","is living","did live","B","In indirect questions (embedded questions), statement word order is used — subject + verb. 'Do you know where the principal lives?' — no inversion, present simple for habitual fact.","A: 'Does live' uses question word order (auxiliary + verb) — incorrect in indirect questions. C: 'Is living' implies a temporary/ongoing situation — less appropriate for a permanent residence question. D: 'Did live' implies past tense — incorrect for a current address."
"190","Use of English","Additional Grammar - Modal Perfect (Ought to)","Choose the sentence with the CORRECT use of the modal 'OUGHT TO':","You ought to reported the incident immediately.","You ought to reporting the incident.","You ought to have reported the incident immediately.","You ought reported the incident immediately.","C","'Ought to have + past participle' is used for past obligations that were not fulfilled. 'You ought to have reported it' implies you should have reported it but didn't. This is a modal perfect tested by JAMB.","A: 'Ought to reported' — missing 'have'; 'ought to' must be followed by 'have + past participle' for past reference. B: 'Ought to reporting' — gerund after 'ought to' is incorrect. D: 'Ought reported' — missing 'to have'."
"191","Use of English","Final Practice - Mini-Comprehension","[Passage for Q191-200]: The issue of examination malpractice has become a canker worm in the fabric of Nigerian education. Year after year, candidates devise more sophisticated methods to cheat in public examinations, eroding the credibility of certificates and the institutions that award them. The situation is particularly troubling because it is no longer confined to candidates alone; invigilators, teachers, and even parents have been implicated. Experts argue that the root cause is not laziness but a system that rewards certificates over competence. Until merit becomes the basis for employment and advancement, the incentive to cut corners will persist. The government must therefore overhaul not only the examination system but also the wider framework of rewards and recognition in the society. Which of the following BEST serves as the title for this passage?","The Role of Parents in Education","How to Pass Examinations in Nigeria","Examination Malpractice: A Systemic Challenge in Nigerian Education","Government Policies on Education","C","The passage deals specifically with examination malpractice in Nigerian education, its causes, and what needs to be done. Option C captures the topic (examination malpractice), its scope (systemic), and the setting (Nigerian education) most accurately.","A: Parents are mentioned briefly but are not the main subject. B: This is the opposite of the passage's tone — the passage condemns cheating. D: Government policies are mentioned at the end but are not the primary focus."
"192","Use of English","Final Practice - Mini-Comprehension","As used in the passage, 'canker worm in the fabric' is _____.","a literal description of insects","a metaphor for a deeply embedded destructive problem","a simile comparing education to cloth","a personification of the education system","B","'Canker worm in the fabric' combines two images — a canker worm destroys from within, and 'fabric of education' means the structure/system. Together they form a metaphor for a deeply embedded, destructive problem.","A: No insects are literally being described. C: There is no 'like/as' — it is not a simile. D: No human qualities are given to the education system here."
"193","Use of English","Final Practice - Mini-Comprehension","According to the passage, who APART from candidates has been implicated in malpractice?","Ministry officials and politicians","Invigilators, teachers, and parents","School principals and boards","University lecturers and professors","B","The passage explicitly states: 'it is no longer confined to candidates alone; invigilators, teachers, and even parents have been implicated.'","A: Ministry officials are not mentioned. C: School principals and boards are not mentioned. D: University lecturers are not mentioned."
"194","Use of English","Final Practice - Mini-Comprehension","The phrase 'eroding the credibility of certificates' means that malpractice _____.","increases the value of qualifications","makes certificates harder to obtain","gradually destroys public trust in qualifications","leads to more rigorous examinations","C","'Eroding' means gradually wearing away. 'Eroding credibility' means gradually destroying trust and reliability in certificates. JAMB tests vocabulary in context.","A: The opposite — erosion reduces, not increases, value. B: Difficulty of obtaining certificates is not what 'eroding credibility' means. D: More rigorous examinations are not implied by 'eroding credibility'."
"195","Use of English","Final Practice - Mini-Comprehension","According to the writer, the ROOT CAUSE of malpractice is _____.","candidate laziness","poor school infrastructure","a system that values certificates over competence","inadequate supervision during examinations","C","The passage states: 'Experts argue that the root cause is not laziness but a system that rewards certificates over competence.' The writer emphasises the systemic reward structure.","A: The passage EXPLICITLY says the root cause is NOT laziness. B: Infrastructure is not mentioned. D: Supervision is part of the symptom, not the root cause."
"196","Use of English","Final Practice - Mini-Comprehension","The tone of the writer in this passage can BEST be described as _____.","celebratory","indifferent","critical and prescriptive","humorous","C","The writer is critical of the malpractice problem and prescribes solutions (the government must overhaul the system). Identifying writer's tone is a core JAMB objective.","A: There is nothing to celebrate in the passage. B: The writer is clearly engaged and not indifferent. D: There is no humour in the passage."
"197","Use of English","Final Practice - Mini-Comprehension","The word 'IMPLICATED' in the passage is closest in meaning to _____.","praised","involved or incriminated","promoted","suspected of minor offences","B","'Implicated' means to be shown as involved in a crime or wrongdoing. The context (malpractice) confirms involvement in wrongdoing.","A: 'Praised' is the opposite. C: 'Promoted' is unrelated. D: 'Suspected of minor offences' is too narrow and softens the meaning."
"198","Use of English","Final Practice - Mini-Comprehension","Which of the following is CLOSEST in meaning to 'cut corners' as used in the passage?","to take careful steps","to use shortcuts that compromise quality or standards","to solve geometrical problems","to increase speed in an examination","B","'Cut corners' is an idiom meaning to do something in the easiest, cheapest, or quickest way, often sacrificing quality or ethics. In the context of malpractice, it means taking dishonest shortcuts.","A: 'Careful steps' is the opposite of cutting corners. C: 'Geometrical problems' is the literal distractor. D: Speeding in exams alone doesn't capture the ethical compromise implied."
"199","Use of English","Final Practice - Mini-Comprehension","The writer's RECOMMENDATION at the end of the passage is that the government should _____.","expel all students caught cheating","overhauling only the examination system","restructure both the examination system and the society's reward framework","introduce more invigilators","C","The passage ends: 'The government must therefore overhaul not only the examination system but also the wider framework of rewards and recognition in the society.' This covers both the examination AND the reward system.","A: Expulsion of students is not recommended. B: 'Not only' signals that overhauling exams ALONE is insufficient. D: More invigilators are not mentioned as a recommendation."
"200","Use of English","Final Practice - Mini-Comprehension","The grammatical function of 'Until merit becomes the basis for employment' in the passage is _____.","a noun clause functioning as the subject","a temporal adverbial clause","a relative clause modifying 'employment'","a conditional adverbial clause","B","'Until merit becomes the basis...' is an adverbial clause indicating time — it tells us WHEN the incentive to cut corners will persist. Clauses beginning with 'until', 'before', 'after', 'when' are temporal adverbial clauses.","A: A noun clause functions as subject or object of the main verb — this one modifies when. C: A relative clause modifies a noun using who/which/that — this is not one. D: Conditional clauses use 'if/unless/provided' — 'until' is temporal, not conditional."
