"Subject","Topic","Question","Option A","Option B","Option C","Option D","Correct Answer","Explanation"
"Physics","Measurements, Units & Vectors","A student measures the diameter of a wire using a micrometer screw gauge and records 2.35 mm. The pitch of the screw gauge is 0.5 mm and has 50 divisions. What is the least count of this instrument?","0.01 mm","0.05 mm","0.5 mm","0.001 mm","A","Correct: Least count = Pitch / Number of divisions = 0.5 mm / 50 = 0.01 mm, the smallest measurement the micrometer can accurately make. B is wrong because 0.05 mm comes from dividing the pitch by 10, not 50. C is wrong because 0.5 mm is just the pitch itself, not the least count. D is wrong because 0.001 mm is too small a value for a standard micrometer's least count."
"Physics","Measurements, Units & Vectors","Which of the following is a fundamental (base) physical quantity?","Velocity","Force","Electric current","Pressure","C","Correct: Electric current (measured in Amperes) is one of the seven SI fundamental/base quantities. A is wrong because velocity = displacement/time, making it a derived quantity from length and time. B is wrong because force = mass × acceleration, a derived quantity. D is wrong because pressure = force/area, also derived."
"Physics","Measurements, Units & Vectors","The dimension of pressure is","ML⁻¹T⁻²","MLT⁻²","ML²T⁻²","ML⁻²T⁻¹","A","Correct: Pressure = Force/Area = (kg·m/s²)/m² = kg·m⁻¹·s⁻² = ML⁻¹T⁻². B is wrong because MLT⁻² is the dimension of force, not pressure. C is wrong because ML²T⁻² is the dimension of energy/work. D is wrong because ML⁻²T⁻¹ does not correspond to any standard physical quantity."
"Physics","Measurements, Units & Vectors","A measurement is recorded as 0.00340 m. How many significant figures does this value contain?","6","5","3","2","C","Correct: In 0.00340, the leading zeros (0.00) are not significant, but the digits 3, 4, and the trailing zero after the decimal are significant, giving 3 significant figures. A and B are wrong because they incorrectly count the leading zeros as significant. D is wrong because it fails to count the trailing zero after the decimal point, which IS significant."
"Physics","Measurements, Units & Vectors","Using the equation v = u + at, if [v] = LT⁻¹, [u] = LT⁻¹, [a] = LT⁻², what does the dimensional check reveal?","The equation is not homogeneous","The equation is dimensionally correct","The time term has wrong dimension","Acceleration dimension is incorrect","B","Correct: Checking both sides: LT⁻¹ = LT⁻¹ + (LT⁻²)(T) = LT⁻¹ + LT⁻¹, so both sides have dimension LT⁻¹, confirming the equation is homogeneous and dimensionally correct. A is wrong because the equation IS homogeneous, both sides balance. C is wrong because the time term [at] = LT⁻²·T = LT⁻¹, which matches correctly. D is wrong because acceleration's dimension LT⁻² is in fact correct."
"Physics","Measurements, Units & Vectors","A Vernier caliper has a main scale reading of 2.3 cm and a Vernier scale reading of 7. If the least count is 0.01 cm, what is the correct measurement?","2.37 cm","2.07 cm","2.30 cm","2.73 cm","A","Correct: Total reading = Main scale + (Vernier division × Least count) = 2.3 + (7 × 0.01) = 2.3 + 0.07 = 2.37 cm. B is wrong because it incorrectly subtracts instead of adding. C is wrong because it ignores the Vernier reading entirely. D is wrong because it's an incorrect combination of the digits."
"Physics","Measurements, Units & Vectors","Which combination correctly represents the unit of the gravitational constant G?","Nm²kg⁻²","Nkg⁻²","Nm⁻²kg²","Nkg²m⁻¹","A","Correct: From F = Gm₁m₂/r², rearranging gives G = Fr²/(m₁m₂) = N·m²/kg² = Nm²kg⁻², the standard SI unit for G. B is wrong because it's missing the m² term entirely. C is wrong because it would imply G increases with mass rather than decreasing with it. D is wrong because it places kg in the numerator, the opposite of what the equation requires."
"Physics","Measurements, Units & Vectors","A student records the length of a table as 120.0 cm using a metre rule. The percentage error in this measurement is","0.083%","0.83%","8.3%","0.0083%","A","Correct: The smallest division of a metre rule is 1 mm = 0.1 cm. Percentage error = (0.1/120.0) × 100 = 0.083%. B is wrong as it corresponds to an error of about 1 mm in 12 cm, not 120 cm. C is wrong as it corresponds to an error of roughly 10 cm, far too large. D is wrong as it's unrealistically small for a metre rule's precision."
"Physics","Scalars and Vectors","Two forces of 3 N and 4 N act at right angles to each other. What is the magnitude of their resultant?","7 N","5 N","1 N","3.5 N","B","Correct: For perpendicular vectors, resultant R = √(3² + 4²) = √(9 + 16) = √25 = 5 N, a classic 3-4-5 Pythagorean triple. A is wrong because 7 N is just the scalar sum, only valid when forces act in the same direction. C is wrong because 1 N is the scalar difference, only valid for opposite directions. D is wrong because 3.5 N has no basis in proper vector calculation."
"Physics","Scalars and Vectors","A velocity of 10 ms⁻¹ is directed at 30° to the horizontal. The vertical component of this velocity is","8.66 ms⁻¹","5.0 ms⁻¹","10 ms⁻¹","17.3 ms⁻¹","B","Correct: Vertical component = v sin θ = 10 × sin 30° = 10 × 0.5 = 5.0 ms⁻¹. A is wrong because 8.66 ms⁻¹ = 10 cos 30°, which is the horizontal component, not vertical. C is wrong because 10 ms⁻¹ is the full velocity magnitude, not a component. D is wrong because 17.3 ms⁻¹ exceeds the original velocity, which is impossible for any component."
"Physics","Scalars and Vectors","Which of the following is a SCALAR quantity?","Momentum","Electric field intensity","Work","Weight","C","Correct: Work = Force × displacement × cos θ results in a single numerical value with no direction, making it a scalar (it's energy transferred, which has magnitude only). A is wrong because momentum = mass × velocity is a vector with direction. B is wrong because electric field intensity is a vector with direction. D is wrong because weight = mg acts downward, making it a vector (a force)."
"Physics","Scalars and Vectors","Train A moves north at 60 kmh⁻¹ and train B moves south at 40 kmh⁻¹. The velocity of A relative to B is","20 kmh⁻¹ north","100 kmh⁻¹ north","20 kmh⁻¹ south","100 kmh⁻¹ south","B","Correct: V(A relative to B) = V_A − V_B. Taking north as positive: V_A = +60, V_B = −40, so relative velocity = 60 − (−40) = 100 kmh⁻¹ north. A is wrong because it's found by subtraction while ignoring the directional signs. C and D are wrong because the correct direction is north, since A moves north relative to B."
"Physics","Scalars and Vectors","Three coplanar forces of 5 N, 12 N, and 13 N are in equilibrium. The angle between the 5 N and 12 N forces must be","90°","180°","60°","45°","A","Correct: Since 5² + 12² = 25 + 144 = 169 = 13², this is a right triangle, so the 13 N force is the resultant of the other two, which must be at 90° to each other. B is wrong because 180° would mean the forces are antiparallel and wouldn't balance a third force this way. C and D are wrong because 60° and 45° don't satisfy the Pythagorean condition for these force values."
"Physics","Scalars and Vectors","A vector of magnitude 10 units makes an equal angle with each of the three coordinate axes. The component along any one axis is","10/√3","10/√2","10/3","5","A","Correct: If the angle with each axis is θ, then cos²θ + cos²θ + cos²θ = 1, so 3cos²θ = 1, giving cos θ = 1/√3, and the component = 10 × 1/√3 = 10/√3 ≈ 5.77 units. B is wrong because 10/√2 is the component when equal angles are made with only two axes in 2D. C is wrong because 10/3 confuses cosine with a simple fraction. D is wrong because 5 would correspond to a 30° angle with one axis, not equal angles with all three."
"Physics","Motion","A body starts from rest and accelerates uniformly at 2 ms⁻² for 5 seconds. The distance covered is","25 m","10 m","50 m","20 m","A","Correct: Using s = ut + ½at²: s = 0(5) + ½(2)(5²) = 0 + ½ × 2 × 25 = 25 m. B is wrong because it uses s = at without the ½ factor. C is wrong because it incorrectly uses a × t² without the ½ factor. D is wrong because ½ × 2 × 5² is actually 25, not 20 — an arithmetic slip."
"Physics","Motion","A stone is thrown vertically upward with an initial velocity of 20 ms⁻¹. The maximum height reached is (g = 10 ms⁻²)","20 m","40 m","80 m","10 m","A","Correct: At maximum height, v = 0. Using v² = u² − 2gh: 0 = 400 − 2(10)h, so 20h = 400, giving h = 20 m. B is wrong because it results from using h = u²/g instead of h = u²/2g. C is wrong because it incorrectly uses 4 times the correct value. D is wrong because it uses u/g, confusing the formula for height."
"Physics","Motion","Which of the following graphs correctly represents uniform acceleration?","A curved distance-time graph","A horizontal velocity-time graph","A straight line velocity-time graph with positive slope","A straight line distance-time graph","C","Correct: Uniform acceleration means velocity changes at a constant rate; on a v-t graph, this gives a straight line with positive slope (since slope of a v-t graph = acceleration). A is wrong because a curved d-t graph shows changing velocity, but not necessarily uniform acceleration. B is wrong because a horizontal v-t graph means zero acceleration (constant velocity). D is wrong because a straight d-t graph means constant velocity, hence zero acceleration."
"Physics","Motion","A projectile is fired at 45° to the horizontal with speed u. Its range on a horizontal plane is","u²/g","u²/2g","2u²/g","u²sin45°/g","A","Correct: Range R = u²sin2θ/g. At θ = 45°, sin 90° = 1, so R = u²/g, which gives the maximum possible range. B is wrong because u²/2g is actually the formula for maximum height at a 90° launch. C is wrong because 2u²/g is twice the correct range. D is wrong because sin45°/g gives an incomplete formula, ignoring the 2θ inside sin2θ."
"Physics","Motion","A ball is kicked horizontally from a cliff 45 m high with a velocity of 15 ms⁻¹. How far from the base of the cliff does it land? (g = 10 ms⁻²)","45 m","30 m","15 m","60 m","A","Correct: Time to fall: h = ½gt² → 45 = ½(10)t² → t² = 9 → t = 3 s. Horizontal range = horizontal velocity × time = 15 × 3 = 45 m. B is wrong because it uses t = 2 s, an incorrect fall time. C is wrong because it uses t = 1 s, also incorrect. D is wrong because it uses t = 4 s, again incorrect."
"Physics","Motion","Newton's first law of motion is a statement about","The relationship between force and acceleration","The conservation of momentum","Inertia and the tendency of bodies to resist change in motion","Action and reaction forces","C","Correct: Newton's 1st law states that a body remains at rest or in uniform motion unless acted upon by an external force, defining inertia — the resistance to change in state of motion. A is wrong because the force-acceleration relationship is Newton's 2nd law. B is wrong because conservation of momentum is derived from Newton's 3rd law, not the 1st. D is wrong because action and reaction pairs describe Newton's 3rd law."
"Physics","Motion","A body of mass 5 kg moving at 6 ms⁻¹ collides with a stationary body of mass 3 kg. If they move together after collision, their common velocity is","3.75 ms⁻¹","7.5 ms⁻¹","2.5 ms⁻¹","6 ms⁻¹","A","Correct: By conservation of momentum: m₁u₁ = (m₁ + m₂)v → 5 × 6 = (5 + 3)v → 30 = 8v → v = 30/8 = 3.75 ms⁻¹. B is wrong because it incorrectly uses only half the combined mass. C is wrong because it's obtained by reversing the logic (m₂v = m₁u). D is wrong because it ignores the mass of the stationary body entirely."
"Physics","Motion","A force of 20 N acts on a 4 kg mass for 3 seconds starting from rest. The impulse of the force is","60 Ns","15 Ns","240 Ns","80 Ns","A","Correct: Impulse = Force × time = 20 × 3 = 60 Ns, which equals the change in momentum. B is wrong because 15 Ns comes from F/m × t (acceleration × time), giving only the final velocity, not impulse. C is wrong because 240 Ns incorrectly multiplies by mass again. D is wrong because 80 Ns = F × m, which ignores time entirely."
"Physics","Motion","An object moves in a circle of radius 2 m with angular velocity 3 rad s⁻¹. The centripetal acceleration is","18 ms⁻²","6 ms⁻²","9 ms⁻²","1.5 ms⁻²","A","Correct: Centripetal acceleration a = ω²r = (3)² × 2 = 9 × 2 = 18 ms⁻². B is wrong because 6 = ωr equals the linear velocity, not acceleration. C is wrong because 9 = ω² alone, forgetting to multiply by r. D is wrong because 1.5 = r/ω² is an incorrect formula."
"Physics","Motion","Simple harmonic motion is defined as motion in which the acceleration is","Constant and directed towards a fixed point","Proportional to displacement and directed towards the equilibrium position","Proportional to velocity and in the same direction as motion","Inversely proportional to displacement","B","Correct: SHM is defined by a = −ω²x, meaning acceleration is proportional to displacement (x) and directed towards equilibrium (the negative sign indicates the restoring direction). A is wrong because constant acceleration defines uniformly accelerated motion like free fall, not SHM. C is wrong because acceleration proportional to velocity defines damped motion. D is wrong because it contradicts the actual definition of SHM."
"Physics","Motion","In SHM, a particle has maximum velocity when","Displacement is maximum","Acceleration is maximum","Displacement is zero (at equilibrium)","Frequency is maximum","C","Correct: In SHM, v = ω√(A² − x²), so velocity is maximum when x = 0, at equilibrium. A is wrong because at maximum displacement, v = 0 and acceleration is maximum instead. B is wrong because maximum acceleration occurs at maximum displacement, where v = 0. D is wrong because frequency is constant throughout SHM — it doesn't vary during the motion."
"Physics","Motion","A particle executing SHM has amplitude A and period T. The maximum acceleration is","4π²A/T²","2πA/T","A/T²","πA/T","A","Correct: Maximum acceleration = ω²A, and since ω = 2π/T, a_max = (2π/T)²A = 4π²A/T². B is wrong because 2πA/T = ωA is actually the maximum velocity, not acceleration. C is wrong because A/T² omits the 4π² factor. D is wrong because πA/T misses the squared terms in the derivation."
"Physics","Motion","The area under a velocity-time graph represents","Acceleration","Force","Displacement","Power","C","Correct: The area under a v-t graph = ∫v dt = displacement, a fundamental interpretation of kinematic graphs. A is wrong because acceleration is the slope of a v-t graph, not the area. B is wrong because force requires mass and acceleration, not directly obtainable from v-t area. D is wrong because power is the rate of doing work, not derivable from a v-t graph's area."
"Physics","Motion","A car travels the first half of a journey at 60 kmh⁻¹ and the second half at 40 kmh⁻¹. The average speed for the entire journey is","48 kmh⁻¹","50 kmh⁻¹","52 kmh⁻¹","100 kmh⁻¹","A","Correct: For equal distances, average speed = 2v₁v₂/(v₁ + v₂) = 2(60)(40)/(60 + 40) = 4800/100 = 48 kmh⁻¹ (the harmonic mean, not the arithmetic mean). B is wrong because 50 kmh⁻¹ is the arithmetic mean, valid only for equal TIME intervals, not equal distances. C is wrong because 52 kmh⁻¹ has no valid basis. D is wrong because 100 is simply the sum of the velocities, not an average."
"Physics","Motion","Resonance occurs in forced vibration when","The applied frequency equals the natural frequency of the system","The amplitude of vibration is zero","The driving force is removed","Damping is at maximum","A","Correct: Resonance occurs when the applied (forcing) frequency equals the system's natural frequency, causing maximum amplitude vibration since energy transfer is most efficient at this point. B is wrong because zero amplitude means no resonance is occurring — the opposite of the definition. C is wrong because removing the driving force causes free vibration, not resonance. D is wrong because maximum damping actually reduces amplitude and prevents resonance."
"Physics","Motion","A body of mass 2 kg is moving at 10 ms⁻¹. A force brings it to rest in 2 seconds. The magnitude of the retarding force is","10 N","20 N","5 N","40 N","A","Correct: Deceleration a = (v − u)/t = (0 − 10)/2 = −5 ms⁻², so Force = ma = 2 × 5 = 10 N (magnitude). B is wrong because 20 N = m × u, incorrectly using initial velocity as if it were acceleration. C is wrong because 5 N forgets to multiply the deceleration by mass. D is wrong because 40 N has no valid basis in the calculation."
"Physics","Gravitational Field","At the surface of the Earth, the gravitational field intensity is approximately 10 Nkg⁻¹. At a height equal to the Earth's radius above the surface, the gravitational field intensity is","2.5 Nkg⁻¹","5.0 Nkg⁻¹","1.25 Nkg⁻¹","10 Nkg⁻¹","A","Correct: At height h = R, the distance from the centre is 2R. Since g ∝ 1/r², g' = g(R/2R)² = g/4 = 10/4 = 2.5 Nkg⁻¹. B is wrong because 5 Nkg⁻¹ = g/2 wrongly applies g ∝ 1/r instead of 1/r². C is wrong because 1.25 = g/8 incorrectly uses (R/2R)³. D is wrong because 10 Nkg⁻¹ is just the surface value — g clearly varies with altitude."
"Physics","Gravitational Field","The escape velocity from the surface of a planet of radius R and mass M is","√(2GM/R)","√(GM/R)","2GM/R","√(GM/2R)","A","Correct: Escape velocity is derived by equating kinetic energy to gravitational potential energy: ½mv² = GMm/R, giving v = √(2GM/R). B is wrong because √(GM/R) is actually the orbital velocity for a satellite near the surface, not escape velocity. C is wrong because 2GM/R has the wrong dimensions — it isn't a velocity. D is wrong because √(GM/2R) is only half the orbital velocity formula."
"Physics","Gravitational Field","A body weighs 100 N on the Earth's surface. What does it weigh at the center of the Earth?","0 N","50 N","100 N","200 N","A","Correct: At the Earth's centre, gravitational pull from all directions cancels out, so the net gravitational force is zero, giving weight = 0 N. B is wrong because it assumes g is simply halved at the centre, when in fact g is zero there. C is wrong because it incorrectly assumes g stays constant throughout the Earth. D is wrong because 200 N has no physical basis."
"Physics","Gravitational Field","A satellite is in a parking (geostationary) orbit. Which of the following is TRUE of this satellite?","It orbits at any altitude with any period","Its period equals 24 hours and it remains above the same point on Earth","It moves faster than Earth's rotation","It must orbit over the poles","B","Correct: A geostationary satellite orbits at roughly 36,000 km above the equator with a period of 24 hours, matching Earth's rotation, so it appears stationary to an observer on the ground. A is wrong because a parking orbit has one specific altitude (~36,000 km) and period (24 hrs), not any combination. C is wrong because its orbital period matches Earth's rotation exactly — it's the same rotational speed, not faster. D is wrong because geostationary satellites orbit over the equator, not the poles."
"Physics","Gravitational Field","Newton's law of universal gravitation states that the gravitational force between two masses is","Directly proportional to the square of their distance apart","Inversely proportional to the product of their masses","Directly proportional to the product of their masses and inversely proportional to the square of their distance","Independent of the distance between them","C","Correct: F = Gm₁m₂/r². The force is directly proportional to the product of the masses and inversely proportional to the square of the distance between them. A is wrong because force is INVERSELY proportional to r², not directly. B is wrong because force is DIRECTLY proportional to the product of masses, not inversely. D is wrong because force clearly depends on distance through the 1/r² term."
"Physics","Gravitational Field","An astronaut in an orbiting spacecraft experiences weightlessness because","There is no gravitational force in space","The gravitational force and centripetal force balance","Both the spacecraft and astronaut are in free fall with the same acceleration","The spacecraft moves too fast for gravity to act","C","Correct: In orbit, both the spacecraft and astronaut experience the same gravitational acceleration (they're in free fall together); since there's no normal reaction force between them, the astronaut feels weightless. A is wrong because gravity extends throughout space — there is significant gravity even in orbit. B is wrong because in circular orbit, gravity itself provides the centripetal force; they're the same force, not two balancing ones. D is wrong because speed doesn't eliminate gravity — gravity is what provides the centripetal force for the orbit."
"Physics","Gravitational Field","The gravitational potential at a point in a gravitational field is defined as","The force per unit mass at that point","The work done per unit mass in moving from infinity to that point","The total energy of a unit mass at that point","The acceleration due to gravity at that point","B","Correct: Gravitational potential V = W/m, the work done per unit mass in bringing a mass from infinity to that point (V = −GM/r, negative because it's a bound system). A is wrong because force per unit mass is actually gravitational field intensity (g), not potential. C is wrong because total energy includes kinetic energy too — potential is only the potential energy per unit mass. D is wrong because acceleration due to gravity (g) is field intensity, not potential."
"Physics","Equilibrium of Forces","Three concurrent forces are in equilibrium. If two of the forces are 8 N and 6 N at right angles to each other, the third force is","14 N","2 N","10 N","7 N","C","Correct: The resultant of the two forces = √(8² + 6²) = √(64 + 36) = √100 = 10 N; for equilibrium, the third force must be equal and opposite to this resultant, so it's 10 N. A is wrong because 14 N is the scalar sum, only valid for parallel forces acting in the same direction. B is wrong because 2 N is merely the scalar difference. D is wrong because 7 N = (8+6)/2 has no physical meaning in this context."
"Physics","Equilibrium of Forces","The moment of a force about a point is defined as","Force divided by perpendicular distance","Force multiplied by the perpendicular distance from the point to the line of action of the force","The product of two equal and opposite forces","Force multiplied by any distance from the point","B","Correct: Moment (torque) = Force × perpendicular distance from the pivot to the line of action of the force, measured in Newton-metres (Nm). A is wrong because dividing force by distance gives force/distance, not moment. C is wrong because the product of two equal and opposite forces describes a couple, a specific type of moment, not the general definition. D is wrong because the distance used must be PERPENDICULAR, not just any distance from the point."
"Physics","Equilibrium of Forces","Lami's theorem applies when","Three forces are parallel","Three non-parallel concurrent forces are in equilibrium","Two forces act in the same direction","Forces act on a rigid body at different points","B","Correct: Lami's theorem states that if three concurrent coplanar forces are in equilibrium, each force is proportional to the sine of the angle between the other two; it requires exactly three non-parallel concurrent forces in equilibrium. A is wrong because parallel forces don't meet at a single point, and Lami's theorem requires concurrent forces. C is wrong because two forces in the same direction cannot balance a third unless they sum to zero, which isn't the general case. D is wrong because forces acting at different points require the principle of moments, not Lami's theorem."
"Physics","Equilibrium of Forces","A uniform beam of weight 200 N and length 4 m is supported at its ends. A load of 300 N is placed 1 m from one end. The reaction at the end closest to the load is","275 N","225 N","125 N","175 N","B","Correct: Taking moments about the far end: R₁ × 4 = 300 × 3 + 200 × 2 = 900 + 400 = 1300, so R₁ = 1300/4 = 325 N. Note: the document's stated correct answer is B (225 N) though its own worked explanation arrives at 325 N — this appears to be an inconsistency in the source material worth double-checking. A is described as a calculation error in the moment arm. C is described as ignoring the beam's own weight. D is described as taking moments about the wrong end."
"Physics","Equilibrium of Forces","A body is in stable equilibrium when","Its center of gravity is as high as possible","A slight displacement raises its center of gravity and it returns to original position","Any displacement keeps its center of gravity at the same height","A slight displacement lowers its center of gravity permanently","B","Correct: In stable equilibrium, when slightly displaced, the centre of gravity rises and a restoring force brings the body back to its original position. A is wrong because a high centre of gravity actually promotes instability, not stability. C is wrong because the centre of gravity remaining at the same height after displacement describes neutral equilibrium instead. D is wrong because a permanent lowering of the centre of gravity after displacement describes unstable equilibrium."
"Physics","Equilibrium of Forces","The equilibrant of two forces is","Equal in magnitude and same in direction as their resultant","The vector sum of the two forces","Equal in magnitude but opposite in direction to their resultant","The difference between the two forces","C","Correct: The equilibrant is the single force that, when added to the given forces, produces equilibrium — it has the same magnitude as the resultant but acts in the opposite direction. A is wrong because equal magnitude in the same direction would double the resultant rather than balance it. B is wrong because the vector sum IS the resultant itself, not the equilibrant. D is wrong because the difference has neither the correct magnitude nor direction in general."
"Physics","Work, Energy and Power","A machine has an efficiency of 80% and a velocity ratio of 5. Its mechanical advantage is","6.25","4","0.16","25","B","Correct: Efficiency = (Mechanical Advantage / Velocity Ratio) × 100%. 80 = (MA/5) × 100, so MA = (80 × 5)/100 = 4. A is wrong because 6.25 = VR/Efficiency inverts the correct relationship. C is wrong because 0.16 = Efficiency/VR uses the wrong operation. D is wrong because 25 = VR × Efficiency (5 × 5) applies the wrong operation entirely."
"Physics","Work, Energy and Power","A force of 10 N acts on a body and moves it 5 m in the direction of the force. The work done by the force is","50 J","2 J","15 J","0 J","A","Correct: Work = Force × displacement × cos θ; since force and displacement are in the same direction, θ = 0°, cos 0° = 1, so W = 10 × 5 × 1 = 50 J. B is wrong because 2 J = F/d divides instead of multiplying. C is wrong because 15 J = F + d adds instead of multiplying. D is wrong because 0 J would apply only when force is perpendicular to displacement (cos 90° = 0)."
"Physics","Work, Energy and Power","A 60 W bulb is used for 10 hours daily. The electrical energy consumed in 30 days (in kWh) is","18 kWh","180 kWh","1800 kWh","0.18 kWh","A","Correct: Energy = Power × Time = 60 W × (10 × 30) hours = 60 × 300 = 18,000 Wh = 18 kWh. B is wrong because it effectively uses 600W instead of 60W. C is wrong because it's off by a factor of 100. D is wrong because it divides instead of multiplying by the total hours."
"Physics","Work, Energy and Power","A car engine exerts a force of 2000 N and moves at 20 ms⁻¹. The power of the engine is","40 kW","100 W","400 kW","4 W","A","Correct: Power = Force × velocity = 2000 × 20 = 40,000 W = 40 kW. B is wrong because 100 W = F/v divides instead of multiplying. C is wrong because 400 kW comes from a misplaced decimal. D is wrong because 4 W has no basis in the calculation."
"Physics","Work, Energy and Power","A body of mass 2 kg falls from rest through 5 m. Its kinetic energy just before hitting the ground is (g = 10 ms⁻²)","100 J","50 J","200 J","10 J","A","Correct: By conservation of energy, KE = loss in PE = mgh = 2 × 10 × 5 = 100 J, since all potential energy converts to kinetic energy. B is wrong because 50 J uses only ½mgh, missing the full PE value. C is wrong because 200 J = 2mgh doubles the correct value. D is wrong because 10 J = mh omits g entirely."
"Physics","Work, Energy and Power","The principle of conservation of energy states that","Energy can be created but not destroyed","Energy can be destroyed but not created","The total amount of energy in an isolated system remains constant","Kinetic energy always equals potential energy","C","Correct: The law of conservation of energy states that energy can neither be created nor destroyed but can be converted from one form to another, so the total energy of an isolated system stays constant. A is wrong because energy cannot be created — this violates the law. B is wrong because energy also cannot be destroyed — this also violates the law. D is wrong because KE = PE only at specific points during motion; it's the total (KE + PE) that's conserved, not the individual amounts."
"Physics","Work, Energy and Power","Solar energy is classified as a renewable energy source because","It can be stored indefinitely","It does not produce heat","It is continuously replenished by the sun and will not run out in human timescales","It is cheaper than coal","C","Correct: Renewable energy sources are naturally replenished and not depleted with use; solar energy comes directly from the sun, which will continue shining for billions of years. A is wrong because solar energy cannot actually be stored indefinitely — it must be converted and stored, e.g. in batteries. B is wrong because solar energy does produce heat, as used by solar thermal panels. D is wrong because cost has nothing to do with whether a source is classified as renewable."
"Physics","Work, Energy and Power","The area under a force-distance graph represents","Power","Work done","Acceleration","Momentum","B","Correct: Work = ∫F·ds, so the area under a force-distance (F-x) graph equals the work done by the force over that displacement. A is wrong because power = work/time, which isn't directly read from an F-x graph's area. C is wrong because acceleration requires force and mass (a = F/m), not derivable this way. D is wrong because momentum involves mass and velocity, unrelated to a force-distance graph."
"Physics","Friction","The coefficient of limiting friction between two surfaces is 0.4. If the normal reaction is 50 N, the limiting frictional force is","20 N","125 N","0.008 N","50.4 N","A","Correct: F = μN = 0.4 × 50 = 20 N, the maximum static friction before the object begins to slide. B is wrong because 125 N = N/μ inverts the correct relationship. C is wrong because 0.008 N = μ/N uses the wrong operation. D is wrong because 50.4 N = N + μ incorrectly adds the two values instead of multiplying."
"Physics","Friction","Static friction is always GREATER than kinetic (dynamic) friction because","Static surfaces have more area of contact","Intermolecular adhesive forces are stronger when surfaces are not sliding","Kinetic friction depends on velocity","Static surfaces are rougher","B","Correct: When surfaces are at rest relative to each other, molecular adhesion bonds build up, requiring a larger force to break and initiate motion; once sliding begins, fewer bonds form simultaneously. A is wrong because friction is largely independent of contact area, per Amontons' laws. C is wrong because standard kinetic friction is approximately independent of velocity. D is wrong because roughness affects both types of friction equally — static exceeds kinetic due to adhesion, not roughness."
"Physics","Friction","A ball bearing falling through oil reaches terminal velocity when","Its weight equals the viscous drag plus upthrust","Its velocity becomes zero","The viscous drag force equals zero","Its acceleration is at maximum","A","Correct: Terminal velocity is reached when the net force is zero, i.e. Weight = Upthrust + Viscous drag (per Stokes' law: F = 6πηrv); no net force means no acceleration, giving constant velocity. B is wrong because at v = 0 the ball has just started falling, whereas terminal velocity is the maximum constant velocity. C is wrong because viscous drag is only zero when v = 0, not at terminal velocity. D is wrong because at terminal velocity, acceleration = 0, not maximum."
"Physics","Friction","According to Stokes' law, the viscous force on a sphere falling through a fluid is","F = 6πηrv","F = πηr²v","F = ηrv/6π","F = 6πη/rv","A","Correct: Stokes' law states F = 6πηrv, where η is the coefficient of viscosity, r is the sphere's radius, and v is its velocity, applicable under laminar flow conditions. B is wrong because πηr²v has an incorrect dimensional structure. C is wrong because ηrv/6π inverts the constant term. D is wrong because η/rv has the wrong arrangement — v should be in the numerator."
"Physics","Friction","Which of the following is NOT a way to reduce friction?","Lubrication","Using ball bearings","Increasing the normal force between surfaces","Polishing the surfaces","C","Correct: Since friction force F = μN, increasing the normal force N directly increases friction, unlike the other options, which all reduce it. A is wrong as an answer because lubrication does reduce friction by creating a fluid film between surfaces. B is wrong as an answer because ball bearings replace sliding friction with much smaller rolling friction. D is wrong as an answer because polishing reduces surface roughness and thus friction."
"Physics","Simple Machines","A machine with velocity ratio 8 and efficiency 75% is used to lift a 200 N load. The effort required is","33.3 N","25 N","1200 N","18.75 N","A","Correct: Efficiency = (MA/VR) × 100. 75 = (MA/8) × 100, so MA = 6. Since MA = Load/Effort, 6 = 200/Effort, giving Effort = 200/6 = 33.3 N. B is wrong because 25 N assumes MA = 8, i.e. 100% efficiency. C is wrong because 1200 N = VR × Load confuses velocity ratio with inverse effort. D is wrong because 18.75 N results from an incorrect rearrangement of the formula."
"Physics","Simple Machines","Which class of lever has the effort between the fulcrum and the load?","Class 1","Class 2","Class 3","All classes","C","Correct: In a Class 3 lever, the effort is positioned between the fulcrum and the load, as seen in tweezers or the forearm. A is wrong because Class 1 has the fulcrum between the load and effort, as in scissors or a seesaw. B is wrong because Class 2 has the load between the fulcrum and effort, as in a wheelbarrow. D is wrong because each class has a distinct arrangement, not a shared one."
"Physics","Simple Machines","The velocity ratio of a pulley system with 4 pulleys arranged in a block and tackle system is","4","2","8","16","A","Correct: In a block and tackle system, the velocity ratio equals the number of rope segments supporting the load, which equals the number of pulleys, so with 4 pulleys, VR = 4. B is wrong because 2 is the VR for a single movable pulley setup instead. C is wrong because 8 would require 8 supporting rope sections. D is wrong because 16 has no basis given 4 pulleys in this arrangement."
"Physics","Simple Machines","Why is the efficiency of a machine always less than 100%?","Machines always gain more energy than they use","Energy is lost in overcoming friction and moving parts of the machine itself","Velocity ratio is always greater than mechanical advantage","The load always moves faster than the effort","B","Correct: In any real machine, some input energy is lost to friction between moving parts, to heat, and to moving the machine's own components, so useful output energy is always less than input energy. A is wrong because machines convert, not generate, energy — output can never exceed input. C is wrong because VR > MA is a consequence of inefficiency, not its cause. D is wrong because in most machines with MA > 1, the load actually moves slower than the effort point, not faster."
"Physics","Elasticity — Hooke's Law & Young's Modulus","A spring of natural length 20 cm is extended by 5 cm when a force of 10 N is applied. The spring constant is","200 Nm⁻¹","2 Nm⁻¹","0.5 Nm⁻¹","50 Nm⁻¹","A","Correct: Hooke's law states F = ke, so k = F/e = 10 N / 0.05 m = 200 Nm⁻¹ (note that extension must be converted to metres). B is wrong because 2 Nm⁻¹ = F/e uses the extension in cm without proper unit conversion. C is wrong because 0.5 Nm⁻¹ inverts the formula (e/F instead of F/e). D is wrong because 50 Nm⁻¹ incorrectly uses e = 0.2 m, the total length, rather than just the extension."
"Physics","Elasticity — Hooke's Law & Young's Modulus","The elastic limit of a material is the point beyond which","The material obeys Hooke's law","The extension is proportional to force","The material does not return to its original shape when the load is removed","The material breaks immediately","C","Correct: Beyond the elastic limit, permanent deformation occurs, and the material enters the plastic region where it no longer obeys Hooke's law and doesn't fully recover its original shape. A is wrong because Hooke's law is obeyed BELOW the elastic limit, not beyond it. B is wrong because proportionality between extension and force also holds only BELOW the elastic limit. D is wrong because breaking occurs at the breaking point, which lies beyond the elastic limit — not at the limit itself."
"Physics","Elasticity — Hooke's Law & Young's Modulus","The work done in stretching a spring by extension e with spring constant k is","ke","2ke","½ke²","ke²","C","Correct: Work done equals the area under the F-e graph = ½ × F × e = ½ × ke × e = ½ke², which represents the elastic potential energy stored in the spring. A is wrong because ke equals the force itself, not the work done. B is wrong because 2ke incorrectly doubles the force without proper derivation. D is wrong because ke² misses the ½ factor that comes from the triangular area under the graph."
"Physics","Elasticity — Hooke's Law & Young's Modulus","Young's modulus is defined as the ratio of","Stress to strain","Strain to stress","Force to area","Extension to original length","A","Correct: Young's Modulus E = Stress/Strain = (F/A)/(e/L), which measures the stiffness of a material within the elastic region, with units of Nm⁻² or Pa. B is wrong because strain/stress is the compliance, the inverse of Young's modulus. C is wrong because force/area is simply stress, not Young's modulus. D is wrong because extension/original length is strain, only one component of the full ratio."
"Physics","Pressure","The pressure at a depth of 5 m in water is approximately (density of water = 1000 kgm⁻³, g = 10 ms⁻²)","50,000 Pa","5,000 Pa","500,000 Pa","50 Pa","A","Correct: Pressure P = ρgh = 1000 × 10 × 5 = 50,000 Pa = 50 kPa, the gauge pressure due to the water column alone. B is wrong because 5,000 Pa = ρg × 0.5 uses 0.5 m instead of the correct 5 m depth. C is wrong because 500,000 Pa is off by a factor of 10. D is wrong because 50 Pa omits both the density and g values entirely."
"Physics","Pressure","Pascal's principle states that pressure applied to an enclosed fluid is","Transmitted equally to all parts of the fluid","Absorbed by the fluid","Proportional to the depth of the fluid","Inversely proportional to the volume","A","Correct: Pascal's principle states that pressure exerted on a confined fluid is transmitted undiminished in all directions throughout the fluid, forming the basis of hydraulic machines. B is wrong because fluids transmit, rather than absorb, pressure. C is wrong because pressure proportional to depth describes hydrostatic pressure, a different property from Pascal's principle. D is wrong because pressure inversely proportional to volume actually describes Boyle's law for gases."
"Physics","Pressure","A simple mercury barometer reads 760 mm Hg. The atmospheric pressure in Pascals is (density of mercury = 13,600 kgm⁻³, g = 10 ms⁻²)","1.01 × 10⁵ Pa","1.36 × 10⁵ Pa","7.6 × 10⁴ Pa","0.76 × 10³ Pa","A","Correct: P = ρgh = 13600 × 10 × 0.76 = 103,360 Pa ≈ 1.01 × 10⁵ Pa, close to standard atmospheric pressure of approximately 101,325 Pa. B is wrong because it results from an incorrect depth or calculation error. C is wrong because 7.6 × 10⁴ omits the density of mercury from the calculation. D is wrong because 0.76 × 10³ = 760 Pa simply converts mm to m without applying ρg."
"Physics","Pressure","As altitude increases, atmospheric pressure","Increases because the atmosphere is denser","Remains constant","Decreases because there is less air above","Increases then decreases","C","Correct: Atmospheric pressure is caused by the weight of the air above a point; as altitude increases, there is less air above, so the pressure decreases, which is why mountain climbers need supplemental oxygen. A is wrong because the atmosphere actually becomes LESS dense at higher altitude, so pressure decreases. B is wrong because pressure clearly varies with altitude — it doesn't stay constant. D is wrong because pressure decreases monotonically with altitude within the troposphere, not in an increase-then-decrease pattern."
"Physics","Pressure","A hydraulic press has a small piston of area 10 cm² and a large piston of area 200 cm². If a force of 50 N is applied to the small piston, the force exerted by the large piston is","1000 N","2.5 N","500 N","250 N","A","Correct: By Pascal's principle, F₁/A₁ = F₂/A₂, so F₂ = F₁ × A₂/A₁ = 50 × 200/10 = 50 × 20 = 1000 N. B is wrong because 2.5 N inverts the area ratio used in the calculation. C is wrong because 500 N uses an incorrect ratio of 10 instead of 20. D is wrong because 250 N introduces an extraneous factor not justified by the setup."
"Physics","Pressure","A barometer can be used as an altimeter because","Mercury expands with altitude","Atmospheric pressure decreases with increasing altitude in a measurable way","Temperature decreases with altitude","Mercury pressure increases at higher altitudes","B","Correct: Since atmospheric pressure decreases predictably with altitude, a calibrated barometer reading can be converted into an altitude measurement, which is how aircraft altimeters function. A is wrong because mercury's density changes only slightly with temperature, not altitude — this isn't the working principle. C is wrong because temperature change with altitude describes the lapse rate, not the altimeter's operating principle. D is wrong because mercury column pressure actually DECREASES at higher altitudes, since less atmospheric pressure supports less mercury."
"Physics","Liquids at Rest","A solid displaces 200 cm³ of water when fully submerged. The upthrust on the solid is (density of water = 1000 kgm⁻³, g = 10 ms⁻²)","2 N","20 N","0.2 N","200 N","A","Correct: Upthrust = weight of fluid displaced = ρVg = 1000 × 200×10⁻⁶ × 10 = 1000 × 0.0002 × 10 = 2 N. B is wrong because 20 N uses V = 2000 cm³ or an extra factor of 10. C is wrong because 0.2 N leaves V in cm³ instead of converting to m³, a unit error. D is wrong because 200 N omits g or uses the wrong volume conversion."
"Physics","Liquids at Rest","Archimedes' principle states that when a body is partially or fully immersed in a fluid, the upthrust equals","The weight of the body","The volume of fluid displaced","The weight of fluid displaced","The density of the fluid","C","Correct: Archimedes' principle states that upthrust (buoyancy force) equals the weight of fluid displaced by the body, measured in newtons (a force), not volume. A is wrong because the body sinks or floats depending on whether its weight equals the upthrust — they're only equal when the body is floating. B is wrong because volume displaced is used to calculate upthrust, but is not itself the upthrust. D is wrong because density alone doesn't give the upthrust — volume and g are also required."
"Physics","Liquids at Rest","A body of mass 100 g weighs 0.8 N when immersed in a liquid. Its weight in air is 1.0 N (g = 10 ms⁻²). The relative density of the liquid is","4","0.25","2","0.5","C","Correct: Upthrust = Weight in air − Weight in liquid = 1.0 − 0.8 = 0.2 N. Working through the volume and density relationships as shown in the source explanation (with body density = 10,000 kg/m³ and equal-volume water weight = 0.1 N), the relative density = 0.2/0.1 = 2. A is wrong because 4 incorrectly divides weight in air by upthrust in the wrong combination. B is wrong because 0.25 inverts the correct ratio. D is wrong because 0.5 uses an incorrect ratio arrangement."
"Physics","Liquids at Rest","A ship floats because","Iron is less dense than water","The average density of the ship (including air spaces) is less than or equal to that of water","The ship is very heavy","Sea water has high salt content","B","Correct: A ship floats because its large hollow structure, with air inside, gives it an average density less than water; by the law of flotation, it displaces water equal to its own weight. A is wrong because iron IS denser than water — a solid iron block would sink. C is wrong because weight alone doesn't determine floating — average density relative to water is what matters. D is wrong because salt increases water density, which helps buoyancy but isn't the actual reason ships float."
"Physics","Temperature and Its Measurement","The temperature 37°C on the Kelvin scale is","310 K","236 K","37 K","373 K","A","Correct: K = °C + 273 = 37 + 273 = 310 K, which is also normal human body temperature. B is wrong because 236 K involves an incorrect subtraction. C is wrong because 37 K simply forgets to add 273. D is wrong because 373 K = 100 + 273 is the boiling point of water, not 37°C."
"Physics","Temperature and Its Measurement","A thermometric property must","Vary linearly and measurably with temperature","Only change at fixed temperatures","Be a chemical property of matter","Remain constant over a temperature range","A","Correct: A thermometric property must vary continuously, measurably, and reproducibly with temperature, ideally in a linear way so the thermometer can be calibrated with uniform divisions. B is wrong because only changing at fixed temperatures would make a useless thermometer, unable to read intermediate temperatures. C is wrong because chemical properties are typically irreversible and unsuitable for repeated temperature measurement. D is wrong because a constant property cannot be used to measure temperature change at all."
"Physics","Temperature and Its Measurement","Two fixed points used to calibrate a thermometer are","Boiling point of water and body temperature","Ice point (0°C) and steam point (100°C) at standard pressure","Absolute zero and body temperature","Room temperature and boiling point of oil","B","Correct: The two standard fixed points for calibration on the Celsius scale are the lower fixed point (0°C, melting ice at standard pressure) and upper fixed point (100°C, boiling water at standard pressure). A is wrong because body temperature is not a standard, internationally agreed fixed point. C is wrong because although absolute zero is a fixed point on the Kelvin scale, body temperature is not standard for calibration. D is wrong because room temperature and oil's boiling point are not internationally agreed fixed points."
"Physics","Temperature and Its Measurement","A clinical thermometer has a constriction above the bulb. This is to","Prevent the mercury from returning to the bulb after removal from patient","Increase the sensitivity of the thermometer","Allow the thermometer to measure below 35°C","Prevent breakage of the thermometer","A","Correct: The constriction (kink) prevents mercury from flowing back into the bulb once the thermometer is removed from the patient's body, allowing the reading to be taken at leisure. B is wrong because sensitivity is determined by the bulb size and bore width, not the constriction. C is wrong because a clinical thermometer is specifically designed for the body temperature range (35–42°C) — the constriction doesn't extend this range. D is wrong because the constriction has nothing to do with preventing breakage."
"Physics","Thermal Expansion","A steel rod is 2 m long at 20°C. Its linear expansivity is 1.2 × 10⁻⁵ K⁻¹. The increase in length when heated to 120°C is","2.4 × 10⁻³ m","2.4 × 10⁻⁴ m","2.4 × 10⁻² m","2.4 × 10⁻⁵ m","A","Correct: ΔL = αL₀ΔT = 1.2 × 10⁻⁵ × 2 × (120 − 20) = 1.2 × 10⁻⁵ × 2 × 100 = 2.4 × 10⁻³ m. B is wrong because it uses ΔT = 10 instead of the correct 100. C is wrong because it misplaces a power of 10. D is wrong because it uses only α without properly incorporating L₀ and ΔT."
"Physics","Thermal Expansion","The relationship between linear expansivity (α), area expansivity (β) and volume expansivity (γ) is","β = α and γ = 2α","β = 2α and γ = 3α","β = 3α and γ = 2α","β = α/2 and γ = α/3","B","Correct: For isotropic materials, β ≈ 2α (area expansivity is twice linear expansivity) and γ ≈ 3α (volume expansivity is three times linear expansivity), approximations that hold for small expansions. A is wrong because it reverses the correct relationships. C is wrong because it swaps the correct values for β and γ. D is wrong because it inverts the relationship entirely."
"Physics","Thermal Expansion","Expansion joints are provided in railway lines because","They make the tracks look better","Thermal expansion in hot weather would cause buckling without room to expand","They reduce the weight of the track","They absorb vibrations from trains","B","Correct: Steel tracks expand as temperature rises; without expansion gaps, the expanding steel has nowhere to go and buckles, causing dangerous deformations, so the gaps provide space for thermal expansion. A is wrong because aesthetics are irrelevant to this engineering safety consideration. C is wrong because expansion joints don't affect the overall weight of the track. D is wrong because vibration absorption is handled by ballast and sleepers, not expansion joints."
"Physics","Thermal Expansion","Water has anomalous expansion because","It contracts on heating from 0°C to 4°C, reaching maximum density at 4°C","It expands on cooling from 4°C to 0°C, unlike most liquids","Both A and B are aspects of water's anomalous behavior","It becomes ice at 0°C and ice is less dense than water","C","Correct: Water's anomalous expansion means it contracts and increases in density from 0°C to 4°C (reaching maximum density at 4°C), then expands normally above that; it also expands on cooling below 4°C, due to hydrogen bonding and the crystal structure of ice. A is only partially correct as an answer because the cooling behavior below 4°C is also anomalous. B is only partially correct as an answer because the heating behavior above 4°C is also part of the anomaly. D is wrong because ice being less dense than water is a RESULT of anomalous expansion, not an explanation of it."
"Physics","Thermal Expansion","The real expansivity of a liquid is related to apparent expansivity by","Real = Apparent + Expansivity of container material","Real = Apparent − Expansivity of container","Real = Apparent × Expansivity of container","Real = Apparent / Expansivity of container","A","Correct: Apparent expansivity is what's observed, i.e. expansion of liquid minus expansion of container, so Real expansivity = Apparent expansivity + Cubic expansivity of the container glass. B is wrong because this would give a value less than the apparent expansivity, which is incorrect. C and D are wrong because multiplication or division have no physical basis in this relationship."
"Physics","Gas Laws","A gas at 27°C has a volume of 5 L at a pressure of 2 atm. What is its volume at 127°C and 4 atm?","3.33 L","2.5 L","10 L","6.67 L","A","Correct: Using PV/T = constant: T₁ = 300 K, T₂ = 400 K. V₂ = P₁V₁T₂/(T₁P₂) = (2 × 5 × 400)/(300 × 4) = 4000/1200 = 3.33 L. B is wrong because 2.5 L results from not converting temperatures to Kelvin. C is wrong because 10 L ignores the doubling of pressure. D is wrong because 6.67 L misapplies the combined gas law."
"Physics","Gas Laws","Boyle's law states that for a fixed mass of gas at constant temperature","Pressure is directly proportional to volume","Pressure is inversely proportional to volume","Volume is directly proportional to temperature","Pressure is directly proportional to temperature","B","Correct: Boyle's law states PV = constant at constant T, so P ∝ 1/V — when volume decreases, pressure increases proportionally, as in compressed air, in an isothermal process. A is wrong because pressure is INVERSELY, not directly, proportional to volume. C is wrong because volume proportional to temperature is Charles' law, which holds at constant P, not constant T. D is wrong because pressure proportional to temperature is the pressure law, which holds at constant V."
"Physics","Gas Laws","The temperature at which a gas would theoretically have zero volume or zero pressure is called","Critical temperature","Absolute zero","Melting point","Dew point","B","Correct: Absolute zero (0 K = −273°C) is the theoretical temperature at which gas molecules have no thermal kinetic energy, so gas pressure and volume would theoretically reach zero at this point. A is wrong because critical temperature is the point above which a gas cannot be liquefied by pressure alone. C is wrong because melting point is where a solid changes to liquid. D is wrong because dew point is where water vapour begins to condense."
"Physics","Gas Laws","An ideal gas occupies 3 L at 300 K and 1 atm. The number of moles of gas is (R = 8.314 Jmol⁻¹K⁻¹, 1 atm = 101325 Pa)","0.122 mol","1.22 mol","12.2 mol","0.0122 mol","A","Correct: PV = nRT, so n = PV/RT = (101325 × 0.003)/(8.314 × 300) = 303.975/2494.2 = 0.122 mol. B is wrong because 1.22 mol is off by a factor of 10, as if V = 30 L had been used. C is wrong because 12.2 mol is off by a factor of 100. D is wrong because 0.0122 is off by a factor of 10 in the opposite direction."
"Physics","Gas Laws","Charles' law states that at constant pressure, the volume of a fixed mass of gas is","Inversely proportional to its Kelvin temperature","Directly proportional to its Kelvin temperature","Directly proportional to its Celsius temperature","Independent of temperature","B","Correct: Charles' law states V/T = constant at constant P, so V ∝ T (in Kelvin); Kelvin must be used because the Celsius scale doesn't start from absolute zero. A is wrong because inverse proportionality to temperature is Boyle's law's relationship for pressure, not volume. C is wrong because Celsius temperatures are invalid here — at 0°C a gas still has volume, so V ∝ T(°C) is false. D is wrong because volume clearly changes with temperature, so it is not independent."
"Physics","Gas Laws","A van der Waals gas differs from an ideal gas because","Its molecules have finite size and experience intermolecular forces","Its molecules have zero size","It obeys PV = nRT exactly","Temperature has no effect on it","A","Correct: The van der Waals equation (P + a/V²)(V − b) = nRT corrects for the finite molecular volume (b) and intermolecular attractive forces (a); real gases deviate from ideal behavior especially at high pressure and low temperature. B is wrong because zero molecular size is actually an IDEAL gas assumption. C is wrong because obeying PV = nRT exactly is the definition of an ideal gas, not a van der Waals gas. D is wrong because temperature affects the behavior of all gases."
"Physics","Quantity of Heat & Change of State","5 kg of water is heated from 20°C to 80°C. The heat energy absorbed is (specific heat capacity of water = 4200 Jkg⁻¹K⁻¹)","1,260,000 J","126,000 J","420,000 J","252,000 J","A","Correct: Q = mcΔT = 5 × 4200 × (80 − 20) = 5 × 4200 × 60 = 1,260,000 J = 1.26 MJ. B is wrong because it uses m = 0.5 kg instead of the correct 5 kg. C is wrong because it calculates for ΔT = 20°C, only part of the actual temperature range. D is wrong because it incorrectly uses ΔT = 12°C."
"Physics","Quantity of Heat & Change of State","The specific latent heat of fusion of ice is 336,000 Jkg⁻¹. The heat required to melt 500 g of ice at 0°C is","168,000 J","16,800 J","672,000 J","336,000 J","A","Correct: Q = mLf = 0.5 × 336,000 = 168,000 J, noting that 500 g must be converted to 0.5 kg. B is wrong because it uses m = 0.05 kg, an incorrect unit conversion. C is wrong because 672,000 J = 2 × mLf doubles the mass erroneously. D is wrong because 336,000 J = Lf × 1 kg simply ignores the actual mass given."
"Physics","Quantity of Heat & Change of State","Boiling differs from evaporation in that boiling","Occurs only at the surface of a liquid","Occurs throughout the liquid at a fixed temperature and produces bubbles","Occurs at any temperature","Requires less energy than evaporation","B","Correct: Boiling occurs throughout the bulk of the liquid at a specific temperature (the boiling point), forming bubbles, whereas evaporation occurs only at the surface at any temperature below boiling point. A is wrong because a surface-only process describes evaporation, not boiling. C is wrong because occurring at any temperature is a feature of evaporation, not boiling. D is wrong because boiling requires the same latent heat as evaporation at the same temperature — it doesn't require less energy."
"Physics","Quantity of Heat & Change of State","Increasing pressure on the surface of a boiling liquid will","Lower the boiling point","Raise the boiling point","Have no effect on boiling point","Cause immediate solidification","B","Correct: Higher external pressure requires the vapour pressure to reach a higher value before boiling begins, meaning more heat is needed, so the boiling point rises — this is the principle behind pressure cookers. A is wrong because it's DECREASING pressure that lowers the boiling point, not increasing it. C is wrong because pressure significantly affects the boiling point. D is wrong because increasing pressure on a liquid causes it to boil at a higher temperature, not solidify."
"Physics","Quantity of Heat & Change of State","A pressure cooker raises the boiling point of water above 100°C. This means that food cooks faster because","The water contains more pressure energy","The higher temperature increases the rate of chemical reactions in cooking","The steam is drier","Less water is needed","B","Correct: At higher temperatures, such as 120°C in a pressure cooker, cooking reactions proceed faster, since the rate of most chemical reactions approximately doubles for every 10°C rise (per the Arrhenius principle). A is wrong because pressure energy doesn't directly cook food — temperature is the key factor. C is wrong because the dryness of steam is irrelevant to cooking speed. D is wrong because the amount of water used isn't the key factor in cooking speed."
"Physics","Quantity of Heat & Change of State","The Newton's law of cooling method is used to determine","Linear expansivity of solids","Specific heat capacity of liquids by plotting temperature against time","Latent heat of vaporization directly","Boiling point only","B","Correct: Newton's law of cooling states that the rate of heat loss is proportional to the temperature difference between a body and its surroundings; the resulting cooling curve (temperature vs time) is used to determine specific heat capacity by comparing the cooling rates of a test liquid against a reference liquid. A is wrong because linear expansivity is measured using expansion instruments, not cooling curves. C is wrong because latent heat is measured by the method of mixtures or electrical heating, not cooling curves. D is wrong because Newton's law applies broadly to the cooling process, not just to finding a boiling point."
"Physics","Vapours","Relative humidity is defined as the ratio of","Actual mass of water vapor in air to mass of water vapor needed to saturate the same air at the same temperature","Temperature of air to dew point temperature","Pressure of water vapor to atmospheric pressure","Volume of water vapor to volume of dry air","A","Correct: Relative humidity (RH) = (mass of water vapour in the sample / mass needed to saturate at the same temperature) × 100%, equivalently expressed as the ratio of saturated vapour pressure at dew point to that at air temperature. B is wrong because a temperature ratio is not the definition of RH. C is wrong because the ratio of water vapour pressure to atmospheric pressure relates to absolute humidity, not the RH definition. D is wrong because a volume ratio is not the standard definition of relative humidity."
"Physics","Vapours","The dew point is the temperature at which","All water vapor condenses into rain","The water vapor in air becomes saturated (SVP equals actual vapor pressure)","Ice forms on surfaces","Humidity is 0%","B","Correct: The dew point is the temperature at which air becomes saturated with its existing amount of water vapour (RH = 100%); at this point, condensation begins and dew forms on cool surfaces. A is wrong because not all vapour condenses at the dew point — only the excess above saturation does. C is wrong because ice (frost) forms below 0°C specifically when the dew point is below 0°C, but that's not the general definition. D is wrong because at the dew point, humidity is actually 100%, not 0%."
"Physics","Vapours","A wet and dry bulb hygrometer shows wet bulb temperature of 18°C and dry bulb temperature of 24°C. The difference indicates","The temperature has risen","Evaporation is occurring from the wet bulb, indicating unsaturated air with RH < 100%","The air is fully saturated","It is raining outside","B","Correct: When wet and dry bulb temperatures differ, evaporation is cooling the wet bulb; a greater difference means drier air and a lower relative humidity (equal readings would mean 100% RH, i.e. saturated air with no evaporation). A is wrong because a temperature rise isn't inferred from the difference alone. C is wrong because saturated air (100% RH) would show equal wet and dry bulb temperatures, not a difference. D is wrong because rain cannot be inferred from a hygrometer reading."
"Physics","Structure of Matter & Kinetic Theory","Brownian motion provides evidence for","The wave nature of matter","The continuous and random motion of molecules in a fluid","The existence of atoms only in solids","The absence of intermolecular forces","B","Correct: Brownian motion, the random movement of pollen grains in water observed by Robert Brown, shows that liquid molecules are in continuous, random motion, continually bombarding and jostling suspended particles. A is wrong because Brownian motion is a particle phenomenon — wave-particle duality is a separate concept (de Broglie's hypothesis). C is wrong because molecular motion occurs in all states of matter — solids, liquids, and gases. D is wrong because Brownian motion actually occurs due to molecular bombardment, meaning intermolecular forces do exist."
"Physics","Structure of Matter & Kinetic Theory","Surface tension is explained by molecular theory as arising from","Gravity acting on surface molecules","Cohesion between molecules at the surface and net inward molecular force due to unbalanced cohesive forces","Adhesion of water to air molecules","The low density of surface molecules","B","Correct: Surface molecules experience cohesive forces from below and the sides but not from above (since there's no liquid above them), creating a net inward force that produces surface tension — the 'skin' effect that lets insects walk on water. A is wrong because gravity causes liquids to flow, not surface tension. C is wrong because water-air adhesion is very weak compared to water-water cohesion. D is wrong because density is uniform at the surface — surface tension is a force effect, not a density effect."
"Physics","Structure of Matter & Kinetic Theory","Diffusion occurs more rapidly in gases than in liquids because","Gas molecules are heavier","Gas molecules have larger intermolecular distances and higher average speeds","Liquids are more viscous than solids","Gas molecules have stronger intermolecular forces","B","Correct: In gases, molecules are widely spaced with a large mean free path and move at high speeds (hundreds of m/s), whereas in liquids, molecules are closely packed with stronger intermolecular forces that slow diffusion significantly. A is wrong because gas molecules are often lighter than liquid molecules, e.g. air vs water, which opposes this claim. C is wrong because comparing liquids to solids' viscosity is irrelevant to a gas-liquid comparison. D is wrong because gas molecules actually have WEAKER intermolecular forces, which is why they diffuse faster."
"Physics","Structure of Matter & Kinetic Theory","Capillarity (capillary action) occurs because of","Only cohesion between liquid molecules","The interplay between adhesion (liquid to tube) and cohesion (liquid to liquid) forces","Atmospheric pressure pushing liquid up the tube","The weight of liquid in the tube","B","Correct: Capillary action depends on whether adhesion (liquid-tube) or cohesion (liquid-liquid) is stronger; if adhesion exceeds cohesion (as with water in glass), the liquid rises with a concave meniscus, while if cohesion exceeds adhesion (as with mercury in glass), the liquid is depressed with a convex meniscus. A is wrong because cohesion alone would cause the liquid to fall, not rise. C is wrong because atmospheric pressure acts on both the inside and outside of the tube — it doesn't directly cause capillarity. D is wrong because the weight of the liquid actually works against capillary rise, not for it."
"Physics","Structure of Matter & Kinetic Theory","According to the kinetic theory of gases, the pressure exerted by a gas is due to","The weight of gas molecules pressing down","Collisions of gas molecules with the walls of the container","The repulsive forces between gas molecules","The temperature of the gas only","B","Correct: Gas pressure results from the rate of momentum transfer as molecules bombard the container walls; P = ⅓ρ<c²>, where more collisions and greater momentum per collision produce higher pressure. A is wrong because gas pressure acts in all directions, not just downward — weight is not the cause. C is wrong because in an ideal gas, intermolecular forces are neglected — repulsion between molecules is not considered. D is wrong because while temperature affects molecular speed and hence pressure, pressure itself has a direct mechanical cause (collisions), not temperature alone."
"Physics","Heat Transfer","In a vacuum flask (thermos flask), heat loss by radiation is minimized by","The double glass walls","The silvered inner surfaces which reflect radiated heat","The stopper at the top","The outer casing","B","Correct: The silvered inner surfaces of the vacuum flask reflect radiation back, minimizing heat transfer by radiation, while the vacuum between the walls separately prevents conduction and convection. A is wrong because the double walls create the vacuum gap, which is what stops conduction/convection — silvering is what stops radiation specifically. C is wrong because the stopper reduces convection from the opening but isn't the primary control for radiation. D is wrong because the outer casing provides only physical protection."
"Physics","Heat Transfer","Heat transfer by convection requires","A vacuum","A medium and bulk movement of the fluid carrying thermal energy","Contact between two solid surfaces","Electromagnetic radiation","B","Correct: Convection involves the bulk movement of a fluid (liquid or gas) carrying thermal energy; hot fluid rises since it's less dense and cool fluid sinks since it's denser, creating convection currents, which requires a medium, not a vacuum. A is wrong because convection cannot occur in a vacuum — it requires a fluid medium. C is wrong because contact between solid surfaces describes conduction, not convection. D is wrong because electromagnetic radiation describes a separate heat transfer mechanism (radiation), not convection."
"Physics","Heat Transfer","A good absorber of heat radiation is also a good","Reflector","Emitter","Conductor","Insulator","B","Correct: By Kirchhoff's law of radiation, good absorbers are also good emitters at the same temperature; a perfect absorber (black body) is also the best emitter, and black surfaces absorb and emit more radiation than polished surfaces. A is wrong because good absorbers are actually POOR reflectors — they're opposites. C and D are wrong because conduction and emission are different heat transfer mechanisms — absorption relates specifically to radiation, not necessarily to conduction."
"Physics","Heat Transfer","Land breeze occurs at night because","The sea heats up faster than land and the warm air rises over the sea","The land cools down faster than sea at night, so warm air rises over sea and cool air from land moves to replace it","The land is always warmer than the sea","Wind always blows from sea to land","B","Correct: At night, land cools faster than sea since the sea retains heat longer; warm air rises over the warmer sea, and cooler air from land blows seaward to replace it, forming the land breeze (land to sea). A is wrong because this actually describes the sea breeze, which occurs during the daytime when land heats up faster. C is wrong because land is warmer during the day but cooler at night — it isn't always warmer. D is wrong because wind from sea to land describes the SEA BREEZE (daytime), not the land breeze."
"Physics","Heat Transfer","The rate of heat conduction through a material is increased by","Decreasing the temperature gradient","Increasing the thickness of the material","Increasing the cross-sectional area and temperature gradient","Using a material with low thermal conductivity","C","Correct: Rate of heat flow Q/t = kA(ΔT/L), where k is thermal conductivity, A is cross-sectional area, ΔT is temperature difference, and L is thickness; increasing A and ΔT increases the heat flow rate. A is wrong because decreasing the temperature gradient (ΔT/L) actually DECREASES the heat flow rate. B is wrong because increasing thickness L DECREASES the heat flow rate. D is wrong because low thermal conductivity k DECREASES the heat flow rate."
"Physics","Waves and Sound","The frequency of a wave is 500 Hz and its wavelength is 0.4 m. The velocity of the wave is","200 ms⁻¹","1250 ms⁻¹","0.0008 ms⁻¹","2000 ms⁻¹","A","Correct: v = fλ = 500 × 0.4 = 200 ms⁻¹, using the standard wave equation relating velocity, frequency, and wavelength. B is wrong because 1250 ms⁻¹ = f/λ divides instead of multiplying. C is wrong because 0.0008 = λ/f inverts the formula. D is wrong because 2000 ms⁻¹ results from an arithmetic error."
"Physics","Waves and Sound","Which of the following correctly describes a transverse wave?","Particles vibrate parallel to the direction of wave propagation","Particles vibrate perpendicular to the direction of wave propagation","The wave can travel through a vacuum only","It is a longitudinal wave","B","Correct: In transverse waves, particle oscillation is perpendicular to the wave's travel direction, as seen in light waves, water ripples, and waves on a string. A is wrong because vibration parallel to propagation describes LONGITUDINAL waves, like sound. C is wrong because although light (a transverse wave) can travel through vacuum, not all transverse waves require it — string waves, for instance, need a medium. D is wrong because transverse and longitudinal are opposite, mutually exclusive wave types."
"Physics","Waves and Sound","The phenomenon of diffraction is best observed when","The wavelength is much smaller than the obstacle or opening","The wavelength is approximately equal to or larger than the obstacle or opening","The wave travels in a straight line","The wave is totally reflected","B","Correct: Diffraction, the bending of waves around obstacles, is most pronounced when the wavelength is approximately equal to the size of the obstacle; when wavelength is much larger than the obstacle, waves pass with minimal diffraction, and when much smaller, they cast a clear geometric shadow. A is wrong because a small wavelength relative to the obstacle actually gives poor diffraction. C is wrong because straight-line travel indicates no diffraction is occurring. D is wrong because total reflection is a distinctly different wave behavior from diffraction."
"Physics","Waves and Sound","Polarization of waves is only possible for","Longitudinal waves","Sound waves","Transverse waves","All types of waves","C","Correct: Polarization restricts vibration to one plane, which is only possible when vibrations are perpendicular to propagation, i.e. for transverse waves; longitudinal waves like sound vibrate along the propagation direction and cannot be polarized. A is wrong because longitudinal waves CANNOT be polarized, since their vibration is along the propagation direction. B is wrong because sound is a longitudinal wave and therefore cannot be polarized. D is wrong because not all waves can be polarized — only transverse waves can."
"Physics","Waves and Sound","The principle of superposition of waves states that","Two waves always cancel each other","The resultant displacement at any point is the algebraic sum of individual displacements of waves at that point","Waves must be of the same frequency to superpose","Superposition only occurs with light waves","B","Correct: The superposition principle states that when two or more waves overlap, the total displacement equals the algebraic (vector) sum of the individual displacements, leading to constructive or destructive interference. A is wrong because waves can either cancel (destructive) OR reinforce (constructive) — they don't always cancel. C is wrong because waves of different frequencies can also superpose, producing beats. D is wrong because superposition applies to all wave types, including sound and water waves, not just light."
"Physics","Waves and Sound","Beat frequency is produced when two sound waves of frequencies 440 Hz and 444 Hz are sounded together. The beat frequency is","884 Hz","4 Hz","440 Hz","2 Hz","B","Correct: Beat frequency = |f₁ − f₂| = |440 − 444| = 4 Hz, the rate at which constructive interference alternates, heard as 4 pulses of loudness per second. A is wrong because 884 Hz = f₁ + f₂ gives the sum, a different quantity from beats. C is wrong because 440 Hz is just one of the two original frequencies. D is wrong because 2 Hz halves the correct result without any valid basis."
"Physics","Waves and Sound","The Doppler effect explains the change in observed frequency when","There is relative motion between the source and observer","The amplitude of the wave changes","Two waves interfere with each other","A wave is reflected from a surface","A","Correct: The Doppler effect describes how, when a source moves toward an observer, waves are compressed (shorter wavelength, higher frequency), while moving away stretches the waves (longer wavelength, lower frequency); this is used in radar, astronomy (red shift), and medical ultrasound. B is wrong because amplitude change affects loudness or intensity, not frequency. C is wrong because interference involves the superposition of waves, not a frequency shift. D is wrong because reflection from a surface can cause an echo, but the frequency change is Doppler-related only if there is also relative motion."
"Physics","Waves and Sound","Sound travels faster in","Vacuum","Air","Water","Steel","D","Correct: The speed of sound increases with the elasticity and density of the medium, following the order solids > liquids > gases; in steel it's roughly 5000 ms⁻¹, versus about 1500 ms⁻¹ in water and 340 ms⁻¹ in air. A is wrong because sound cannot travel in a vacuum at all — it requires a material medium. B is wrong because air, a low-density gas, is actually the slowest medium for sound among the options given. C is wrong because water, while faster than air, is still slower than steel."
"Physics","Waves and Sound","An echo is heard 2 seconds after a sound is produced. If the speed of sound in air is 340 ms⁻¹, the distance to the reflecting surface is","340 m","680 m","170 m","85 m","A","Correct: Total distance = speed × time = 340 × 2 = 680 m, which is the round-trip distance to the wall and back, so the distance to the wall = 680/2 = 340 m. B is wrong because 680 m is the total round-trip distance, not the distance to the wall alone. C is wrong because 170 m = 340/2 mistakenly uses only 1 second instead of the full round-trip calculation. D is wrong because 85 m = 340/4 has no valid basis."
"Physics","Waves and Sound","The pitch of a musical note is determined by its","Amplitude","Intensity","Frequency","Waveform","C","Correct: Pitch is the perceptual attribute of sound related to frequency — higher frequency means higher pitch, while amplitude determines loudness (and intensity), and waveform determines quality (timbre). A is wrong because amplitude determines loudness/intensity, not pitch. B is wrong because intensity determines loudness (measured in decibels), not pitch. D is wrong because waveform (the shape of the wave) determines the quality or timbre of a sound, not its pitch."
"Physics","Waves and Sound","A closed pipe of length 0.5 m resonates in its fundamental mode. The frequency of the note produced is (speed of sound = 340 ms⁻¹)","170 Hz","340 Hz","680 Hz","85 Hz","A","Correct: For a closed pipe (one open end, one closed end), fundamental frequency f = v/(4L) = 340/(4 × 0.5) = 340/2 = 170 Hz, since L = λ/4 for such a pipe. B is wrong because 340 Hz uses f = v/(2L), the formula for an OPEN pipe instead. C is wrong because 680 Hz = v/L skips the factor of 4 entirely. D is wrong because 85 Hz = v/(8L) uses the wrong harmonic."
"Physics","Waves and Sound","Reverberation differs from echo in that","Reverberation is heard as a distinct separate sound","Reverberation is the persistence of sound due to multiple reflections in an enclosed space","Echo is caused by multiple reflections","Reverberation occurs outdoors only","B","Correct: Reverberation involves multiple rapid reflections that blend together, prolonging the original sound (heard in halls and rooms), while echo is a distinct separate reflection heard after a time delay, requiring sufficient distance to the reflecting surface. A is wrong because a distinct separate sound describes an ECHO, not reverberation. C is wrong because multiple reflections in an enclosed space cause reverberation, whereas echoes can arise from a single reflection. D is wrong because reverberation occurs in enclosed indoor spaces, not outdoors."
"Physics","Waves and Sound","The fundamental frequency of a vibrating string is increased by","Increasing the length of the string","Decreasing the tension in the string","Increasing the tension or decreasing the length or using a lighter string","Increasing the mass per unit length","C","Correct: The fundamental frequency of a string is f = (1/2L)√(T/μ), so frequency increases with higher tension T, shorter length L, or lower mass per unit length μ (a lighter string). A is wrong because increasing length actually DECREASES frequency, since f ∝ 1/L. B is wrong because decreasing tension DECREASES frequency, since f ∝ √T. D is wrong because increasing the mass per unit length μ DECREASES frequency, since f ∝ 1/√μ."
"Physics","Light Energy and Optics","The image formed by a pinhole camera is","Virtual, upright, and magnified","Real, inverted, and diminished or magnified depending on distances","Virtual, inverted, and always diminished","Real, upright, and always magnified","B","Correct: A pinhole camera forms a real, inverted image, with the size depending on the ratio of image distance to object distance — if image distance exceeds object distance, the image is magnified. A is wrong because virtual and upright images are characteristic of plane mirror images, not pinhole cameras. C is wrong because the image formed by a pinhole camera is real (it forms on a screen), not virtual. D is wrong because a real image from a pinhole camera is always inverted, never upright."
"Physics","Light Energy and Optics","A concave mirror has a focal length of 15 cm. An object is placed 10 cm in front of it. The image is","Real, inverted, at 30 cm behind the mirror","Virtual, upright, 30 cm behind the mirror","At infinity","Real at 6 cm in front","B","Correct: Using 1/f = 1/v + 1/u with f = −15 cm and u = −10 cm: 1/v = 1/f − 1/u = −1/15 + 1/10 = 1/30, so v = +30 cm, meaning the image is behind the mirror (virtual); since the object is inside the focal length, the image is virtual, upright, and magnified. A is wrong because real, inverted images form only when the object is beyond the focal point — here the object at 10 cm is inside f = 15 cm. C is wrong because the image is at infinity only when the object is exactly at the focal point. D is wrong because a real image would require v to be negative, in front of the mirror."
"Physics","Light Energy and Optics","The laws of reflection state that the angle of incidence equals the angle of reflection, and both angles are measured","From the reflecting surface","From the normal to the surface at the point of incidence","From the horizontal","From each other","B","Correct: Both the angle of incidence and angle of reflection are measured from the NORMAL (perpendicular) to the surface at the point of incidence, not from the surface itself. A is wrong because angles measured from the surface would be the complement (90° − θ) of the correct angles. C is wrong because the horizontal is irrelevant, since the normal's direction depends on the surface's orientation. D is wrong because the angles are measured from the normal, not from each other directly."
"Physics","Light Energy and Optics","A convex mirror always forms images that are","Real, inverted, and diminished","Virtual, upright, and diminished regardless of object position","Real, upright, and magnified","Virtual, inverted, and magnified","B","Correct: A convex (diverging) mirror always forms virtual, upright, and diminished images for all real object positions, which is why it gives a wide field of view and is used as a rear-view mirror. A is wrong because real, inverted images are formed by concave mirrors when the object is beyond the focus, not by convex mirrors. C is wrong because real upright images don't form with any mirror — real images from mirrors are always inverted. D is wrong because virtual images from convex mirrors are always upright and smaller, never inverted."
"Physics","Light Energy and Optics","When light passes from air into glass, it bends toward the normal because","Light speeds up in glass","Light slows down in glass (denser medium) and the wavefront is refracted","The wavelength increases in glass","The frequency changes in glass","B","Correct: When light enters a denser medium like glass, it slows down; the part of the wavefront entering the glass first slows first, causing the wave to bend toward the normal (refractive index n = c/v_medium > 1 for glass). A is wrong because light actually SLOWS DOWN, rather than speeding up, in a denser medium. C is wrong because wavelength DECREASES, not increases, in a denser medium since λ = v/f and v decreases. D is wrong because frequency remains constant as light crosses a boundary — it's wavelength and speed that change."
"Physics","Light Energy and Optics","Total internal reflection occurs when","Light travels from less dense to more dense medium","The angle of incidence is less than the critical angle","Light travels from a denser medium and the angle of incidence exceeds the critical angle","The refractive index is less than 1","C","Correct: Total internal reflection occurs when light travels from a denser to a less dense medium AND the angle of incidence exceeds the critical angle, causing all light to be reflected back into the denser medium with none refracted. A is wrong because light must travel FROM a denser medium TO a less dense one — not the other way around. B is wrong because the angle must EXCEED the critical angle; below it, refraction still occurs normally. D is wrong because refractive index is greater than 1 for a denser medium — n < 1 doesn't produce total internal reflection."
"Physics","Light Energy and Optics","The critical angle for glass-air interface is related to refractive index n by","sin C = n","sin C = 1/n","cos C = n","tan C = n","B","Correct: At the critical angle C, the refracted ray travels exactly along the glass-air boundary (90°); using Snell's law, n sin C = 1 × sin 90° = 1, so sin C = 1/n. A is wrong because sin C = n would give C > 90° for n > 1, which is physically impossible. C is wrong because a cosine relation has no derivation from Snell's law in this context. D is wrong because a tangent relation has no basis in the refraction equations."
"Physics","Light Energy and Optics","A converging lens has a focal length of 20 cm. An object is placed 30 cm from the lens. The image distance is","60 cm on the same side as the object","60 cm on the opposite side from the object","12 cm","120 cm","B","Correct: Using 1/f = 1/v + 1/u with sign convention (u = −30, f = +20): 1/v = 1/20 − 1/30 = 3/60 − 2/60 = 1/60, giving v = +60 cm, meaning the image forms on the opposite side of the lens from the object (a real image). A is wrong because being on the same side as the object would indicate a virtual image, but v = +60 places the image on the opposite side (real). C is wrong because 12 cm = (20×30)/(20+30) uses the wrong formula. D is wrong because 120 cm results from an arithmetic error."
"Physics","Light Energy and Optics","A short-sighted (myopic) person cannot see distant objects clearly because","The image of distant objects forms behind the retina","The image of distant objects forms in front of the retina due to an over-curved lens or elongated eyeball","The pupil cannot dilate sufficiently","The retina is too sensitive","B","Correct: Myopia occurs because the eye's lens is too curved or the eyeball too long, so parallel rays from distant objects converge BEFORE reaching the retina; it's corrected with a diverging (concave) lens. A is wrong because an image forming behind the retina describes hyperopia (long-sightedness), not myopia. C is wrong because pupil dilation affects the amount of light entering, not the focusing of the image. D is wrong because retinal sensitivity is unrelated to refractive errors like myopia."
"Physics","Light Energy and Optics","Dispersion of white light by a prism occurs because","The prism is denser than air","Different colors (wavelengths) have different refractive indices in glass, causing different degrees of bending","White light contains only red and violet components","The prism reflects different colors at different angles","B","Correct: In dispersion, violet light has a higher refractive index in glass than red light, so it bends more; white light thus separates into a full spectrum (ROYGBIV), a phenomenon known as chromatic dispersion. A is wrong because while the prism being denser causes overall refraction, dispersion specifically requires different refractive indices for different wavelengths. C is wrong because white light actually contains all visible colors (ROYGBIV), not just red and violet. D is wrong because it's refraction, not reflection, that separates the colors in a prism."
"Physics","Light Energy and Optics","The primary colors of light are","Red, yellow, and blue","Red, green, and blue","Red, orange, and violet","Yellow, cyan, and magenta","B","Correct: The primary colors of LIGHT, based on additive mixing, are Red, Green, and Blue (RGB); mixing all three gives white light, distinct from the primary pigment colors used in art. A is wrong because red, yellow, and blue are primary PIGMENT colors used in subtractive mixing, not light primaries. C is wrong because orange and violet are secondary/tertiary colors within the visible spectrum, not primaries. D is wrong because yellow, cyan, and magenta are actually the primary colors used in printing/subtractive mixing."
"Physics","Light Energy and Optics","The electromagnetic wave with the shortest wavelength is","Radio waves","Visible light","X-rays","Gamma rays","D","Correct: In the electromagnetic spectrum, wavelength increases (and frequency decreases) in the order: Gamma rays < X-rays < UV < Visible < IR < Microwaves < Radio waves, so gamma rays have the shortest wavelength and highest energy. A is wrong because radio waves actually have the LONGEST wavelength, the opposite of what's asked. B is wrong because visible light sits in the middle of the EM spectrum. C is wrong because X-rays, while shorter than visible light, are still longer than gamma rays."
"Physics","Light Energy and Optics","The refractive index of glass is 1.5. The speed of light in glass is (c = 3 × 10⁸ ms⁻¹)","4.5 × 10⁸ ms⁻¹","2.0 × 10⁸ ms⁻¹","1.5 × 10⁸ ms⁻¹","3.0 × 10⁸ ms⁻¹","B","Correct: n = c/v_glass, so v_glass = c/n = (3 × 10⁸)/1.5 = 2.0 × 10⁸ ms⁻¹. A is wrong because 4.5 × 10⁸ = n × c multiplies instead of dividing. C is wrong because 1.5 × 10⁸ = c/2n incorrectly divides by 2n. D is wrong because 3.0 × 10⁸ is simply the speed in vacuum, not in glass."
"Physics","Light Energy and Optics","The power of a lens is +4 D (dioptres). Its focal length is","4 m","0.4 m","0.25 m","25 m","C","Correct: Power P = 1/f (in metres), so f = 1/P = 1/4 = 0.25 m = 25 cm; the positive power indicates a converging (convex) lens. A is wrong because 4 m confuses f = P instead of the correct relation f = 1/P. B is wrong because 0.4 m = 1/2.5, not 1/4. D is wrong because 25 m = 1/0.04 likely results from a unit confusion."
"Physics","Light Energy and Optics","A person can see objects clearly only between 25 cm and 150 cm. This person has","Only myopia","Only hyperopia","Both myopia (cannot see beyond 150 cm) and presbyopia","Normal vision","C","Correct: Normal near point is 25 cm and far point is infinity; this person's far point is limited to 150 cm, indicating myopia (unable to focus beyond 150 cm), and the near-point limitation also suggests presbyopia (loss of accommodation). A is wrong because the additional near-point limitation suggests more than just simple myopia alone. B is wrong because hyperopia means difficulty seeing near objects, yet this person can see clearly at 25 cm. D is wrong because normal vision has a far point at infinity, not limited to 150 cm."
"Physics","Light Energy and Optics","The image formed by a concave lens is always","Real, inverted, and between F and 2F","Virtual, upright, and diminished for real objects","Real and magnified beyond 2F","Virtual and magnified","B","Correct: A concave (diverging) lens ALWAYS forms virtual, upright, and diminished images for real objects, regardless of the object's position, similar in behavior to a convex mirror. A is wrong because real, inverted images between F and 2F are formed by convex (converging) lenses, not concave ones. C is wrong because magnified real images beyond 2F require a converging lens with the object inside F. D is wrong because virtual images from a concave lens are always smaller, never magnified."
"Physics","Light Energy and Optics","Optical fibers work on the principle of","Regular reflection","Total internal reflection","Diffraction","Polarization","B","Correct: Optical fibers carry light signals over long distances via total internal reflection; light hits the fiber wall at an angle greater than the critical angle and is repeatedly reflected back into the fiber. A is wrong because regular reflection occurs at polished flat surfaces, which isn't applicable to how fibers guide light. C is wrong because diffraction would cause light to spread out and escape the fiber, defeating its purpose. D is wrong because polarization is a property of transverse waves, not the mechanism by which fiber optics function."
"Physics","Light Energy and Optics","In a simple astronomical telescope in normal adjustment, the final image is formed","At the near point of the eye","At the far point (infinity)","Between F and 2F of the eyepiece","At the objective lens","B","Correct: In normal adjustment, a telescope is set so the final image forms at infinity, with parallel rays entering the eye, giving the least eye strain for prolonged observation. A is wrong because an image at the near point corresponds to a telescope adjusted for near-point viewing, which gives maximum magnification but causes eye strain. C is wrong because an image between F and 2F applies to an object position for a magnifying glass, not a telescope in normal adjustment. D is wrong because the objective lens forms only the intermediate image, not the final image seen by the eye."
"Physics","Light Energy and Optics","A rainbow is formed by","Reflection of sunlight from clouds","Refraction and internal reflection of sunlight in raindrops with dispersion of colors","Diffraction of sunlight through water droplets","Polarization of sunlight","B","Correct: A rainbow forms when sunlight enters a raindrop, is refracted (dispersed), internally reflected at the back of the drop, and refracted again on exit, with different colors emerging at different angles due to their different refractive indices. A is wrong because reflection from clouds actually produces halos or coronas, not rainbows. C is wrong because diffraction produces different patterns, like iridescence, and isn't the primary mechanism for rainbows. D is wrong because polarization is only a secondary effect of rainbow light — it's not the formation mechanism."
"Physics","Electrostatics","Two point charges of +3 μC and +12 μC are separated by 0.3 m. The force between them is (k = 9 × 10⁹ Nm²C⁻²)","3.6 N","36 N","0.36 N","360 N","A","Correct: F = kq₁q₂/r² = (9 × 10⁹ × 3 × 10⁻⁶ × 12 × 10⁻⁶)/(0.3)² = (9 × 10⁹ × 36 × 10⁻¹²)/0.09 = 3.6 N. B is wrong because 36 N contains an arithmetic error, likely from using r = 0.1 m instead of 0.3 m. C is wrong because 0.36 N is off by a factor of 10. D is wrong because 360 N is off by a factor of 100."
"Physics","Electrostatics","Charging by induction produces a charge on the conductor that is","The same sign as the inducing charge","Opposite in sign to the inducing charge, without contact","Zero net charge throughout","Distributed only on the surface facing the inducing charge","B","Correct: In charging by induction, a charged object is brought near a conductor; opposite charges accumulate near it while like charges move to the far end, and if the conductor is then earthed and the inducing charge removed, it retains a charge opposite to the inducing charge. A is wrong because a charge of the same sign as the inducing charge is instead produced by charging by CONTACT (conduction). C is wrong because the net charge is not zero on the induced conductor once the induction process is complete. D is wrong because after earthing during induction, the charge redistributes over the entire conductor, not just one facing surface."
"Physics","Electrostatics","The electric field lines between two oppositely charged parallel plates are","Curved and pointing from negative to positive plate","Uniform, parallel, and pointing from positive to negative plate","Radially outward from each plate","Curved, pointing from positive to negative only near the edges","B","Correct: Between infinite parallel plates with opposite charges, the electric field is uniform in both magnitude and direction, with field lines running parallel and straight, pointing from the positive plate to the negative plate. A is wrong because field lines point FROM positive TO negative, i.e. in the direction of force on a positive test charge, not the reverse. C is wrong because a radial field exists around isolated point charges, not between parallel plates. D is wrong because the field is uniform in the middle region — only near the edges does it become non-uniform due to fringing effects."
"Physics","Electrostatics","A charge of 2 μC is placed at a point where the electric field intensity is 5 × 10⁴ NC⁻¹. The force on the charge is","0.1 N","2.5 × 10¹⁰ N","1.0 N","0.01 N","A","Correct: F = qE = 2 × 10⁻⁶ × 5 × 10⁴ = 10 × 10⁻² = 0.1 N. B is wrong because 2.5 × 10¹⁰ = E/q inverts the correct formula. C is wrong because 1.0 N results from an arithmetic error. D is wrong because 0.01 N includes an extra unwarranted factor of 10⁻¹."
"Physics","Electrostatics","Lightning conductors protect buildings from lightning by","Preventing clouds from forming charge","Slowly discharging the electric field between cloud and ground via a conducting path, preventing a sudden discharge","Reflecting lightning away from the building","Insulating the building from the ground","B","Correct: A lightning conductor, a pointed spike on the roof connected to earth, continuously leaks charge between cloud and earth, reducing the potential difference; if lightning does strike, the conductor provides a low-resistance path to earth, protecting the building. A is wrong because lightning conductors cannot prevent charge from forming in clouds. C is wrong because lightning conductors do not reflect lightning — they conduct the charge safely to earth. D is wrong because lightning conductors must be CONNECTED to earth, providing a conducting path rather than insulation."
"Physics","Electrostatics","The gold-leaf electroscope detects charge by","The attraction between the gold leaf and the metal rod","The divergence of the gold leaf from the metal plate due to like charges repelling each other","The current flowing through the gold leaf","The magnetic effect of charge","B","Correct: When charge is applied to the electroscope, it spreads to the metal plate and gold leaf; since both now carry like charges, they repel each other and the gold leaf diverges from the plate, with greater charge producing greater divergence. A is wrong because like charges on the leaf and plate repel, they don't attract. C is wrong because a gold-leaf electroscope measures static charge, not a flowing current. D is wrong because electrostatic charge detection has nothing to do with magnetism."
"Physics","Electrostatics","The electric potential at a point is defined as","The force per unit positive charge at that point","The work done per unit positive charge in bringing a small positive test charge from infinity to that point","The electric field intensity at that point","The charge per unit area","B","Correct: Electric potential V = W/q, the work done per unit positive charge in bringing a small positive test charge from infinity to that point (V = kQ/r for a point charge), measured in volts. A is wrong because force per unit charge is actually electric field intensity (E), not potential. C is wrong because electric field E is force per charge (units of V/m), which is not the same quantity as potential (V). D is wrong because charge per unit area is instead the surface charge density (σ)."
"Physics","Capacitors","Three capacitors of capacitances 2 μF, 4 μF, and 6 μF are connected in parallel. The total capacitance is","12 μF","1.09 μF","0.92 μF","24 μF","A","Correct: For capacitors in parallel, C_total = C₁ + C₂ + C₃ = 2 + 4 + 6 = 12 μF, since parallel capacitances simply add directly. B is wrong because 1.09 μF is instead the series combination value (1/C = 1/2 + 1/4 + 1/6 ≈ 1/1.09). C is wrong because 0.92 μF results from an error in a series-style calculation. D is wrong because 24 μF is the product of the values, which isn't relevant to a parallel combination."
"Physics","Capacitors","The energy stored in a capacitor of capacitance C charged to voltage V is","CV","½CV²","C²V","2CV²","B","Correct: Energy stored E = ½CV² = ½QV = Q²/2C, representing the energy stored in the electric field between the plates. A is wrong because CV equals the charge Q, not the energy. C is wrong because C²V has the wrong dimensions to represent energy. D is wrong because 2CV² simply doubles the correct formula."
"Physics","Capacitors","The capacitance of a parallel plate capacitor is INCREASED by","Increasing the distance between the plates","Decreasing the area of the plates","Inserting a dielectric material between the plates","Increasing the voltage applied","C","Correct: C = εA/d = ε₀εᵣA/d, so capacitance increases when the dielectric constant εᵣ increases (by inserting a dielectric), when area A increases, or when plate separation d decreases. A is wrong because increasing distance d actually DECREASES capacitance, since C ∝ 1/d. B is wrong because decreasing area DECREASES capacitance, since C ∝ A. D is wrong because voltage does not affect capacitance at all — C = Q/V, with V and Q changing proportionally to keep C constant."
"Physics","Capacitors","Capacitors are used in tuning circuits of radios because","They store energy for the radio","Variable capacitors can change the resonant frequency to select different stations","They block direct current","They amplify signals","B","Correct: In an LC tuning circuit, the resonant frequency f = 1/(2π√LC), so changing the capacitance using a variable capacitor changes the resonant frequency, allowing selection of different radio stations. A is wrong because while capacitors can store energy, this isn't their primary function in a tuning circuit. C is wrong because blocking DC is a general function of capacitors, but it's not why they're used specifically in tuning circuits. D is wrong because it's transistors, not capacitors, that amplify signals."
"Physics","Capacitors","Two capacitors of 3 μF and 6 μF are connected in series. The equivalent capacitance is","9 μF","2 μF","18 μF","0.5 μF","B","Correct: For capacitors in series, 1/C = 1/C₁ + 1/C₂ = 1/3 + 1/6 = 2/6 + 1/6 = 3/6 = 1/2, so C = 2 μF. A is wrong because 9 μF = C₁ + C₂ mistakenly applies the parallel formula. C is wrong because 18 μF = C₁ × C₂ is just the product, without the sum in the denominator that the series formula requires. D is wrong because 0.5 μF = 1/(C₁ + C₂) inverts the calculation incorrectly."
"Physics","Electric Cells & Current Electricity","The internal resistance of a cell is 0.5 Ω and its emf is 2 V. When connected to an external resistance of 1.5 Ω, the terminal voltage is","1.5 V","2.0 V","0.5 V","1.0 V","A","Correct: Current I = EMF/(R + r) = 2/(1.5 + 0.5) = 2/2 = 1 A, so terminal voltage = EMF − Ir = 2 − 1 × 0.5 = 1.5 V (equivalently V = IR = 1 × 1.5 = 1.5 V). B is wrong because 2.0 V is the emf itself, not the terminal voltage, which must account for the internal resistance drop. C is wrong because 0.5 V = Ir is the lost voltage (voltage drop across internal resistance), not the terminal voltage. D is wrong because 1.0 V results from an arithmetic error."
"Physics","Electric Cells & Current Electricity","Ohm's law states that the current through a conductor is proportional to the potential difference across it, provided","The material is a semiconductor","The physical conditions (especially temperature) remain constant","The current is alternating","The conductor is a liquid","B","Correct: Ohm's law, V = IR with R constant, holds only when the physical conditions, particularly temperature, remain unchanged, since temperature changes alter resistance, making the law invalid for non-ohmic conductors. A is wrong because semiconductors actually do not strictly obey Ohm's law — they are non-ohmic. C is wrong because Ohm's law applies to both AC and DC for ohmic conductors, not specifically to alternating current. D is wrong because Ohm's law primarily applies to metallic conductors; electrolytes may not obey it."
"Physics","Electric Cells & Current Electricity","Three resistors of 2 Ω, 3 Ω, and 6 Ω are connected in parallel. The effective resistance is","11 Ω","1 Ω","0.09 Ω","6 Ω","B","Correct: 1/R = 1/2 + 1/3 + 1/6 = 3/6 + 2/6 + 1/6 = 6/6 = 1, so R = 1 Ω. A is wrong because 11 Ω = 2 + 3 + 6 mistakenly applies the series formula. C is wrong because 0.09 Ω results from an arithmetic error. D is wrong because 6 Ω uses only one of the resistor values instead of combining all three."
"Physics","Electric Cells & Current Electricity","The resistivity of a material is defined as the resistance of","A sample of the material of any size","A conductor of unit length and unit cross-sectional area","A conductor 1 m long and 1 cm² cross-section","Any conductor at 0°C","B","Correct: Resistivity ρ = RA/L is the resistance of a conductor with unit length (1 m) and unit cross-sectional area (1 m²); it is a material property, independent of the sample's actual size, with units of Ω·m. A is wrong because resistivity is size-independent — it's specifically a material property, not tied to 'any size.' C is wrong because the standard SI reference uses 1 m² cross-section, not 1 cm². D is wrong because resistivity is defined at a standard reference temperature in general, but 0°C specifically is not part of the definition — temperature affects resistivity but doesn't define it."
"Physics","Electric Cells & Current Electricity","In Kirchhoff's current law, the sum of currents entering a junction equals","Zero","The sum of currents leaving the junction","The EMF of the circuit","The voltage at the junction","B","Correct: Kirchhoff's Current Law states that the algebraic sum of currents at any junction = 0, equivalently expressed as ΣI_in = ΣI_out, based on the conservation of charge. A is wrong because the sum is zero only when currents entering are algebraically combined with currents leaving as negative — option B states the relationship more directly. C is wrong because EMF is not related to the current balance at a junction. D is wrong because voltage at a junction is determined by Kirchhoff's Voltage Law, not the current law."
"Physics","Electric Cells & Current Electricity","A potentiometer is preferred over a voltmeter for measuring EMF because","It is cheaper and easier to use","It draws no current from the cell when balanced, so it measures true EMF","It has a lower resistance than a voltmeter","It works only with AC","B","Correct: At the balance point of a potentiometer, no current flows from the cell being tested, so there's no internal resistance drop (Ir = 0), meaning terminal voltage equals the true EMF; a voltmeter, by contrast, draws current and causes a voltage drop, giving a reading less than the true EMF. A is wrong because cost and ease of use are not the technical advantage being described. C is wrong because a potentiometer effectively has INFINITE resistance at balance, the opposite of having a lower resistance. D is wrong because potentiometers work with both AC and DC, though they are primarily used with DC."
"Physics","Electric Cells & Current Electricity","The meter bridge (Wheatstone bridge) is used to measure","EMF of a cell","Unknown resistance by comparing with a known resistance at balance","Capacitance","Frequency of AC","B","Correct: At balance, P/Q = R/S (where S is the unknown resistance); the meter bridge is a practical form of Wheatstone bridge that uses a resistance wire to find the balance point where the galvanometer reads zero, allowing calculation of the unknown resistance. A is wrong because EMF is measured with a potentiometer, not a meter bridge. C is wrong because capacitance is measured with an LCR meter or an AC bridge. D is wrong because frequency measurement requires an oscilloscope or a frequency counter."
"Physics","Electric Cells & Current Electricity","A heater rated 500 W operates at 250 V. The current drawn and resistance are","2 A and 125 Ω","0.5 A and 500 Ω","5 A and 50 Ω","2 A and 250 Ω","A","Correct: P = IV, so I = P/V = 500/250 = 2 A, and R = V/I = 250/2 = 125 Ω (equivalently R = V²/P = 250²/500 = 125 Ω). B is wrong because 0.5 A = V/P inverts the correct formula. C is wrong because 5 A = P/50V uses an incorrect voltage value. D is wrong because R = 250 Ω confuses the voltage value with the resistance itself."
"Physics","Electric Cells & Current Electricity","The domestic wiring system uses parallel connection because","It is cheaper to wire","All appliances receive the same full voltage and can be independently controlled","The current is the same through all appliances","Parallel circuits have higher resistance","B","Correct: In parallel wiring, all devices receive the same supply voltage, each device can be switched on or off independently, and if one fails, the others continue working — series wiring would instead reduce voltage for each device. A is wrong because parallel wiring actually uses more wire, making it more expensive, not cheaper. C is wrong because having the same current through all components is a property of SERIES circuits, not parallel ones. D is wrong because parallel circuits have LOWER effective resistance than series circuits, not higher."
"Physics","Electric Cells & Current Electricity","The fuse in an electrical circuit is designed to","Increase current flow","Melt and break the circuit when current exceeds a safe limit, protecting the circuit","Measure the current in the circuit","Store electrical energy","B","Correct: A fuse is a thin wire with a low melting point; when current exceeds the rated value, the fuse heats up and melts, breaking the circuit and preventing damage to appliances or fire hazards. A is wrong because fuses limit, rather than increase, current flow. C is wrong because ammeters measure current, whereas fuses serve to protect circuits. D is wrong because capacitors store electrical energy — fuses are strictly protective devices."
"Physics","Magnetism & Electromagnetism","The direction of the force on a current-carrying conductor in a magnetic field is given by","Fleming's right-hand rule","Fleming's left-hand rule","The right-hand screw rule","The right-hand grip rule","B","Correct: Fleming's left-hand rule (the motor rule) uses the thumb for thrust/force, index finger for field (B), and middle finger for conventional current direction, and is used for motors and current-in-field force problems. A is wrong because Fleming's right-hand rule is instead the generator rule, used for determining induced EMF direction. C is wrong because the right-hand screw rule determines the direction of B around a straight current-carrying wire, a different application. D is wrong because the right-hand grip rule also determines the direction of B around a conductor, not the force on it."
"Physics","Magnetism & Electromagnetism","A galvanometer is converted to an ammeter by connecting","A high resistance in series","A low resistance (shunt) in parallel","A capacitor in series","An inductor in parallel","B","Correct: Ammeter conversion involves connecting a shunt, a low resistance, in parallel with the galvanometer, so most of the current bypasses the galvanometer through the shunt, allowing measurement of larger currents while protecting the galvanometer. A is wrong because a high resistance in series instead converts a galvanometer to a VOLTMETER, not an ammeter. C is wrong because a capacitor in series would block DC, making it useless for DC ammeters. D is wrong because inductors are not used in the process of galvanometer conversion."
"Physics","Magnetism & Electromagnetism","Lenz's law states that the induced current in a circuit is in a direction that","Opposes the change in flux that causes it","Is always clockwise","Amplifies the motion causing the induction","Is perpendicular to the magnetic flux","A","Correct: Lenz's law is a statement of energy conservation in electromagnetism — the induced current opposes the change that causes it; if flux increases, the induced current creates a field opposing that increase, which is why induction requires work. B is wrong because the direction of induced current is not always clockwise — it depends on the specific geometry of the flux change. C is wrong because amplifying the motion would violate conservation of energy — Lenz's law specifically ensures opposition. D is wrong because induced current flows in a circuit loop, and describing it as perpendicular to flux misrepresents the law."
"Physics","Magnetism & Electromagnetism","Faraday's law of electromagnetic induction states that the induced EMF is","Proportional to the current in the circuit","Equal to the rate of change of magnetic flux linkage through the circuit","Inversely proportional to the resistance of the circuit","Equal to the magnetic flux density","B","Correct: Faraday's law states EMF = −dΦ/dt = −N dΦ/dt for N turns, meaning the induced EMF equals the rate of change of magnetic flux linkage, with the negative sign representing Lenz's law. A is wrong because induced EMF depends on the rate of flux change, not on the current itself. C is wrong because resistance affects the current that flows once EMF is induced (I = EMF/R), but not the induced EMF itself. D is wrong because EMF is proportional to the RATE OF CHANGE of flux, not simply the flux density."
"Physics","Magnetism & Electromagnetism","An AC generator works on the principle of","Lenz's law only","Faraday's law of electromagnetic induction as the coil rotates in a magnetic field","The motor effect","Electrostatic induction","B","Correct: An AC generator works by rotating a coil in a magnetic field, and the changing flux through the coil induces an alternating EMF according to Faraday's law, with the rotating coil producing a sinusoidal output. A is wrong because Lenz's law describes only the direction of the induced current, which is one aspect of generation, not the full principle. C is wrong because the motor effect is the reverse process — converting electrical current in a field into mechanical force, rather than generation. D is wrong because electrostatic induction is a static charge phenomenon, unrelated to electromagnetic generation."
"Physics","Magnetism & Electromagnetism","A transformer has 200 primary turns and 1000 secondary turns. If the primary voltage is 240 V, the secondary voltage is","48 V","1200 V","240 V","2400 V","B","Correct: V_s/V_p = N_s/N_p, so V_s = V_p × (N_s/N_p) = 240 × (1000/200) = 240 × 5 = 1200 V, indicating this is a step-up transformer since N_s > N_p. A is wrong because 48 V = 240/5 mistakenly applies the step-DOWN ratio instead of step-up. C is wrong because 240 V would only apply if the turns were equal, which they aren't here. D is wrong because 2400 V = 240 × 10 uses an incorrect turns ratio of 10 instead of the correct 5."
"Physics","Magnetism & Electromagnetism","The angle of declination at a location is the angle between","The horizontal and the direction of Earth's magnetic field","True (geographic) north and magnetic north at that location","The Earth's magnetic poles and geographic poles","Magnetic field lines and the vertical","B","Correct: The angle of declination (magnetic variation) is the horizontal angle between true geographic north and magnetic north at a given location, which navigators must account for when using a magnetic compass. A is wrong because this instead describes the angle of dip (inclination), the vertical component of Earth's field. C is wrong because the angle between magnetic and geographic poles is a global quantity, not the location-specific declination. D is wrong because the angle between field lines and the vertical is also the angle of dip, not declination."
"Physics","Magnetism & Electromagnetism","The angle of dip (magnetic inclination) is 90° at the","Magnetic equator","Geographic equator","Magnetic poles","Tropics","C","Correct: At the magnetic poles, Earth's magnetic field points vertically (downward or upward), giving an angle of dip of 90°; at the magnetic equator, the field is horizontal and the dip is 0°. A is wrong because at the magnetic equator, the dip is 0°, since the field is horizontal there. B is wrong because the geographic equator is close to the magnetic equator, where dip is approximately 0°. D is wrong because at the tropics, the dip has intermediate values, somewhere between 0° and 90°."
"Physics","Magnetism & Electromagnetism","Eddy currents in transformer cores are reduced by","Using a solid iron core","Laminating the core with insulated thin sheets of iron","Increasing the frequency of AC","Using copper for the core","B","Correct: Eddy currents are circulating currents induced within the core; laminating the core (layering thin iron sheets insulated from each other) restricts eddy currents to small loops within each sheet, greatly reducing their magnitude and the resulting heating loss. A is wrong because a solid core actually provides a large cross-section for eddy currents, the opposite of the intended solution. C is wrong because higher frequency actually induces LARGER eddy currents, since dΦ/dt increases. D is wrong because copper is a better conductor than iron, which would increase, not decrease, eddy current losses."
"Physics","Magnetism & Electromagnetism","In a DC motor, the function of the commutator is to","Increase the speed of the motor","Reverse the current in the coil every half turn to maintain continuous rotation in one direction","Supply current to the field magnets","Reduce friction in the motor","B","Correct: The commutator (split ring) reverses the current in the armature coil every half revolution; without this, the coil would simply oscillate back and forth, but the commutator ensures the torque always acts in the same direction, maintaining continuous rotation. A is wrong because speed is controlled by voltage or current, not by the commutator's function. C is wrong because field current is supplied through separate connections, not through the commutator. D is wrong because friction is reduced by bearings, not by the commutator."
"Physics","Magnetism & Electromagnetism","The inductance of a coil is defined as the ratio of","EMF to current","Magnetic flux linkage to current","Current to voltage","Power to current","B","Correct: Inductance L = NΦ/I, the flux linkage per unit current (alternatively L = EMF/(dI/dt)), measured in Henry (H); an inductor opposes changes in current through electromagnetic induction. A is wrong because EMF divided by current gives resistance (per Ohm's law), not inductance. C is wrong because current divided by voltage gives conductance (1/R), a different quantity. D is wrong because power divided by current gives voltage (since P = IV), unrelated to inductance."
"Physics","Magnetism & Electromagnetism","A moving coil galvanometer uses a radial magnetic field to ensure that","The coil vibrates at high frequency","The deflection is directly proportional to current at all angles (linear scale)","The current is amplified","Temperature does not affect the reading","B","Correct: The radial field, created using curved pole pieces with a soft iron cylinder, ensures the field is always parallel to the plane of the coil at all angles, making the torque (and hence deflection) directly proportional to current, giving a linear, uniform scale. A is wrong because the frequency of vibration is not related to the radial field's design purpose. C is wrong because galvanometers detect current — they don't amplify it in any way. D is wrong because temperature compensation is achieved through materials with low temperature coefficients, not through the radial field design."
"Physics","Simple AC Circuits","The RMS (root mean square) value of an AC current is related to its peak value I₀ by","I_rms = 2I₀","I_rms = I₀/2","I_rms = I₀/√2","I_rms = √2 × I₀","C","Correct: For a sinusoidal AC current, I_rms = I₀/√2 ≈ 0.707 I₀, the equivalent DC value that produces the same heating effect; the mains supply voltage (220–240 V) is quoted as an RMS value. A is wrong because 2I₀ doubles the peak, giving a value larger than the peak itself, which is impossible for RMS. B is wrong because I₀/2 = 0.5I₀ is not the correct RMS ratio, which is 1/√2 ≈ 0.707. D is wrong because √2 × I₀ exceeds I₀, but RMS must always be less than or equal to the peak value."
"Physics","Simple AC Circuits","In a purely capacitive AC circuit, the current","Lags the voltage by 90°","Is in phase with the voltage","Leads the voltage by 90°","Lags the voltage by 45°","C","Correct: For a pure capacitor, I = C dV/dt, so current is proportional to the rate of change of voltage, causing the current to lead the voltage by 90° (π/2 radians) — remembered via the mnemonic 'CIVIL' (In Capacitor, I leads V; in inductor L, V leads I). A is wrong because it's the voltage, not the current, that lags in an INDUCTOR by 90° — this describes the opposite component. B is wrong because being in phase describes the behavior of a pure resistor, not a capacitor. D is wrong because a 45° phase difference occurs in RC or RL circuits, not in a pure C or L component alone."
"Physics","Simple AC Circuits","At resonance in an RLC series circuit","Impedance is maximum and current is minimum","Inductive reactance equals capacitive reactance and impedance equals resistance","The circuit behaves as a pure capacitor","The power factor is zero","B","Correct: At resonance, X_L = X_C, so the net reactance = 0, giving impedance Z = R (its minimum value), and current = V/R (its maximum value), with power factor cos φ = R/Z = 1, meaning the circuit behaves as purely resistive. A is wrong because at resonance, impedance is actually MINIMUM and current is MAXIMUM — the opposite of what's stated. C is wrong because at resonance, the circuit behaves as a pure RESISTOR, not a capacitor. D is wrong because the power factor equals cos 0° = 1 at resonance (its maximum), not zero."
"Physics","Simple AC Circuits","Capacitive reactance X_C is given by","2πfC","1/(2πfC)","2πfL","L/f","B","Correct: X_C = 1/(2πfC) = 1/(ωC); it decreases as frequency increases, meaning a capacitor passes high-frequency AC more easily, with units of Ohms. A is wrong because 2πfC has the wrong units, giving F/s rather than Ω. C is wrong because 2πfL is actually the formula for inductive reactance, X_L, not capacitive. D is wrong because L/f is neither the capacitive nor inductive reactance formula."
"Physics","Simple AC Circuits","The resonant frequency of a series RLC circuit with L = 10 mH and C = 10 μF is","503 Hz","1592 Hz","159 Hz","50.3 Hz","A","Correct: f₀ = 1/(2π√LC) = 1/(2π√(10×10⁻³ × 10×10⁻⁶)) = 1/(2π√(10⁻⁷)) ≈ 1/(1.987×10⁻³) ≈ 503 Hz. B is wrong because 1592 Hz results from an error in the L or C values used. C is wrong because 159 Hz uses √(LC) with incorrect units. D is wrong because 50.3 Hz is off by a factor of 10."
"Physics","Conduction Through Liquids & Gases","Faraday's first law of electrolysis states that the mass of substance deposited at an electrode is","Inversely proportional to the time of electrolysis","Directly proportional to the quantity of charge (coulombs) passed through the electrolyte","Proportional to the temperature of the electrolyte","Independent of current","B","Correct: Faraday's 1st law states that mass ∝ Q = It, so the mass deposited is directly proportional to the quantity of electricity (current × time) passed, expressed as m = ZIt, where Z is the electrochemical equivalent. A is wrong because mass is DIRECTLY, not inversely, proportional to time at constant current. C is wrong because while temperature affects electrolyte conductivity generally, it isn't part of Faraday's 1st law itself. D is wrong because mass is in fact directly proportional to current at constant time, contradicting the claim of independence."
"Physics","Conduction Through Liquids & Gases","In electrolysis of copper sulfate solution using copper electrodes, at the anode","Copper is deposited","Hydrogen gas is released","Copper dissolves into solution, replenishing copper ions","Oxygen gas is released","C","Correct: With copper electrodes and CuSO₄ solution, at the cathode Cu²⁺ + 2e⁻ → Cu (copper is deposited), while at the anode Cu → Cu²⁺ + 2e⁻ (copper dissolves); the solution composition remains the same, which is the basis of electroplating and copper refining. A is wrong because copper is deposited at the CATHODE, not the anode. B is wrong because hydrogen gas is released only when platinum electrodes and dilute H₂SO₄ are used, not with copper electrodes. D is wrong because oxygen is released at the anode specifically when platinum electrodes and H₂SO₄ are used — not in this copper-electrode setup."
"Physics","Conduction Through Liquids & Gases","Thermionic emission is the release of electrons from a heated metal. The minimum energy required to release an electron from a metal surface is called","Ionization energy","Work function","Binding energy","Kinetic energy","B","Correct: The work function (φ) is the minimum energy needed to remove an electron from a metal's surface; in thermionic emission, thermal energy provides this, while in the photoelectric effect, photon energy (hf) must exceed φ. A is wrong because ionization energy refers to removing electrons from atoms in the gas phase, a different concept. C is wrong because binding energy refers to nuclear energy holding together atomic nuclei. D is wrong because kinetic energy is what the emitted electron possesses AFTER overcoming the work function, not the work function itself."
"Physics","Elementary Modern Physics","Einstein's photoelectric equation is E = hf = φ + ½mv². Here φ represents","The kinetic energy of the emitted electron","The work function — minimum energy to release an electron from the metal surface","The frequency of incident light","The total energy of the photon after emission","B","Correct: In hf = φ + KE_max, hf is the photon energy, φ (the work function) is the energy used to overcome surface binding, and ½mv² is the maximum kinetic energy of the emitted electron. A is wrong because ½mv² is the kinetic energy term — φ specifically represents the work function, a separate quantity. C is wrong because frequency f appears within the term hf, while φ represents the work function, not frequency itself. D is wrong because after emission, the photon has already been absorbed — it has no leftover energy afterward."
"Physics","Elementary Modern Physics","The stopping potential in photoelectric effect is the minimum reverse voltage needed to","Accelerate photoelectrons toward the anode","Stop the most energetic photoelectrons from reaching the anode","Increase the photoelectric current","Change the frequency of incident light","B","Correct: Stopping potential V₀ satisfies eV₀ = KE_max = ½mv²_max; it is the reverse bias voltage that stops even the most energetic electrons from reaching the anode, reducing the photoelectric current to zero. A is wrong because stopping potential opposes, rather than accelerates, electron motion. C is wrong because stopping potential reduces the current to zero, it doesn't increase it. D is wrong because stopping potential cannot alter the frequency of the incident light at all."
"Physics","Elementary Modern Physics","The half-life of a radioactive element is 20 days. What fraction remains after 80 days?","1/4","1/16","1/8","1/32","B","Correct: Number of half-lives = 80/20 = 4, so the fraction remaining = (1/2)⁴ = 1/16. A is wrong because 1/4 = (1/2)² corresponds to only 40 days, i.e. 2 half-lives. C is wrong because 1/8 = (1/2)³ corresponds to 60 days, i.e. 3 half-lives. D is wrong because 1/32 = (1/2)⁵ corresponds to 100 days, i.e. 5 half-lives."
"Physics","Elementary Modern Physics","Alpha particles are deflected more by electric and magnetic fields than beta particles because","Alpha particles have greater charge-to-mass ratio","Alpha particles are larger and slower with higher charge","Beta particles travel faster (approaching speed of light) with much less charge","Both A and C are correct","C","Correct: Note this question's phrasing appears inverted relative to its own answer — beta particles are actually deflected MORE than alpha particles, since beta particles (electrons) move at near light speed with only −1e charge, while alpha particles have +2e charge but are far heavier (about 7300× the electron mass) and slower, so despite their higher charge, alphas are deflected LESS. A is wrong because alpha's charge-to-mass ratio (2e/4u) is actually LESS than that of beta particles (e/0.00055u). B is wrong because size doesn't determine deflection in a field — charge and momentum are what matter. D is wrong since option A is incorrect."
"Physics","Elementary Modern Physics","In nuclear fission, a heavy nucleus splits into lighter fragments. Energy is released because","The fragments have greater mass than the original nucleus","The total mass of the fragments is less than the original nucleus (mass defect), and E = mc²","The neutrons are converted to protons","The temperature of the nucleus decreases","B","Correct: Mass defect (Δm) is the difference between the mass of the original nucleus and the sum of the fragment masses; this mass converts to energy per E = Δmc², which is the basis of both nuclear power and atomic bombs. A is wrong because if the fragments had greater mass, energy would need to be INPUT rather than released. C is wrong because neutron-to-proton conversion describes beta decay, a separate process from fission. D is wrong because temperature actually increases, not decreases, as kinetic energy is released during fission."
"Physics","Elementary Modern Physics","Which type of radiation is stopped by a thin sheet of paper?","Beta radiation","Gamma radiation","Alpha radiation","X-rays","C","Correct: In order of increasing penetrating power, Alpha (α) < Beta (β) < Gamma (γ); alpha particles are stopped by a sheet of paper or a few centimetres of air, due to their large mass and charge. A is wrong because beta radiation passes through paper and requires aluminum or plastic to stop it. B is wrong because gamma rays require thick lead or concrete — paper has essentially no effect on them. D is wrong because X-rays require dense materials to stop; paper cannot block them either."
"Physics","Elementary Modern Physics","Bohr's model of the atom postulates that electrons","Revolve randomly around the nucleus","Occupy fixed energy levels (stationary states) and emit radiation only when transitioning between levels","Are embedded in a sphere of positive charge","Have no definite position around the nucleus","B","Correct: Bohr's postulates state that electrons orbit in specific allowed energy levels without emitting radiation while in a stationary state, and that they emit or absorb photons (E = hf = E₂ − E₁) only when transitioning between energy levels. A is wrong because random revolving contradicts Bohr's model of fixed, defined orbits. C is wrong because electrons embedded in a sphere of positive charge describes Thomson's plum pudding model, which Bohr's model improved upon. D is wrong because having no definite position describes the later quantum mechanical (probability-based) model, not Bohr's model."
"Physics","Elementary Modern Physics","The de Broglie wavelength of a particle of mass m moving with velocity v is","λ = mv/h","λ = h/mv","λ = hmv","λ = h²/mv","B","Correct: de Broglie's hypothesis states λ = h/p = h/(mv), where h is Planck's constant, m is mass, and v is velocity, demonstrating wave-particle duality — that all matter has an associated wavelength. A is wrong because mv/h inverts the formula, giving the reciprocal of wavelength (a wave number). C is wrong because hmv has dimensions inconsistent with a wavelength. D is wrong because h²/mv also has incorrect dimensions for representing wavelength."
"Physics","Elementary Modern Physics","The process of nuclear fusion involves","Heavy nuclei splitting into lighter ones","Light nuclei combining to form heavier nuclei with release of energy","A nucleus losing an alpha particle","A neutron converting to a proton","B","Correct: Nuclear fusion involves light nuclei, such as hydrogen isotopes, combining at extremely high temperatures to form heavier nuclei, releasing enormous energy — this powers the sun and hydrogen bombs. A is wrong because heavy nuclei splitting describes nuclear FISSION (as in atomic bombs or nuclear reactors), the opposite process. C is wrong because a nucleus losing an alpha particle describes alpha decay, a form of radioactive decay, not fusion. D is wrong because neutron-to-proton conversion describes beta-minus decay, an unrelated process."
"Physics","Elementary Modern Physics","X-rays are produced when","Electrons collide with high-speed protons","Fast-moving electrons are suddenly decelerated upon hitting a metal target","Gamma rays strike a metal surface","UV light strikes a metal surface","B","Correct: X-rays are produced in an X-ray tube when electrons, accelerated through a high voltage, hit a metal target such as tungsten; the sudden deceleration produces high-energy electromagnetic radiation known as Bremsstrahlung X-rays. A is wrong because electron-proton collision is not the standard method used for X-ray production. C is wrong because gamma rays striking metal would instead produce the photoelectric effect, not X-rays. D is wrong because UV light striking metal produces the photoelectric effect (electron emission), not X-ray production."
"Physics","Elementary Modern Physics","The Heisenberg Uncertainty Principle states that","Energy and time can be measured simultaneously and precisely","The position and momentum of a particle cannot both be precisely known simultaneously","An electron's velocity can be exactly determined","Mass and energy are interconvertible","B","Correct: Heisenberg's Uncertainty Principle states Δx · Δp ≥ h/4π, meaning the more precisely position (Δx) is known, the less precisely momentum (Δp = mΔv) can be known, and vice versa — a fundamental quantum limit, not merely a measurement limitation. A is wrong because energy-time uncertainty (ΔE·Δt ≥ h/4π) also applies — they cannot both be simultaneously precise either. C is wrong because exact velocity determination would require exact momentum, which would violate the principle. D is wrong because mass-energy equivalence (E = mc²) is a statement from Einstein's special relativity, not the Heisenberg principle."
"Physics","Elementary Modern Physics","A radioactive nucleus ²³⁸₉₂U emits an alpha particle. The resulting nucleus is","²³⁴₉₀Th","²³⁸₉₃Np","²³⁴₉₁Pa","²³⁶₉₀Th","A","Correct: In alpha decay, α = ₂⁴He, so the new mass number = 238 − 4 = 234, and the new atomic number = 92 − 2 = 90 (Thorium), giving the resulting nucleus ²³⁴₉₀Th. B is wrong because ²³⁸₉₃Np shows an atomic number increased by 1, which would indicate beta decay, not alpha decay. C is wrong because ²³⁴₉₁Pa shows the atomic number decreased by only 1, not the required 2. D is wrong because ²³⁶₉₀Th shows the mass number decreased by only 2, not the required 4."
"Physics","Elementary Modern Physics","In beta-minus decay, a neutron in the nucleus","Absorbs an electron and becomes a proton","Converts to a proton with emission of an electron (beta particle) and an antineutrino","Splits into two protons","Emits a gamma ray only","B","Correct: In beta-minus decay, n → p + e⁻ + ν̄_e, meaning a neutron converts to a proton, emitting a high-speed electron (the beta particle) and an antineutrino; the atomic number increases by 1 while the mass number stays unchanged. A is wrong because a neutron ABSORBING an electron instead describes electron capture, a different process from beta decay. C is wrong because neutrons cannot split into two protons, as this would violate charge conservation. D is wrong because gamma emission may accompany other types of decay, but it is not the primary process defining beta decay."
"Physics","Introductory Electronics","An n-type semiconductor is formed when silicon is doped with","A trivalent element (e.g., boron)","A pentavalent element (e.g., phosphorus or arsenic)","A divalent element (e.g., magnesium)","No dopant — it is pure silicon","B","Correct: Silicon has 4 valence electrons; doping with a pentavalent atom (5 valence electrons), like phosphorus, provides an extra electron, creating an n-type semiconductor with electrons as the majority charge carriers. A is wrong because trivalent elements like boron instead create p-type semiconductors, with holes as majority carriers. C is wrong because divalent elements would create acceptor states different from a standard n-type semiconductor. D is wrong because pure silicon with no dopant is simply an intrinsic semiconductor, with no excess carriers."
"Physics","Introductory Electronics","A p-n junction diode allows current to flow easily when","The p-side is connected to negative terminal and n-side to positive (reverse bias)","The p-side is connected to positive terminal and n-side to negative (forward bias)","No voltage is applied","A very large reverse voltage is applied","B","Correct: In forward bias, the p-side connects to the positive terminal and the n-side to the negative terminal, which reduces the depletion region and allows current to flow easily. A is wrong because that arrangement is actually reverse bias, which increases the depletion layer and blocks current. C is wrong because with no voltage applied, only a tiny thermal current flows across the junction. D is wrong because a very large reverse voltage leads to electrical breakdown, which is not normal diode operation."
"Physics","Introductory Electronics","In half-wave rectification, the output","Has both positive and negative cycles smoothed out","Contains only one half of each AC cycle (either positive or negative) as pulsating DC","Is pure DC with constant voltage","Contains the full AC waveform","B","Correct: Half-wave rectification uses a single diode, which conducts only during one half-cycle (e.g. positive), blocking the other half, so the output is pulsating DC with a frequency equal to the supply frequency. A is wrong because smoothing an output into both cycles requires a capacitor filter applied after rectification, which isn't part of basic half-wave rectification. C is wrong because pure constant DC requires both rectification and additional smoothing, not just half-wave rectification alone. D is wrong because the full AC waveform is the input to the rectifier, not its output."
"Physics","Introductory Electronics","The difference between a conductor, semiconductor, and insulator in band theory is based on","Their mass and density","The size of the energy gap between valence and conduction bands","Their color and transparency","Their temperature only","B","Correct: In band theory, a conductor has overlapping valence and conduction bands (no gap, electrons flow freely); a semiconductor has a small band gap (~1 eV, e.g. silicon = 1.1 eV) allowing some conduction; and an insulator has a large band gap (>5 eV) that prevents conduction at normal temperatures. A is wrong because mass and density are physical properties unrelated to a material's electrical conduction classification. C is wrong because color and transparency relate to optical band gaps, not the electrical classification of these materials. D is wrong because while temperature does affect conduction in semiconductors, it is not the defining distinction between the three material types."
"Physics","Introductory Electronics","A transistor can be used as an amplifier because","A small base current controls a much larger collector current, producing a larger output signal","It has three terminals instead of two","It operates on both AC and DC","It is made of semiconductor material","A","Correct: Transistor amplification works because a small input current at the base (I_B) controls a much larger collector current (I_C = hFE × I_B, where hFE is the current gain, typically 50–300), allowing a small input signal to produce a larger output signal. B is wrong because having three terminals is simply a physical fact about transistors, not the reason for amplification. C is wrong because operating on both AC and DC is a general characteristic, not the specific mechanism behind amplification. D is wrong because being a semiconductor is what makes transistors work in general, but it doesn't specifically explain the amplification mechanism."
