Subject,Topic,Q#,Question,Option A,Option B,Option C,Option D,Correct Answer,Explanation,Why Other Options Are Wrong
Chemistry,Separation of Mixtures,1,Which separation technique is most appropriate for separating a mixture of iodine and sand?,Filtration,Sublimation,Distillation,Decantation,B,"Iodine sublimes (converts directly from solid to vapour) when heated, leaving the sand behind. This makes sublimation the correct technique for this mixture.","A: Filtration separates insoluble solid from liquid, not two solids. C: Distillation separates liquids based on boiling point differences. D: Decantation pours off a liquid from a settled solid."
Chemistry,Separation of Mixtures,2,The boiling point of a substance is used as a criterion for purity because,impure substances have higher boiling points than pure ones,"a pure substance boils at a sharp, constant temperature",all mixtures boil at exactly 100°C,impure substances do not boil at all,B,"A pure substance has a definite, sharp boiling point. The presence of impurities causes boiling point elevation and the substance boils over a range of temperatures rather than at a single point.","A: Impurities generally elevate the boiling point but the substance no longer boils sharply. C: Only pure water boils at 100°C; this is not true for all mixtures. D: Impure substances still boil, just over a range."
Chemistry,Separation of Mixtures,3,Fractional distillation differs from simple distillation in that it,uses higher temperatures,separates liquids with widely different boiling points,separates liquids with close boiling points using a fractionating column,is used to purify solids,C,"Fractional distillation uses a fractionating column packed with glass beads or plates, allowing separation of liquids whose boiling points are close together (e.g., within 25°C of each other). Simple distillation is used when boiling points differ widely.","A: Temperature is controlled by the component being separated, not arbitrarily higher. B: Simple distillation is used when boiling points differ widely. D: Solids are purified by recrystallization."
Chemistry,Separation of Mixtures,4,"In paper chromatography, the component that travels the greatest distance from the baseline is the one that",has the highest solubility in the stationary phase,has the strongest affinity for the stationary phase,has the greatest affinity for the mobile phase,has the highest molecular mass,C,"In chromatography, the Rf value is higher for components that prefer the mobile phase over the stationary phase. Greater affinity for the mobile phase means the component is carried further up the paper.",B: High affinity for the stationary phase causes the component to stay near the baseline (low Rf). D: Molecular mass alone does not determine travel distance; solubility in phases does.
Chemistry,Separation of Mixtures,5,Which of the following pairs can be separated by the process of magnetization?,Salt and water,Iron filings and sulphur powder,Alcohol and water,Sand and gravel,B,"Iron is a magnetic material. When a magnet is passed over a mixture of iron filings and sulphur powder, the iron filings are attracted and removed, leaving the sulphur behind.",A: Salt dissolves in water; evaporation is used. C: Alcohol and water have close boiling points; fractional distillation is used. D: Sand and gravel can be separated by sieving.
Chemistry,Separation of Mixtures,6,The process used to separate a dissolved solid from its solution by cooling a hot saturated solution is called,evaporation,sublimation,crystallization,filtration,C,"Crystallization involves dissolving a solid in a hot solvent to form a saturated solution, then cooling it slowly. As the solution cools, the solid's solubility decreases and it crystallizes out of solution.","A: Evaporation removes solvent by heating, leaving the solid, but may decompose heat-sensitive compounds and gives impure product. B: Sublimation is for solids that vaporize directly. D: Filtration separates insoluble solids from liquids."
Chemistry,Separation of Mixtures,7,A mixture of petrol and water can be separated by,Filtration,Chromatography,Use of a separating funnel,Distillation,C,"Petrol and water are immiscible liquids — they form two distinct layers. A separating funnel allows the denser layer (water) to be run off first through the tap, separating the two liquids.",A: Filtration is for solid-liquid separation. B: Chromatography separates components in solution. D: Distillation would work but is more complex; separating funnel is the standard method for immiscible liquids.
Chemistry,Separation of Mixtures,8,Which of the following is NOT a criterion used to establish the purity of a substance?,Sharp melting point,Colour of the substance,Sharp boiling point,Melting point that agrees with the literature value,B,Purity is established by sharp melting and boiling points at specific literature values. Colour can vary among pure substances and is not a reliable criterion for purity.,A: A pure solid melts sharply at a definite temperature. C: A pure liquid boils sharply at a definite temperature. D: Comparison with accepted literature values confirms purity.
Chemistry,Separation of Mixtures,9,The Rf value of a substance in chromatography is calculated as,distance moved by solvent / distance moved by spot,distance moved by spot / distance moved by solvent,distance moved by spot × distance moved by solvent,distance of baseline / distance moved by solvent,B,Rf = (distance moved by component/solute spot) ÷ (distance moved by solvent front). This ratio is always between 0 and 1 and is characteristic of the compound under specific conditions.,A: This is the inverse of Rf. C: This product has no physical meaning. D: Baseline is the starting point; this formula is incorrect.
Chemistry,Separation of Mixtures,10,"When a mixture of common salt and water is heated gently until all the water evaporates, the process is called",Distillation,Filtration,Evaporation to dryness,Crystallization,C,"Evaporation to dryness removes all the solvent (water) by heating, leaving the dissolved solid (salt) behind. This is different from crystallization where controlled cooling is involved.",A: Distillation collects the evaporated liquid (distillate). B: Filtration separates insoluble solids. D: Crystallization uses controlled cooling of a saturated solution.
Chemistry,Separation of Mixtures,11,Which of the following statements correctly distinguishes between a compound and a mixture?,"A compound contains only one element, while a mixture contains two or more elements","The components of a mixture retain their individual properties, while those of a compound do not","A mixture has a fixed composition, while a compound does not","A compound can be separated by physical means, while a mixture cannot",B,"In a mixture, each component retains its own physical and chemical properties. In a compound, the constituent elements combine chemically and their individual properties are replaced by the compound's own unique properties.","A: A compound contains elements in fixed ratio; both compounds and mixtures can contain multiple elements. C: This is reversed — compounds have fixed compositions, mixtures do not. D: This is reversed — mixtures can be separated physically; compounds require chemical means."
Chemistry,Separation of Mixtures,12,Column chromatography is preferred over paper chromatography for industrial separation because it,uses cheaper materials,can handle larger quantities of mixture,does not require a mobile phase,separates based on melting point,B,"Column chromatography uses a column packed with a stationary phase (e.g., silica gel or alumina) and can process much larger quantities of material, making it suitable for industrial-scale purification.","A: Column chromatography is generally more expensive due to column packing material. C: Both techniques require a mobile phase. D: Chromatography separates based on differential affinity, not melting point."
Chemistry,Chemical Combination,13,"According to the law of conservation of matter, in the reaction: 2H2 + O2 → 2H2O, if 4g of hydrogen reacts with 32g of oxygen, the mass of water produced is",28g,36g,32g,18g,B,Law of conservation of mass: total mass of reactants = total mass of products. 4g H2 + 32g O2 = 36g H2O. Nothing is lost.,"A: 28g would mean 8g is lost — this violates conservation of mass. C: 32g ignores the mass of hydrogen. D: 18g is the molar mass of one mole of water, not the total product here."
Chemistry,Chemical Combination,14,The law of multiple proportions applies to which of the following pairs?,NaCl and KCl,H2O and NaCl,CO and CO2,HCl and NaOH,C,"The law of multiple proportions states that when two elements (here C and O) combine to form more than one compound (CO and CO2), the masses of one element (O) that combine with a fixed mass of the other (C) are in a simple whole number ratio. In CO: ratio is 1:1; in CO2: ratio is 1:2.",A: NaCl and KCl involve different elements (Na and K). B: H2O and NaCl have no common pair of combining elements. D: HCl and NaOH do not demonstrate multiple proportions.
Chemistry,Chemical Combination,15,Avogadro's number (6.02 × 10^23) represents the number of,atoms in 1g of any element,molecules in 1dm3 of any gas at s.t.p.,particles in one mole of any substance,electrons in one mole of any compound,C,"Avogadro's number (6.02 × 10^23) is the number of elementary particles (atoms, molecules, ions, or formula units) in exactly one mole of any substance.","A: 1g of different elements contains different numbers of atoms depending on their molar mass. B: 1 mole of gas at STP occupies 22.4dm3, not 1dm3. D: The number of electrons per mole varies by compound."
Chemistry,Chemical Combination,16,How many moles of atoms are contained in 27g of aluminium? (Al = 27),0.5 mol,2 mol,1 mol,27 mol,C,"Moles = mass ÷ molar mass = 27g ÷ 27g/mol = 1 mol. The molar mass of Al is 27g/mol, so 27g contains exactly 1 mole of Al atoms.",A: 0.5 mol would correspond to 13.5g. B: 2 mol would be 54g. D: 27 mol would require 729g.
Chemistry,Chemical Combination,17,Gay-Lussac's law of combining volumes states that,equal volumes of all gases contain equal numbers of molecules at the same conditions,"at constant temperature and pressure, gases react in volumes that are in simple whole-number ratios",the volume of a gas is inversely proportional to its pressure at constant temperature,the total pressure of a gas mixture equals the sum of partial pressures,B,"Gay-Lussac's law states that when gases react, the volumes of the reactants and products (measured at the same temperature and pressure) are in simple whole-number ratios. For example: H2 + Cl2 → 2HCl (1:1:2 ratio by volume).",A: This is Avogadro's law. C: This is Boyle's law. D: This is Dalton's law of partial pressures.
Chemistry,Chemical Combination,18,The empirical formula of a compound is CH2O and its relative molecular mass is 180. The molecular formula is,CH2O,C2H4O2,C6H12O6,C3H6O3,C,"Empirical formula mass of CH2O = 12+2+16 = 30. n = 180/30 = 6. Molecular formula = (CH2O)6 = C6H12O6, which is glucose.","A: Molecular mass of CH2O = 30, not 180. B: C2H4O2 has mass 60, not 180. D: C3H6O3 has mass 90, not 180."
Chemistry,Chemical Combination,19,"In the reaction N2 + 3H2 → 2NH3, how many moles of NH3 are produced when 2 moles of N2 reacts completely?",2 mol,3 mol,4 mol,6 mol,C,"From the equation, 1 mol N2 produces 2 mol NH3. Therefore 2 mol N2 produces 2 × 2 = 4 mol NH3.",A: 2 mol would be the ratio from 1 mol N2. B: 3 mol corresponds to H2 consumed per mole of N2. D: 6 mol would require 3 mol N2.
Chemistry,Chemical Combination,20,The relative atomic mass of carbon is based on,the mass of a hydrogen atom,12C = 12,the average mass of all carbon isotopes,14C = 14,B,"By IUPAC convention, the relative atomic mass scale is based on 12C = 12 exactly. All other atomic masses are measured relative to this standard.","A: Historically hydrogen was used but the modern standard is 12C. C: The standard is the specific isotope 12C, not an average. D: 14C is a radioactive isotope not used as the standard."
Chemistry,Chemical Combination,21,"What mass of oxygen is required to completely burn 4g of hydrogen? (H = 1, O = 16)",16g,32g,8g,64g,B,"2H2 + O2 → 2H2O. 4g of H2 = 4/2 = 2 mol. From stoichiometry, 2 mol H2 requires 1 mol O2 = 32g.","A: 16g = 0.5 mol O2, insufficient for 2 mol H2. C: 8g = 0.25 mol O2, insufficient. D: 64g = 2 mol O2, which is double the required amount."
Chemistry,Chemical Combination,22,The law of definite proportions states that,elements combine in multiple whole-number ratios,a pure compound always contains the same elements in the same proportion by mass,gases react in simple whole-number volume ratios,mass is neither created nor destroyed in a chemical reaction,B,"Proust's Law (Law of Definite/Constant Proportions) states that a chemical compound always contains the same elements in the same fixed ratio by mass, regardless of the source or method of preparation.",A: This is the Law of Multiple Proportions (Dalton). C: This is Gay-Lussac's Law of Combining Volumes. D: This is the Law of Conservation of Mass.
Chemistry,Chemical Combination,23,"Calculate the number of molecules in 44g of CO2. (C = 12, O = 16, Avogadro's number = 6.02 × 10^23)",3.01 × 10^23,6.02 × 10^23,1.204 × 10^24,2.41 × 10^24,B,Molar mass of CO2 = 12 + 32 = 44g/mol. Moles = 44/44 = 1 mol. Number of molecules = 1 × 6.02 × 10^23 = 6.02 × 10^23.,A: 3.01 × 10^23 = 0.5 mol of CO2. C: 1.204 × 10^24 = 2 mol of CO2. D: 2.41 × 10^24 = 4 mol of CO2.
Chemistry,Chemical Combination,24,"In the law of reciprocal proportions, if element A combines with B, and B combines with C, then A and C will combine in a ratio that is",exactly the same as A:B,the same as or a simple multiple of A:C in their binary compounds with B,always in a 1:1 ratio,proportional to their atomic masses,B,"The law of reciprocal (equivalent) proportions states that when element A and element C both combine with a fixed mass of B, the ratio in which A and C combine with each other is the same or a simple multiple of their individual ratios with B.",A: The ratio A:B is for a different compound. C: The ratio is not necessarily 1:1. D: Atomic masses do not directly determine combining ratios in this law.
Chemistry,Kinetic Theory & Gas Laws,25,Brownian motion provides evidence for the kinetic theory because it shows that,gas molecules have high kinetic energy,molecules of a fluid are in constant random motion,gas molecules move faster at higher temperatures,solids have a fixed lattice structure,B,"Brownian motion (the random, zigzag movement of small visible particles in a fluid) is caused by the unequal bombardment of those particles by the invisible molecules of the fluid. This directly demonstrates that fluid molecules are in constant, random motion.","A: Brownian motion shows motion, not specifically high KE. C: This is true but not what Brownian motion specifically demonstrates. D: Brownian motion applies to liquids and gases, not solids."
Chemistry,Kinetic Theory & Gas Laws,26,A gas occupies a volume of 500cm3 at 27°C and 1 atm. What volume will it occupy at 127°C and 1 atm?,333cm3,666cm3,750cm3,2359cm3,B,Charles's law at constant pressure: V1/T1 = V2/T2. T1 = 27+273 = 300K; T2 = 127+273 = 400K. V2 = (500 × 400)/300 = 666.7 ≈ 667cm3. Closest answer is B.,A: 333cm3 results from incorrect calculation. C: 750cm3 would be the result at a different temperature. D: 2359cm3 is incorrect application of the formula.
Chemistry,Kinetic Theory & Gas Laws,27,The ideal gas equation PV = nRT is satisfied most closely by a real gas at,high pressure and low temperature,low pressure and high temperature,low pressure and low temperature,high pressure and high temperature,B,"Real gases behave most ideally (molecules far apart, negligible intermolecular forces, negligible molecular volume) at low pressure (molecules spread far apart) and high temperature (high kinetic energy overcomes intermolecular attractions).","A: High pressure compresses molecules, making their volume significant — deviation from ideal. C: Low temperature increases intermolecular attraction, causing deviation. D: High pressure causes significant deviation."
Chemistry,Kinetic Theory & Gas Laws,28,Graham's law of diffusion states that the rate of diffusion of a gas is,directly proportional to its molecular mass,inversely proportional to the square root of its molecular mass,directly proportional to its temperature,inversely proportional to its pressure,B,Graham's law: r ∝ 1/√M. Lighter gases diffuse faster than heavier gases. The rate is inversely proportional to the square root of the molar mass.,A: This is the inverse of the correct relationship. C: Temperature affects diffusion but this is not Graham's law. D: Pressure effect on diffusion is not Graham's law.
Chemistry,Kinetic Theory & Gas Laws,29,The vapour density of a gas is 22. What is its relative molecular mass?,11,22,44,88,C,"Relative molecular mass = 2 × vapour density = 2 × 22 = 44. This relationship holds because vapour density is the mass of a given volume of gas relative to the same volume of hydrogen at the same conditions, and H2 has molecular mass 2.",A: 11 is half the vapour density. B: 22 equals the vapour density but not the molecular mass. D: 88 is four times the vapour density.
Chemistry,Kinetic Theory & Gas Laws,30,A gas at STP occupies 11.2dm3. How many moles of the gas are present?,0.5 mol,1.0 mol,2.0 mol,22.4 mol,A,"At STP, 1 mole of any gas occupies 22.4dm3. Moles = 11.2/22.4 = 0.5 mol.",B: 1.0 mol would occupy 22.4dm3. C: 2.0 mol would occupy 44.8dm3. D: 22.4 mol would occupy an enormous volume.
Chemistry,Kinetic Theory & Gas Laws,31,Which gas law is applicable when a balloon is compressed at constant temperature?,Charles's law,Dalton's law,Boyle's law,Graham's law,C,"Boyle's law states that at constant temperature, the pressure of a fixed mass of gas is inversely proportional to its volume (PV = constant). Compressing a balloon at constant temperature is a direct application of Boyle's law.",A: Charles's law relates volume to temperature at constant pressure. B: Dalton's law is about partial pressures of gas mixtures. D: Graham's law is about rates of diffusion.
Chemistry,Kinetic Theory & Gas Laws,32,"At constant volume, when the temperature of a gas is doubled (in Kelvin), the pressure",halves,doubles,remains constant,quadruples,B,"At constant volume, Gay-Lussac's Pressure Law: P/T = constant. If T doubles (in Kelvin), P doubles. P2 = P1 × T2/T1 = P1 × 2T1/T1 = 2P1.",A: Halving pressure would occur if temperature halved. C: Pressure changes with temperature at constant volume (unlike Boyle's law). D: Quadrupling would require temperature to quadruple.
Chemistry,Kinetic Theory & Gas Laws,33,Which of the following correctly describes the process of condensation in terms of kinetic theory?,Molecules gain energy and move apart,"Molecules lose energy, slow down, and come closer together",Molecules break apart into atoms,Molecules increase in volume,B,"Condensation (gas to liquid) occurs when gas molecules lose kinetic energy (cool down), slow down, come closer together, and intermolecular attractive forces become sufficient to hold them in the liquid state.","A: Gaining energy describes evaporation (liquid to gas). C: Condensation is a physical change; no molecular bonds break. D: Volume decreases, not increases, during condensation."
Chemistry,Kinetic Theory & Gas Laws,34,The partial pressure of nitrogen in a mixture of gases is 0.8 atm and that of oxygen is 0.2 atm. The total pressure of the mixture is,0.4 atm,0.6 atm,1.0 atm,1.6 atm,C,Dalton's Law of Partial Pressures: P_total = P_N2 + P_O2 = 0.8 + 0.2 = 1.0 atm.,"A: 0.4 atm is the average, not the total. B: 0.6 atm has no basis. D: 1.6 atm would result from adding incorrectly."
Chemistry,Kinetic Theory & Gas Laws,35,Ammonia diffuses faster than hydrogen chloride gas because ammonia has a,higher boiling point,lower molecular mass,higher pressure,larger molecule,B,"By Graham's law, rate ∝ 1/√M. Molar mass of NH3 = 17g/mol; molar mass of HCl = 36.5g/mol. Since NH3 has a lower molar mass, it diffuses faster.","A: Boiling point doesn't determine diffusion rate in the gas phase. C: Pressure is not the factor in Graham's law comparison. D: Larger molecules diffuse more slowly, not faster."
Chemistry,Kinetic Theory & Gas Laws,36,"Using the ideal gas equation, what is the volume of 2 moles of gas at 27°C and pressure of 2 atm? (R = 0.082 L·atm·mol^-1·K^-1)",12.3 L,24.6 L,49.2 L,6.15 L,B,PV = nRT; V = nRT/P = (2 × 0.082 × 300)/2 = 49.2/2 = 24.6 L. (T = 27+273 = 300K),A: 12.3 L would be for 1 mole at 1 atm. C: 49.2 L = nRT without dividing by P. D: 6.15 L is incorrect.
Chemistry,Kinetic Theory & Gas Laws,37,Which of the following processes involves a change from liquid to vapour below the boiling point?,Condensation,Evaporation,Sublimation,Freezing,B,"Evaporation is the conversion of a liquid to vapour at temperatures below the boiling point. It occurs at the surface of the liquid and is slower than boiling, which occurs throughout the liquid at the boiling point.",A: Condensation is vapour to liquid. C: Sublimation is solid to vapour (bypassing liquid). D: Freezing is liquid to solid.
Chemistry,Kinetic Theory & Gas Laws,38,The atomicity of ozone (O3) is,1,2,3,6,C,"Atomicity is the number of atoms in one molecule of an element. Ozone (O3) contains 3 oxygen atoms per molecule, so its atomicity is 3.","A: Atomicity 1 = monoatomic gases like noble gases. B: Atomicity 2 = diatomic like O2, N2. D: 6 would be a hexatomic molecule."
Chemistry,Atomic Structure & Bonding,39,Which scientist discovered the electron through cathode ray tube experiments?,Rutherford,Bohr,J.J. Thomson,Millikan,C,"J.J. Thomson discovered the electron in 1897 through experiments with cathode rays, demonstrating that they were negatively charged particles (later called electrons) common to all matter.",A: Rutherford discovered the nucleus through the gold foil experiment. B: Bohr proposed the planetary model of the atom with quantised energy levels. D: Millikan measured the charge of the electron through the oil drop experiment.
Chemistry,Atomic Structure & Bonding,40,An element has atomic number 17. Its electron configuration is,"2, 8, 7","2, 8, 8","2, 7, 8","2, 15",A,"Atomic number 17 means 17 electrons. Filled in order: 1st shell (2) + 2nd shell (8) + 3rd shell (7) = 2, 8, 7. This is chlorine.","B: 2,8,8 = 18 electrons (Argon, Z=18). C: 2,7,8 fills shells incorrectly; shells fill from inner to outer. D: 2,15 exceeds the maximum 8 for the 2nd shell."
Chemistry,Atomic Structure & Bonding,41,The mass number of an atom is 40 and its atomic number is 18. The number of neutrons in the atom is,18,22,40,58,B,Number of neutrons = mass number - atomic number = 40 - 18 = 22.,"A: 18 is the number of protons (and electrons), not neutrons. C: 40 is the mass number. D: 58 = 40 + 18, which is the incorrect operation."
Chemistry,Atomic Structure & Bonding,42,Isotopes of the same element have the same,mass number,number of neutrons,atomic number,physical properties,C,Isotopes are atoms of the same element with the same atomic number (same number of protons) but different mass numbers (different number of neutrons). The atomic number determines the element.,"A: Isotopes have DIFFERENT mass numbers. B: Isotopes have DIFFERENT numbers of neutrons. D: Physical properties (like density, melting point) differ slightly between isotopes."
Chemistry,Atomic Structure & Bonding,43,The p-orbital has a shape that is best described as,Spherical,Dumbbell-shaped,Ring-shaped,Tetrahedral,B,"The p-orbital is dumbbell-shaped (or figure-8 shaped), with two lobes on opposite sides of the nucleus along one axis. There are three p-orbitals (px, py, pz) oriented along the three coordinate axes.","A: Spherical describes the s-orbital. C: No common atomic orbital is ring-shaped. D: Tetrahedral refers to molecular geometry (e.g., CH4), not orbital shape."
Chemistry,Atomic Structure & Bonding,44,Electronegativity generally increases across a period because,atomic radius increases across the period,"nuclear charge increases while atomic radius decreases, pulling electrons more strongly",the number of electron shells increases,ionisation energy decreases across the period,B,"Across a period, the nuclear charge increases (more protons) while electrons are added to the same shell, causing atomic radius to decrease. The higher nuclear charge in a smaller atom attracts shared electrons more strongly, increasing electronegativity.",A: Atomic radius actually decreases across a period. C: The number of electron shells stays the same across a period. D: Ionisation energy generally increases across a period.
Chemistry,Atomic Structure & Bonding,45,Which of the following best describes an ionic (electrovalent) bond?,Sharing of electrons between two non-metal atoms,"Transfer of electrons from a metal to a non-metal, forming oppositely charged ions",The attraction between a hydrogen atom and an electronegative atom,The overlap of atomic orbitals,B,"Ionic bonding involves the complete transfer of one or more electrons from a metal atom to a non-metal atom, producing a cation (positive ion) and an anion (negative ion) which attract each other electrostatically.",A: This describes a covalent bond. C: This describes hydrogen bonding. D: Orbital overlap describes covalent bond formation.
Chemistry,Atomic Structure & Bonding,46,The shape of an ammonia (NH3) molecule is described as pyramidal because,it has four bonding pairs of electrons,it has three bonding pairs and one lone pair of electrons,nitrogen has an atomic number of 7,it has three identical N-H bonds and no lone pairs,B,"In NH3, the central N atom has 3 bond pairs (with H atoms) and 1 lone pair. The four electron pairs arrange tetrahedrally, but the shape of the MOLECULE (ignoring the lone pair) is pyramidal (trigonal pyramidal).",A: Four bonding pairs gives tetrahedral shape (like CH4). C: Atomic number alone doesn't determine molecular shape. D: NH3 does have a lone pair on nitrogen.
Chemistry,Atomic Structure & Bonding,47,A co-ordinate (dative covalent) bond is formed when,two atoms share one electron each,both electrons in the shared pair come from one atom,electrons are completely transferred from one atom to another,atoms share more than two electrons,B,"In a coordinate (dative) bond, both electrons of the shared pair are donated by one atom (the donor) to another (the acceptor). For example, in [Cu(NH3)4]2+, the nitrogen lone pair in NH3 is donated to Cu2+.","A: This describes a regular (non-coordinate) covalent bond. C: This describes an ionic bond. D: Double/triple bonds involve sharing 4 or 6 electrons between the two atoms, but each contributes equal numbers."
Chemistry,Atomic Structure & Bonding,48,The element with atomic number 11 belongs to which group of the periodic table?,Group II,Group VII,Group I,Group 0,C,"Element with Z=11 is sodium: electron configuration 2,8,1. Having 1 electron in the outermost shell places it in Group I (alkali metals).",A: Group II elements have 2 outermost electrons. B: Group VII (halogens) have 7 outermost electrons. D: Group 0 (noble gases) have complete outer shells.
Chemistry,Atomic Structure & Bonding,49,Van der Waals' forces are,strong permanent dipole interactions between ionic compounds,weak intermolecular forces arising from temporary induced dipoles,the forces holding atoms together in a metal,covalent bonds between non-polar molecules,B,"Van der Waals' forces (London dispersion forces) are weak temporary intermolecular forces caused by instantaneous polarization of electron clouds, inducing dipoles in neighboring molecules. They increase with molecular mass.","A: Strong permanent dipole interactions describe hydrogen bonding or dipole-dipole interactions. C: Forces holding metals together are metallic bonds. D: Covalent bonds hold atoms within a molecule, not between molecules."
Chemistry,Atomic Structure & Bonding,50,Moseley's contribution to atomic theory was the establishment of,the nuclear model of the atom,atomic number as the more fundamental property than atomic mass,the planetary model with quantised orbits,the existence of neutrons,B,"Henry Moseley (1913) used X-ray spectra to show that elements are better arranged by their atomic number (nuclear charge/proton number) rather than by atomic mass, fixing anomalies in Mendeleev's periodic table.",A: The nuclear model was Rutherford's. C: Quantised orbits were proposed by Bohr. D: Neutrons were discovered by Chadwick.
Chemistry,Atomic Structure & Bonding,51,The first ionization energy of magnesium is lower than that of aluminium but higher than that of sodium because,magnesium has more electrons than sodium,magnesium has a greater nuclear charge than sodium but a full 3s orbital (3s2) that is more stable than Al's 3p1,aluminium is a heavier metal,sodium is more reactive than magnesium,B,"Ionization energy generally increases across period 3 (Na→Mg→Al). However, Mg has higher IE than Al because Mg has a completely filled 3s2 subshell, which is more stable. Al has one electron in 3p1 which is higher in energy and easier to remove.","A: Number of electrons alone doesn't explain the trend anomaly. C: Being heavier does not determine ionization energy. D: Reactivity is a consequence of ionization energy, not the explanation."
Chemistry,Atomic Structure & Bonding,52,Carbon dioxide (CO2) molecule is linear because,carbon has 4 bonds,the two double bonds and no lone pairs on carbon give 180° bond angle,oxygen is more electronegative than carbon,it is a non-polar molecule,B,The central carbon in CO2 forms two double bonds (O=C=O) with no lone pairs. The VSEPR model predicts linear geometry (bond angle 180°) when the central atom has two bonding groups and no lone pairs.,"A: Having 4 bonds means tetrahedral if they are 4 single bonds with no lone pairs. C: Electronegativity affects polarity, not molecular shape directly. D: Linearity causes CO2 to be non-polar, but this is the consequence, not the cause."
Chemistry,Atomic Structure & Bonding,53,The complex ion [Fe(CN)6]3- contains which type of bond between Fe and CN-?,Ionic bond,Metallic bond,Co-ordinate (dative) covalent bond,Hydrogen bond,C,"In the complex [Fe(CN)6]3-, the CN- ligands donate lone pairs of electrons to the Fe3+ central ion, forming coordinate (dative) covalent bonds. This is characteristic of complex/coordination compounds.","A: Ionic bonds involve complete electron transfer; here electron pairs are shared. B: Metallic bonds occur in metals between metal atoms, not in complexes. D: Hydrogen bonding requires hydrogen attached to N, O, or F."
Chemistry,Atomic Structure & Bonding,54,Hydrogen bonding occurs between molecules of,CH4,CCl4,HF,H2S,C,"Hydrogen bonding requires a hydrogen atom bonded to a highly electronegative atom (F, O, or N). In HF, hydrogen is bonded to fluorine (the most electronegative element), creating strong hydrogen bonds between HF molecules.","A: In CH4, carbon is not electronegative enough to create hydrogen bonds. B: CCl4 has no hydrogen atoms bonded to electronegative atoms. D: Sulfur is not electronegative enough (less than N, O, F) to form true hydrogen bonds."
Chemistry,Atomic Structure & Bonding,55,Chlorine has two isotopes: 35Cl (75%) and 37Cl (25%). The relative atomic mass of chlorine is,35.5,36.0,37.0,35.0,A,RAM = (35 × 75 + 37 × 25) / 100 = (2625 + 925) / 100 = 3550/100 = 35.5,B: 36.0 would result from a 50/50 mixture. C: 37.0 is the mass of the heavier isotope alone. D: 35.0 is the mass of the lighter isotope alone.
Chemistry,Atomic Structure & Bonding,56,The periodic table is arranged in order of increasing,atomic mass,atomic radius,atomic number,electronegativity,C,The modern periodic table is arranged in order of increasing atomic number (number of protons). This was established by Moseley and resolves the anomalies in Mendeleev's mass-based arrangement.,A: Mendeleev arranged by atomic mass; the modern table uses atomic number. B: Atomic radius decreases across periods and increases down groups — not a simple ordering principle. D: Electronegativity varies in a complex pattern and is not the basis of arrangement.
Chemistry,Atomic Structure & Bonding,57,Metallic bonding is described as a special type of which bond?,Ionic bond,Hydrogen bond,Covalent bond,Van der Waals force,C,"According to the JAMB syllabus, metallic bonding is described as a special type of covalency. In metals, the valence electrons are delocalized (shared) across all metal cations in a 'sea of electrons,' which is a form of electron sharing (covalency).",A: Ionic bonds involve electron transfer between ions; metals do not form oppositely charged ions. B: Hydrogen bonds are between H and electronegative atoms. D: Van der Waals forces are weak temporary forces between molecules.
Chemistry,Atomic Structure & Bonding,58,Rutherford's gold foil experiment led to the conclusion that,electrons are present in all atoms,"atoms contain a small, dense, positively charged nucleus surrounded by mostly empty space",atoms have quantized energy levels,atoms are indivisible particles,B,"Rutherford fired alpha particles at gold foil. Most passed straight through (empty space), some deflected at small angles, and a very few bounced back. He concluded the atom has a tiny, dense, positively charged nucleus at its centre.","A: Electrons were discovered by Thomson before Rutherford's experiment. C: Quantized energy levels were proposed by Bohr, extending Rutherford's model. D: Dalton proposed the indivisible atom; Rutherford showed internal structure."
Chemistry,Air and Water,59,The percentage of nitrogen in dry air is approximately,21%,78%,0.93%,0.03%,B,"Dry air is approximately 78% nitrogen, 21% oxygen, 0.93% argon, 0.03% carbon dioxide, and traces of other gases.","A: 21% is the percentage of oxygen, not nitrogen. C: 0.93% is the percentage of argon. D: 0.03% is approximately the percentage of CO2."
Chemistry,Air and Water,60,Temporary hardness in water is caused by dissolved,calcium sulphate and magnesium sulphate,calcium chloride and magnesium chloride,calcium hydrogen carbonate and magnesium hydrogen carbonate,sodium chloride,C,Temporary hardness is caused by dissolved calcium hydrogen carbonate Ca(HCO3)2 and magnesium hydrogen carbonate Mg(HCO3)2. It is called 'temporary' because it can be removed by simply boiling.,A: CaSO4 and MgSO4 cause PERMANENT hardness. B: CaCl2 and MgCl2 cause PERMANENT hardness. D: Sodium chloride does not cause water hardness.
Chemistry,Air and Water,61,"When temporary hard water is boiled, the precipitate formed is",Ca(HCO3)2,CaSO4,CaCO3,Ca(OH)2,C,"Boiling decomposes calcium hydrogen carbonate: Ca(HCO3)2 → CaCO3↓ + H2O + CO2. The insoluble CaCO3 precipitates, removing the hardness. This is the limescale formed in kettles.","A: Ca(HCO3)2 is the original dissolved salt, not the precipitate. B: CaSO4 is the cause of permanent hardness. D: Ca(OH)2 (limewater) is used as a water softener but is not produced by boiling."
Chemistry,Air and Water,62,Which method is used to remove BOTH temporary and permanent hardness from water?,Boiling,Adding washing soda (Na2CO3),Distillation,Both B and C,D,"Both washing soda (Na2CO3) and distillation remove all types of hardness. Na2CO3 precipitates Ca2+ and Mg2+ as their carbonates (removes both). Distillation collects pure water, leaving all dissolved salts behind. Boiling alone only removes temporary hardness.",A: Boiling only removes temporary hardness. B: Washing soda alone removes both types but is not the only complete answer. C: Distillation alone removes both but is not the only method listed.
Chemistry,Air and Water,63,Noble gases are found in air as components. The most abundant noble gas in air is,Helium (He),Neon (Ne),Argon (Ar),Krypton (Kr),C,"Argon makes up approximately 0.93% of dry air, making it the most abundant noble gas in the atmosphere. Neon and other noble gases are present in much smaller trace amounts.",A: Helium is very rare in Earth's atmosphere (it escapes gravity). B: Neon is present in very small trace amounts (~0.0018%). D: Krypton is present in only trace amounts (~0.0001%).
Chemistry,Air and Water,64,Deliquescence is the ability of a substance to,lose water of crystallization to the atmosphere,absorb moisture from the air without dissolving,absorb enough moisture from the air to dissolve and form a solution,change directly from solid to vapour,C,"A deliquescent substance absorbs so much water vapour from the atmosphere that it eventually dissolves in the absorbed water to form a solution. Examples include NaOH, CaCl2, and ZnCl2.",A: This describes efflorescence (losing water of crystallization). B: This describes hygroscopy (absorbing moisture without dissolving). D: This describes sublimation.
Chemistry,Air and Water,65,The treatment of town water supply includes which of the following steps?,"Sedimentation, filtration, and chlorination",Distillation only,Addition of calcium sulphate,Boiling and cooling only,A,"Town water treatment typically involves: sedimentation (large particles settle), filtration (through sand and gravel beds), and chlorination (adding chlorine to kill bacteria/disinfect). This sequence is the standard JAMB-expected answer.",B: Distillation is expensive and not used for large-scale town supply. C: Calcium sulphate causes hardness; it is not added during treatment. D: Boiling is not practical for large-scale water treatment.
Chemistry,Air and Water,66,Water of crystallization refers to,water used to dissolve a salt,the fixed number of water molecules chemically incorporated into the crystal structure of a salt,water formed when hydrogen burns in oxygen,water used to wash crystals after filtration,B,"Water of crystallization is the definite number of water molecules that are chemically bonded and incorporated into the crystal lattice structure of a hydrated salt. For example, CuSO4·5H2O has 5 molecules of water of crystallization.","A: This is just solvent water, not water of crystallization. C: This describes the product of combustion of hydrogen, not water of crystallization. D: Wash water is separate from the crystal structure."
Chemistry,Air and Water,67,Air is considered a mixture (not a compound) because,it contains only gases,its composition varies and its components retain individual properties,it has a fixed boiling point,it contains mainly nitrogen and oxygen,B,"Air is a mixture because: its composition varies by location/altitude, its components (N2, O2, etc.) retain their individual chemical properties, it has no fixed melting/boiling point, and the components can be separated by physical means (fractional distillation of liquid air).","A: Being gaseous is not the criterion for being a mixture. C: A fixed boiling point would suggest a PURE substance, not a mixture. D: The specific components present don't alone determine whether it's a mixture."
Chemistry,Air and Water,68,The biological significance of dissolved oxygen in water is that it,makes water taste better,is used by aquatic organisms for respiration,prevents water from freezing,neutralizes acids in water,B,"Dissolved oxygen in water is essential for aquatic life (fish, microorganisms) as they use it for aerobic respiration. Water pollution that depletes dissolved oxygen (BOD) leads to death of aquatic organisms.",A: Oxygen has no significant effect on water taste. C: Dissolved substances slightly lower the freezing point but this is not the biological significance. D: Oxygen does not neutralize acids.
Chemistry,Solubility,69,A solution that contains more dissolved solute than it would normally hold at a given temperature is called,Unsaturated,Saturated,Supersaturated,Concentrated,C,A supersaturated solution contains MORE dissolved solute than a saturated solution at the same temperature. It is prepared by dissolving solute at a higher temperature and carefully cooling without disturbance. It is unstable and crystallizes rapidly when disturbed.,A: Unsaturated contains less solute than maximum capacity. B: Saturated holds exactly the maximum amount at that temperature. D: Concentrated refers to a relatively large amount of solute but is not a precise classification.
Chemistry,Solubility,70,"From a solubility curve, the amount of KNO3 that can dissolve in 100g of water at 40°C is read as 65g and at 20°C is 32g. How much KNO3 would crystallize out if a saturated solution prepared at 40°C is cooled to 20°C?",32g,65g,33g,97g,C,"At 40°C, 65g dissolves. At 20°C, only 32g can remain dissolved. Therefore, 65 - 32 = 33g crystallizes out.","A: 32g is the amount that stays dissolved at 20°C. B: 65g is the total dissolved at 40°C. D: 97g is the sum, not the difference."
Chemistry,Solubility,71,Which of the following best describes a colloid?,A mixture where particles are so small they pass through filter paper and do not scatter light,A heterogeneous mixture where dispersed particles (1-1000nm) are larger than solution particles but don't settle out,A mixture where solid particles are so large they settle out on standing,A solution where the solute is completely dissolved,B,"A colloid has particle sizes between 1 and 1000 nm. They are too small to be filtered but large enough to scatter light (Tyndall effect). They do not settle under gravity. Examples: milk, fog, aerosol sprays.",A: This describes a true solution. C: This describes a suspension. D: This describes a true solution.
Chemistry,Solubility,72,The Tyndall effect is used to distinguish between,saturated and unsaturated solutions,true solutions and colloids,acidic and alkaline solutions,organic and inorganic solvents,B,"The Tyndall effect is the scattering of a beam of light by colloidal particles. True solutions do not scatter light (particles too small). Colloids scatter light, making the beam visible. This is used to distinguish them.","A: Both saturated and unsaturated solutions may show no Tyndall effect if they are true solutions. C: pH indicators, not light scattering, distinguish acidic and alkaline. D: Not relevant to Tyndall effect."
Chemistry,Solubility,73,Harmattan haze is an example of which type of mixture?,True solution,Colloid,Suspension,Emulsion,C,"According to the JAMB syllabus, Harmattan haze and water paints are cited as examples of SUSPENSIONS (large visible particles dispersed in a medium that eventually settle).","A: True solutions are transparent and uniform. B: Colloids include fog and milk; Harmattan haze has larger, settable particles. D: Emulsions are specifically liquid-in-liquid colloids."
Chemistry,Solubility,74,Which solvent is most appropriate for removing grease stains from fabric?,Water,Dilute HCl,Tetrachloromethane (CCl4) or similar non-polar solvent,Sodium hydroxide solution,C,"Grease/fats/oils are non-polar substances. 'Like dissolves like' — non-polar solvents like CCl4, benzene, or dry-cleaning solvents dissolve non-polar substances like grease. Water (polar) cannot effectively dissolve grease.","A: Water is polar and does not dissolve non-polar grease. B: Dilute HCl would damage fabric and doesn't dissolve grease. D: NaOH would damage fabric; while it saponifies fats, it's not used for stain removal."
Chemistry,Solubility,75,Milk is an example of which type of colloid?,Sol (solid in liquid),Emulsion (liquid in liquid),Aerosol (solid in gas),Foam (gas in liquid),B,"Milk is an emulsion — it is a colloidal dispersion of fat (liquid) droplets dispersed in water (liquid). It is specifically an oil-in-water emulsion, stabilized by proteins.","A: A sol has solid particles dispersed in liquid (e.g., paint, starch solution). C: An aerosol has solid or liquid particles in a gas (e.g., smoke, fog). D: Foam has gas bubbles dispersed in liquid (e.g., whipped cream)."
Chemistry,Solubility,76,The solubility of most solid solutes in water increases with increasing temperature because,higher temperature decreases the density of water,increased temperature provides more energy to overcome lattice energy and solvate ions,hot water molecules are larger,temperature has no effect on solid solubility,B,"Higher temperatures give water molecules more kinetic energy to break apart the crystal lattice (overcome lattice energy) and form more solute-solvent interactions, thus dissolving more solute.",A: Density change is irrelevant to solubility mechanism. C: Water molecules don't change size with temperature. D: Temperature clearly affects solubility (shown by solubility curves).
Chemistry,Environmental Pollution,77,Which of the following gases is primarily responsible for acid rain?,Carbon dioxide (CO2),Nitrogen gas (N2),Sulphur dioxide (SO2),Argon (Ar),C,"SO2 from burning fossil fuels (coal, oil) reacts with water and oxygen in the atmosphere to form H2SO4 (sulphuric acid), which falls as acid rain. NO2 also contributes to forming HNO3 acid rain.",A: CO2 forms carbonic acid (H2CO3) but this is weak; the main cause of acid rain is SO2/SO3. B: N2 is inert under normal conditions. D: Argon is chemically inert.
Chemistry,Environmental Pollution,78,Chlorofluorocarbons (CFCs) are air pollutants because they,produce carbon monoxide when burned,cause global warming by trapping heat,destroy the ozone layer in the stratosphere,react with nitrogen to form acid rain,C,"CFCs (used in aerosols and refrigerants) rise to the stratosphere where UV radiation breaks them down, releasing chlorine radicals that catalytically destroy ozone (O3) molecules, depleting the ozone layer.",A: CFCs contain no carbon-hydrogen bonds that would produce CO on burning. B: CFCs do contribute to greenhouse effect but their PRIMARY environmental concern is ozone depletion. D: CFCs do not react with nitrogen to form acid rain.
Chemistry,Environmental Pollution,79,Carbon monoxide (CO) is a dangerous air pollutant because it,reacts with water to form carbonic acid,"binds irreversibly to haemoglobin, preventing oxygen transport in blood",causes irritation to the eyes and throat,"has a strong, unpleasant odour",B,"CO has an affinity for haemoglobin (Hb) about 200 times greater than oxygen, forming carboxyhaemoglobin (COHb). This prevents O2 from binding to Hb, leading to oxygen starvation and death (CO poisoning). CO is odourless.","A: CO2 reacts with water to form carbonic acid, not CO. C: CO2 causes irritation; CO is odourless and colourless — its danger is internal. D: CO is odourless; H2S has a strong unpleasant odour."
Chemistry,Environmental Pollution,80,Oil spillage in the soil is classified as,Biodegradable pollution,Non-biodegradable pollution,Air pollution,Thermal pollution,B,"Oil and petroleum products are primarily non-biodegradable (or very slowly degradable). Oil spillage in soil persists for years, kills soil organisms, prevents plant growth, and contaminates groundwater.","A: Biodegradable pollutants (sewage, food waste) are broken down by microorganisms quickly. C: Oil spillage is soil/water pollution. D: Thermal pollution involves heat discharge into water bodies."
Chemistry,Environmental Pollution,81,The primary source of H2S as an air pollutant is,Vehicle exhaust,Volcanic emissions and decaying organic matter,Industrial chimneys burning coal,CFC-containing aerosol sprays,B,"Hydrogen sulphide (H2S) is naturally released from volcanic activity, geothermal vents, and the decomposition (putrefaction) of sulphur-containing organic matter by bacteria. It is also released by oil refining.","A: Vehicle exhaust mainly produces CO, CO2, NOx, and hydrocarbons. C: Coal burning mainly produces SO2 and CO2. D: Aerosols release CFCs, not H2S."
Chemistry,Environmental Pollution,82,Which of the following is a measure for controlling air pollution from industrial chimneys?,Using taller chimneys and no filtration,Installing scrubbers and electrostatic precipitators,Burning more fuel at lower temperatures,Using unleaded petrol in industries,B,Scrubbers (spray towers that absorb SO2 with alkaline water) and electrostatic precipitators (charge and collect dust particles on plates) are industrial pollution control devices that remove pollutants before emission.,"A: Taller chimneys just disperse pollution further, not control it. C: Lower temperature burning produces more incomplete combustion products. D: Unleaded petrol is for vehicle pollution control, not chimneys."
Chemistry,Environmental Pollution,83,Sewage is classified as which type of water pollutant?,Chemical pollutant,Biological/organic pollutant,Thermal pollutant,Radioactive pollutant,B,"Sewage contains biological material (human/animal waste, microorganisms, organic compounds). It increases BOD (Biological Oxygen Demand) in water, depleting dissolved oxygen and harming aquatic life.","A: Chemical pollutants include heavy metals, pesticides. C: Thermal pollution is from hot water discharge (power plants). D: Radioactive pollution comes from nuclear facilities."
Chemistry,Environmental Pollution,84,Oxides of nitrogen (NOx) are produced as air pollutants mainly from,Refrigerators and air conditioners,High-temperature combustion in vehicle engines and power plants,Agricultural fertilizers decomposing,Volcanic eruptions only,B,"At the high temperatures in vehicle engines and power plant combustion chambers, atmospheric N2 and O2 react to form NO and NO2 (NOx). These contribute to smog and acid rain (HNO3).","A: Refrigerators release CFCs or newer refrigerants, not NOx. C: Fertilizers can release N2O but NOT the NOx that causes smog. D: Volcanos are a source but high-temperature combustion is the primary anthropogenic source."
Chemistry,"Acids, Bases & Salts",85,"According to Brønsted-Lowry theory, an acid is",a substance that produces OH- ions in aqueous solution,a proton donor,an electron pair acceptor,a substance that produces H+ ions only when dissolved in water,B,The Brønsted-Lowry definition states that an acid is a proton (H+) donor. The JAMB syllabus defines an acid as 'a proton donor' or 'a substance whose aqueous solution furnishes H3O+ ions.',"A: This is the definition of a base (Arrhenius). C: This is the Lewis definition of an acid. D: This is the Arrhenius definition, which is more limited."
Chemistry,"Acids, Bases & Salts",86,"If the pH of a solution is 3, the concentration of H3O+ ions is",3 mol/dm3,10^-3 mol/dm3,10^3 mol/dm3,0.3 mol/dm3,B,"pH = -log[H+]. If pH = 3, then -log[H+] = 3, so [H+] = 10^-3 mol/dm3.","A: 3 mol/dm3 is the pH value, not the H+ concentration. C: 10^3 confuses the sign in the logarithm. D: 0.3 is unrelated to pH = 3."
Chemistry,"Acids, Bases & Salts",87,The basicity of sulphuric acid (H2SO4) is,1,2,3,4,B,"Basicity of an acid is the number of replaceable hydrogen atoms (H+ ions) per molecule. H2SO4 has 2 hydrogen atoms, both replaceable, so its basicity is 2 (dibasic/diprotic acid).","A: Basicity 1 = monobasic acids like HCl, HNO3. C: Basicity 3 = tribasic acids like H3PO4. D: No common acids have basicity 4."
Chemistry,"Acids, Bases & Salts",88,Alum [KAl(SO4)2·12H2O] is an example of,A normal salt,An acidic salt,A double salt,A basic salt,C,Alum is a double salt — it contains two different cations (K+ and Al3+) and one anion (SO4 2-) in a single crystalline compound. The JAMB syllabus explicitly identifies alums as examples of double salts.,"A: A normal salt contains no replaceable H or OH. B: An acidic salt contains replaceable H (e.g., NaHSO4). D: A basic salt contains hydroxide (e.g., Pb(OH)Cl)."
Chemistry,"Acids, Bases & Salts",89,An acid-base indicator changes colour because,it reacts with the acid to form a precipitate,its ionized and un-ionized forms have different colours and the ratio changes with pH,it neutralizes excess acid or base,it is always red in colour by default,B,"Acid-base indicators are weak acids (HIn) where HIn and In- have different colours. In acid, HIn form predominates (one colour); in base, In- predominates (another colour). The colour depends on the relative amounts present, which depends on pH.",A: Indicators don't produce precipitates. C: Indicators are used in such tiny quantities they don't neutralize significant amounts. D: Indicators have various default colours (phenolphthalein is colourless in acid).
Chemistry,"Acids, Bases & Salts",90,"Citric acid, found in citrus fruits, is an example of which type of acid according to the JAMB syllabus?",Inorganic acid,Naturally occurring organic acid,Strong acid,Mineral acid,B,"The JAMB syllabus specifically identifies ethanoic, citric, and tartaric acids as examples of naturally occurring organic acids. Citric acid (C6H8O7) occurs naturally in lemons and other citrus fruits.","A: Citric acid is organic, not inorganic (mineral). C: Citric acid is a weak acid. D: Mineral/inorganic acids include HCl, H2SO4, HNO3."
Chemistry,"Acids, Bases & Salts",91,The hydrolysis of AlCl3 in water produces a solution that is,Neutral (pH = 7),Strongly alkaline,Acidic (pH < 7),Has no effect on pH,C,AlCl3 is the salt of a weak base (Al(OH)3) and a strong acid (HCl). When it hydrolyzes: Al3+ + 3H2O ⇌ Al(OH)3 + 3H+. The H+ ions produced make the solution acidic (pH < 7).,"A: Neutral solutions result from strong acid + strong base salts (e.g., NaCl). B: Alkaline solutions result from salts of strong base + weak acid (e.g., Na2CO3). D: Hydrolysis of this salt definitely affects pH."
Chemistry,"Acids, Bases & Salts",92,"In an acid-base titration, the equivalence point is defined as the point at which",the pH equals 7,the indicator changes colour,moles of acid equals moles of base (stoichiometric amounts have reacted completely),the solution turns red,C,The equivalence point is the theoretical point where the acid and base have reacted completely in stoichiometric proportions. It occurs when moles of acid × basicity = moles of base × acidity. The endpoint (indicator colour change) is the experimental approximation.,A: The pH at equivalence point is 7 only for strong acid + strong base titrations. B: The endpoint (indicator change) is the observable approximation; the equivalence point is theoretical. D: The colour depends on the indicator used.
Chemistry,"Acids, Bases & Salts",93,25cm3 of 0.1 mol/dm3 H2SO4 neutralizes what volume of 0.1 mol/dm3 NaOH?,12.5cm3,25cm3,50cm3,100cm3,C,H2SO4 + 2NaOH → Na2SO4 + 2H2O. Moles H2SO4 = 25/1000 × 0.1 = 0.0025 mol. Requires 2 × 0.0025 = 0.005 mol NaOH. Volume NaOH = 0.005/0.1 = 0.05 dm3 = 50cm3.,A: 12.5cm3 ignores the 1:2 ratio. B: 25cm3 assumes 1:1 ratio (ignoring that H2SO4 is dibasic). D: 100cm3 uses an incorrect 1:4 ratio.
Chemistry,"Acids, Bases & Salts",94,A solution has pOH = 4. What is the pH of the solution at 25°C?,4,10,14,-4,B,"At 25°C, pH + pOH = 14. Therefore pH = 14 - pOH = 14 - 4 = 10. This is an alkaline solution.","A: 4 is the pOH value, not pH. C: 14 would mean pOH = 0, which is extremely alkaline. D: Negative pH would require extremely concentrated acid."
Chemistry,"Acids, Bases & Salts",95,The preparation of sodium chloride (NaCl) by neutralization involves mixing,Na2CO3 and HCl,NaOH and H2SO4,NaOH and HCl,NaHCO3 and H2SO4,C,Neutralization: NaOH + HCl → NaCl + H2O. This is the simplest and most direct method of preparing NaCl by neutralization of a strong acid with a strong base.,A: Na2CO3 + 2HCl → 2NaCl + H2O + CO2 — this produces NaCl but involves action of acid on carbonate. B: NaOH + H2SO4 → Na2SO4 (not NaCl). D: NaHCO3 + H2SO4 produces Na2SO4 and CO2.
Chemistry,"Acids, Bases & Salts",96,Strong acids differ from weak acids in that strong acids,have higher molecular mass,are more concentrated,are completely dissociated into ions in aqueous solution,react with more substances,C,"The strength of an acid refers to the degree of ionization/dissociation. Strong acids (HCl, H2SO4, HNO3) are completely dissociated (≈100%) in dilute aqueous solution. Weak acids (CH3COOH, H2CO3) are only partially ionized.",A: Acid strength is unrelated to molecular mass. B: Strength and concentration are different properties; a strong acid can be dilute. D: Reactivity follows from ionization but the fundamental difference is degree of ionization.
Chemistry,"Acids, Bases & Salts",97,Which of the following salts is formed by the reaction of a strong acid with a strong base?,CH3COONa,NH4Cl,NaCl,Na2CO3,C,NaCl is formed from HCl (strong acid) + NaOH (strong base). Its aqueous solution is neutral (pH = 7). No hydrolysis occurs.,A: CH3COONa = weak acid (CH3COOH) + strong base (NaOH) → alkaline solution. B: NH4Cl = strong acid (HCl) + weak base (NH3) → acidic solution. D: Na2CO3 = weak acid (H2CO3) + strong base (NaOH) → alkaline solution.
Chemistry,"Acids, Bases & Salts",98,"In qualitative analysis, which reagent is used to confirm the presence of SO4 2- ions?",AgNO3 solution,BaCl2 solution in dilute HCl,Litmus paper,NaOH solution,B,"The test for SO4 2-: Add dilute HCl (to remove carbonate/sulphite ions that would interfere), then add BaCl2 solution. A white precipitate of BaSO4 (insoluble in HCl) confirms SO4 2-.","A: AgNO3 tests for halide ions (Cl-, Br-, I-). C: Litmus tests for acidity/alkalinity, not specific ions. D: NaOH is used to test for metal cations."
Chemistry,"Acids, Bases & Salts",99,The hydrolysis of Na2CO3 in water produces a solution with pH,Less than 7,Equal to 7,Greater than 7,Exactly 1,C,Na2CO3 is a salt of weak acid (H2CO3) and strong base (NaOH). CO3 2- hydrolyzes: CO3 2- + H2O ⇌ HCO3- + OH-. OH- ions make the solution alkaline (pH > 7).,"A: pH < 7 results from salts of strong acid + weak base. B: pH = 7 results from strong acid + strong base salts. D: pH = 1 is very strongly acidic, inconsistent with an alkaline salt."
Chemistry,"Acids, Bases & Salts",100,Which indicator is most suitable for titrating a strong acid against a strong base?,Methyl orange only,Phenolphthalein only,Either methyl orange or phenolphthalein,Universal indicator only,C,"For strong acid vs. strong base titrations, the pH changes very sharply from ~3 to ~11 at the equivalence point. Both methyl orange (range 3.1-4.4) and phenolphthalein (range 8.3-10.0) fall within this steep change, so either is suitable.","A: Methyl orange alone is correct but not the only option. B: Phenolphthalein alone is correct but not the only option. D: Universal indicator gives a gradual colour change, not a sharp endpoint."
Chemistry,Oxidation & Reduction,101,"In the reaction 2Mg + O2 → 2MgO, magnesium is",Reduced,Oxidized,Neither oxidized nor reduced,The oxidizing agent,B,Magnesium gains oxygen (or loses electrons: Mg → Mg2+ + 2e-). Both definitions confirm Mg is oxidized. Mg is the REDUCING agent (it reduces O2 by donating electrons).,"A: Mg gains oxygen, which is oxidation not reduction. C: Mg clearly changes oxidation state (+0 to +2). D: Mg is the REDUCING agent (it loses electrons); O2 is the oxidizing agent."
Chemistry,Oxidation & Reduction,102,The oxidation number of sulphur in H2SO4 is,+2,+4,+6,-2,C,"In H2SO4: each H = +1, each O = -2. So: 2(+1) + S + 4(-2) = 0. 2 + S - 8 = 0. S = +6.",A: +2 is incorrect. B: +4 is the oxidation state of S in SO2 (H2SO3). D: -2 is the oxidation state of S in H2S.
Chemistry,Oxidation & Reduction,103,"In the half-equation Cl2 + 2e- → 2Cl-, chlorine is undergoing",Oxidation,Reduction,Neutralization,Hydrolysis,B,"Reduction involves gain of electrons. In this half-equation, Cl2 gains electrons (2e-) to form Cl-. Oxidation state changes from 0 to -1. This is reduction.",A: Oxidation involves LOSS of electrons. C: Neutralization is between acid and base. D: Hydrolysis involves reaction with water.
Chemistry,Oxidation & Reduction,104,The IUPAC name of FeCl3 using oxidation number is,Iron chloride,Ferric chloride,Iron(III) chloride,Iron trichloride,C,The IUPAC Stock nomenclature uses the oxidation number in Roman numerals in brackets. Fe in FeCl3 has oxidation number +3. The IUPAC name is Iron(III) chloride.,"A: 'Iron chloride' is ambiguous (could be Fe2+ or Fe3+). B: 'Ferric chloride' is the traditional/older name, not IUPAC. D: 'Iron trichloride' is not the recommended IUPAC format."
Chemistry,Oxidation & Reduction,105,KMnO4 (potassium permanganate) acts as an oxidizing agent because it,donates oxygen to other substances,"accepts electrons, oxidizing other substances while being reduced itself",is always reduced to MnO2,"contains potassium, a reactive metal",B,"An oxidizing agent causes oxidation in another substance by accepting electrons from it. In doing so, the oxidizing agent itself is reduced. KMnO4 (Mn in +7 state) accepts electrons and Mn is reduced to +2 (acidic) or +4 (neutral/alkaline).","A: This is partially true but the fundamental definition is electron acceptance. C: In acidic solution, MnO4- is reduced to Mn2+, not MnO2. D: The activity of potassium is irrelevant to KMnO4's oxidizing ability."
Chemistry,Oxidation & Reduction,106,What is the oxidation number of manganese in MnO2?,+2,+4,+6,+7,B,In MnO2: each O = -2. Mn + 2(-2) = 0. Mn - 4 = 0. Mn = +4.,A: +2 is Mn in MnO or MnSO4. C: +6 is Mn in K2MnO4. D: +7 is Mn in KMnO4.
Chemistry,Oxidation & Reduction,107,"In a redox reaction, the substance that is oxidized",gains electrons,is the oxidizing agent,loses electrons and is the reducing agent,decreases in oxidation number,C,"Oxidation is loss of electrons (OIL — Oxidation Is Loss). The substance that is oxidized loses electrons and by doing so reduces another substance, making it the REDUCING agent.",A: Gaining electrons is reduction. B: The substance that is REDUCED is the oxidizing agent. D: Oxidation involves an INCREASE in oxidation number.
Chemistry,Oxidation & Reduction,108,Which test confirms that a substance is an oxidizing agent?,It turns damp blue litmus paper red,It bleaches damp starch-iodide paper (turns blue then decolourizes),It turns damp starch-iodide paper blue (by oxidizing I- to I2),It produces a white precipitate with BaCl2,C,"Starch-iodide paper contains KI and starch. An oxidizing agent oxidizes I- to I2 (I2 then turns starch blue-black), confirming it is an oxidizing agent. This is the standard test.",A: Turning litmus red indicates an acid. B: Bleaching starch-iodide would require a reducing agent removing I2. D: White precipitate with BaCl2 tests for SO4 2-.
Chemistry,Oxidation & Reduction,109,Balance the following redox equation: MnO4- + Fe2+ + H+ → Mn2+ + Fe3+ + H2O. The coefficient of Fe2+ is,1,3,5,10,C,Mn changes from +7 to +2: gain of 5e-. Fe changes from +2 to +3: loss of 1e-. To balance electrons: 1 MnO4- requires 5 Fe2+. Balanced: MnO4- + 5Fe2+ + 8H+ → Mn2+ + 5Fe3+ + 4H2O.,A: 1 Fe2+ would not balance the 5 electrons from Mn reduction. B: 3 is insufficient — Mn needs 5 electrons. D: 10 Fe2+ would require 2 MnO4-.
Chemistry,Oxidation & Reduction,110,Disproportionation is a reaction in which,two different elements are both oxidized,the same element is simultaneously oxidized and reduced,oxidation occurs without corresponding reduction,reduction occurs in the absence of an oxidizing agent,B,Disproportionation is a special redox reaction where the same element in the same compound undergoes both oxidation and reduction simultaneously. For example: 2H2O2 → 2H2O + O2 (O goes from -1 to -2 and 0).,"A: Disproportionation involves ONE element in two oxidation changes. C: Every oxidation must be accompanied by a reduction (electron conservation). D: In any redox reaction, an oxidizing agent is always present."
Chemistry,Oxidation & Reduction,111,The oxidation number of chlorine in NaClO4 is,-1,+1,+5,+7,D,"In NaClO4: Na = +1, O = -2. So +1 + Cl + 4(-2) = 0. +1 + Cl - 8 = 0. Cl = +7.","A: -1 is Cl in HCl, NaCl. B: +1 is Cl in NaClO (sodium hypochlorite). C: +5 is Cl in NaClO3 (sodium chlorate)."
Chemistry,Oxidation & Reduction,112,Which of the following is a reducing agent?,KMnO4,K2Cr2O7,SO2,Cl2,C,"SO2 is a reducing agent — it can be oxidized to SO3 (or SO4 2-), donating electrons to an oxidizing agent. For example, SO2 reduces KMnO4 and bleaches flower pigments.",A: KMnO4 is a strong OXIDIZING agent. B: K2Cr2O7 is a strong OXIDIZING agent. D: Cl2 is an oxidizing agent (though Cl2 can act as reducing agent in reactions with F2).
Chemistry,Electrolysis,113,"During the electrolysis of dilute sulphuric acid, the gas produced at the anode is",Hydrogen,Sulphur dioxide,Oxygen,Sulphur trioxide,C,"At the anode (positive electrode), OH- ions (from water ionization) are oxidized: 4OH- → 2H2O + O2 + 4e-. Oxygen gas is produced at the anode. Hydrogen is produced at the cathode.",A: Hydrogen is produced at the CATHODE: 2H+ + 2e- → H2. B: SO2 is not produced in electrolysis of dilute H2SO4. D: SO3 is not a product of this electrolysis.
Chemistry,Electrolysis,114,Faraday's first law of electrolysis states that,the mass of substance deposited is proportional to the time of electrolysis only,the mass of substance deposited at an electrode is directly proportional to the quantity of electricity passed,1 Faraday deposits 1 gram of any element,the mass deposited depends on temperature and pressure,B,"Faraday's First Law: m ∝ Q (where Q = charge in Coulombs = current × time). The more charge passed, the greater the mass deposited.","A: Mass depends on both current AND time (Q = It), not time alone. C: 1 Faraday (96500 C) deposits 1 mole of electrons worth of substance, varying by element and valency. D: Temperature and pressure are not factors in Faraday's laws."
Chemistry,Electrolysis,115,"In the electrolysis of aqueous CuSO4 using copper electrodes, the anode",remains unchanged as O2 is produced,dissolves as Cu atoms lose electrons to replenish Cu2+ ions,gains mass as Cu2+ is deposited on it,produces H2 gas,B,"With copper electrodes, the copper anode dissolves: Cu → Cu2+ + 2e-. This replenishes the Cu2+ ions depleted at the cathode (where Cu is deposited). The concentration of CuSO4 stays constant. This is the basis of copper refining.","A: With inert electrodes (Pt/C), O2 is produced at the anode, but with Cu electrodes, Cu dissolves. C: The CATHODE gains mass (Cu deposits). D: H2 is not produced in this electrolysis."
Chemistry,Electrolysis,116,"How much copper is deposited when 2 Faradays of electricity is passed through CuSO4 solution? (Cu = 64, 1F = 96500C)",32g,64g,128g,16g,B,Cu2+ + 2e- → Cu. 2 moles of electrons (2F) deposits 1 mole of Cu = 64g.,A: 32g = 1F of electricity for Cu (incorrect; Cu is divalent so 2F deposits 1 mol). C: 128g would require 4F. D: 16g would require 0.5F.
Chemistry,Electrolysis,117,The electrochemical series is used to predict,the rate of a chemical reaction,the relative tendency of metals to lose electrons (reactivity) and electrode potential,the boiling points of metals,the solubility of metal salts,B,"The electrochemical series lists metals in order of their standard electrode potentials (E°), which corresponds to their tendency to be oxidized (lose electrons). More negative E° = more easily oxidized = more reactive.","A: Reaction rates are determined by kinetics, not electrode potential. C: Boiling points are physical properties unrelated to the electrochemical series. D: Solubility is determined by solubility product, not electrode potential."
Chemistry,Electrolysis,118,Corrosion of iron is accelerated by the presence of,dry air only,moisture (water) and oxygen together,nitrogen gas,pure carbon dioxide,B,"Rusting (corrosion of iron) requires BOTH water and oxygen. In dry air (no moisture) or deoxygenated water, iron does not rust significantly. The electrochemical corrosion requires both H2O (electrolyte) and O2.",A: Dry air (no moisture) does not cause rusting. C: Nitrogen is inert and does not cause corrosion. D: CO2 alone without moisture is insufficient.
Chemistry,Electrolysis,119,"In the industrial extraction of aluminium, the ore (purified bauxite/Al2O3) is dissolved in molten cryolite because","cryolite reduces the melting point of Al2O3, making electrolysis feasible",cryolite is a better source of aluminium,cryolite increases the electrical conductivity of Al2O3,cryolite prevents oxidation of aluminium,A,"Al2O3 has an extremely high melting point (~2072°C). Dissolving it in molten cryolite (Na3AlF6) reduces the operating temperature to about 900-1000°C, making the process economically feasible.","B: Cryolite (Na3AlF6) contains very little Al. C: The purpose is to reduce melting point, though it does also affect conductivity. D: Cryolite does not primarily function as an anti-oxidant."
Chemistry,Electrolysis,120,Which of the following is NOT a use of electrolysis?,Electroplating of metals,Purification of copper,Extraction of aluminium from bauxite,Fractional distillation of petroleum,D,Fractional distillation of petroleum is a physical separation process based on different boiling points. It does not involve electricity or electrolysis. All the others are direct applications of electrolysis.,A: Electroplating uses electrolysis to coat a metal with a thin layer of another metal. B: Copper purification uses electrolysis with impure Cu anode. C: Al extraction (Hall-Héroult process) uses electrolysis of molten Al2O3.
Chemistry,Electrolysis,121,"During the electrolysis of concentrated NaCl solution (brine), the products at the cathode, anode, and in solution respectively are","Cl2, H2, NaOH","H2, Cl2, NaOH","Na, Cl2, H2O","H2, O2, Na2SO4",B,"Electrolysis of brine: Cathode: 2H2O + 2e- → H2 + 2OH- (or 2H+ + 2e- → H2). Anode: 2Cl- → Cl2 + 2e-. The Na+ and OH- remain in solution forming NaOH. Products: H2 (cathode), Cl2 (anode), NaOH (solution).",A: This reverses cathode and anode products. C: Na metal is not deposited (Na+ is not discharged in aqueous solution). D: O2 would be produced in dilute solution; concentrated NaCl gives Cl2 at anode.
Chemistry,Electrolysis,122,Cathodic protection of iron involves,Painting the iron surface,Coating iron with a more reactive metal (like zinc) that corrodes preferentially,Electroplating with copper,Coating iron with a less reactive metal,B,Cathodic protection (sacrificial protection) connects a more reactive metal (Mg or Zn) to iron. The more reactive metal acts as the anode and corrodes sacrificially while the iron is protected as the cathode. Galvanizing (coating with Zn) works this way.,"A: Painting is a barrier method, not cathodic protection. C: Copper is less reactive than iron — if the copper layer breaks, the iron beneath corrodes faster (galvanic corrosion). D: A less reactive metal coating would not provide cathodic protection."
Chemistry,Electrolysis,123,"In the electrochemical series K, Ca, Na, Mg, Al, Zn, Fe, Sn, Pb, H, Cu, Hg, Ag, Au, which metal is most easily oxidized?",Gold (Au),Potassium (K),Copper (Cu),Hydrogen (H),B,"In the electrochemical series, metals at the top (K, Ca, Na) have the most negative electrode potentials and are most easily oxidized (most reactive). Potassium is at the top of the series given, making it most easily oxidized.","A: Gold is at the bottom — it is the least easily oxidized (most noble metal). C: Copper is below hydrogen, meaning it is less reactive. D: Hydrogen is the reference point (E° = 0); metals above it are more easily oxidized."
Chemistry,Electrolysis,124,The quantity of electricity required to deposit 0.5 mol of Cu from CuSO4 solution is (1F = 96500 C),48250 C,96500 C,193000 C,24125 C,B,Cu2+ + 2e- → Cu. 1 mol Cu requires 2F = 2 × 96500 = 193000 C. Therefore 0.5 mol Cu requires 0.5 × 193000 = 96500 C = 1F.,"A: 48250 C = 0.5F, which would deposit 0.25 mol Cu. C: 193000 C = 2F, which deposits 1 mol Cu. D: 24125 C = 0.25F, far insufficient."
Chemistry,Energy Changes,125,An endothermic reaction is one in which,heat is released to the surroundings (ΔH < 0),heat is absorbed from the surroundings (ΔH > 0),no energy change occurs,the products are at a lower energy than the reactants,B,"In an endothermic reaction, the system absorbs heat energy from the surroundings. ΔH is POSITIVE (ΔH > 0). Products have MORE energy than reactants. Example: dissolution of NH4Cl in water.",A: ΔH < 0 describes an EXOTHERMIC reaction. C: All chemical reactions involve energy changes. D: Products at lower energy = exothermic (energy released).
Chemistry,Energy Changes,126,Which of the following processes is exothermic?,Melting of ice,Dissolution of NH4Cl in water,Dissolution of NaOH in water,Vaporization of ethanol,C,Dissolution of NaOH is exothermic — the solution gets hot. The hydration energy released when Na+ and OH- ions are hydrated exceeds the lattice energy. The JAMB syllabus specifically cites NaOH and Na as examples of exothermic dissolution.,A: Melting (fusion) is endothermic (absorbs heat). B: NH4Cl dissolution is endothermic (solution cools). D: Vaporization is endothermic (absorbs heat to overcome intermolecular forces).
Chemistry,Energy Changes,127,The Gibbs free energy equation is ΔG° = ΔH° - TΔS°. A reaction is spontaneous when,ΔG° > 0,ΔG° = 0,ΔG° < 0,ΔH° > TΔS°,C,A reaction is spontaneous (proceeds without external energy input) when ΔG° < 0 (negative Gibbs free energy change). ΔG° = 0 indicates equilibrium. ΔG° > 0 indicates non-spontaneous.,"A: ΔG° > 0 means the reaction is NON-spontaneous (reverse is spontaneous). B: ΔG° = 0 is the criterion for equilibrium, not spontaneity. D: ΔH° > TΔS° means ΔG° = ΔH°-TΔS° > 0, which is non-spontaneous."
Chemistry,Energy Changes,128,Entropy is a measure of,the heat content of a system,the free energy available to do work,the degree of disorder or randomness in a system,the activation energy of a reaction,C,Entropy (S) is a thermodynamic state function that measures the degree of disorder/randomness. Greater disorder = higher entropy. Gases have higher entropy than liquids; liquids higher than solids.,"A: Heat content (enthalpy, H) is a different thermodynamic quantity. B: Free energy (Gibbs, G) is what does work. D: Activation energy (Ea) is from kinetics, not related to entropy."
Chemistry,Rates of Reaction,129,Increasing the concentration of a reactant in solution generally increases the reaction rate because,the activation energy decreases,more frequent effective collisions occur between reacting particles,the temperature of the solution increases,the particles gain more energy,B,"At higher concentration, there are more reactant particles per unit volume, leading to more frequent collisions between reactant particles. More collisions per unit time means more effective collisions per unit time, hence a faster rate.","A: Concentration does not affect activation energy. C: Increasing concentration does not raise temperature. D: Concentration affects collision frequency, not particle energy."
Chemistry,Rates of Reaction,130,"In the reaction between marble chips (CaCO3) and hydrochloric acid, which modification would give the FASTEST reaction rate?",Large lumps of marble with dilute HCl,Large lumps of marble with concentrated HCl,Powdered marble with concentrated HCl,Powdered marble with dilute HCl,C,"Rate is maximized by combining: (1) powdered marble — maximum surface area for contact, and (2) concentrated HCl — maximum concentration of H+ ions. Both surface area and concentration are increased.",A: Large lumps + dilute HCl = minimum surface area AND minimum concentration = slowest. B: Large lumps reduce surface area. D: Dilute HCl reduces H+ concentration.
Chemistry,Rates of Reaction,131,MnO2 is used as a catalyst in the decomposition of H2O2. This means MnO2,is consumed in the reaction,increases the activation energy,provides an alternative reaction pathway with lower activation energy,increases the energy of reactants,C,"A catalyst works by providing an alternative reaction pathway with a lower activation energy. MnO2 is not consumed (it is regenerated). The lower Ea means more molecules have sufficient energy to react, increasing rate.","A: A catalyst is not consumed; it can be recovered unchanged after the reaction. B: Catalysts LOWER activation energy, not increase it. D: Catalysts lower the Ea barrier; they do not increase reactant energy."
Chemistry,Rates of Reaction,132,Activation energy (Ea) is best defined as,the total energy released in a reaction,the minimum energy that colliding particles must have to result in a successful reaction,the energy difference between products and reactants,the average kinetic energy of molecules,B,Activation energy is the minimum energy that colliding reactant molecules must possess for the collision to result in a chemical reaction (bond breaking and new bond formation). Only molecules with E ≥ Ea react.,A: Total energy released is ΔH (enthalpy change). C: Energy difference between products and reactants is ΔH (enthalpy change). D: Average kinetic energy = (3/2)kT; not activation energy.
Chemistry,Rates of Reaction,133,The effect of light on the halogenation of alkanes is that,light acts as a catalyst that is not consumed,light provides photons that initiate the free radical chain reaction,light increases the temperature of the reaction,light acts as a reactant,B,"Halogenation of alkanes (e.g., CH4 + Cl2 → CH3Cl) requires UV light for initiation. Light provides photons with enough energy to break the Cl-Cl bond homolytically (Cl2 → 2Cl•), producing free radicals that start the chain reaction.","A: Light is not a catalyst; it provides energy that initiates the chain. C: The light effect is photochemical (photon absorption), not thermal. D: Light is an energy source, not a chemical reactant."
Chemistry,Rates of Reaction,134,"In the reaction between HCl and Na2S2O3 (iodine clock-type reaction), the rate is measured by",change in colour of litmus,the time taken for a mark under the flask to become invisible due to sulphur precipitate,measuring the volume of gas produced,change in mass of the flask,B,"In the Na2S2O3 + HCl reaction, colloidal sulphur is produced: Na2S2O3 + 2HCl → 2NaCl + S + SO2 + H2O. The rate is inversely proportional to the time taken for the cloudiness (sulphur) to obscure a cross marked beneath the flask.",A: Litmus colour is not used in this specific experiment. C: No significant gas volume is produced (SO2 dissolves). D: Mass change is negligible and not the standard measurement method.
Chemistry,Rates of Reaction,135,Arrhenius' law qualitatively states that,pressure has no effect on rate,the rate constant increases exponentially with increasing temperature,concentration is the only factor affecting rate,catalysts only work at high temperatures,B,Arrhenius' law (k = Ae^(-Ea/RT)) quantitatively shows that the rate constant k increases exponentially with temperature. A small increase in temperature causes a large increase in rate because the fraction of molecules with E ≥ Ea increases dramatically.,"A: Pressure affects the rate of gaseous reactions (affects concentration). C: Temperature, surface area, and catalyst also affect rate. D: Catalysts work by lowering Ea and are not temperature-restricted."
Chemistry,Rates of Reaction,136,"On a reaction rate curve (concentration vs time), the gradient of the curve at any point represents",the activation energy,the enthalpy change,the instantaneous rate of reaction,the equilibrium constant,C,"The rate of reaction = -d[reactant]/dt (or +d[product]/dt). On a concentration-time graph, the gradient (slope) at any point equals the instantaneous rate at that moment. The curve becomes less steep as reaction slows.",A: Activation energy is from energy profile diagrams (energy vs reaction coordinate). B: Enthalpy change is ΔH from energy level diagrams. D: Equilibrium constant is calculated from equilibrium concentrations.
Chemistry,Rates of Reaction,137,Which of the following statements about a catalyst is INCORRECT?,It is not consumed in the overall reaction,It lowers the activation energy,It changes the position of equilibrium in a reversible reaction,It provides an alternative reaction pathway,C,"A catalyst increases the rate of both the forward AND backward reactions equally. Therefore, it does NOT change the equilibrium position (Kc) — it only helps the system reach equilibrium faster.",A: True — a catalyst is regenerated at the end. B: True — a catalyst lowers Ea. D: True — it provides an alternative mechanism with lower Ea.
Chemistry,Rates of Reaction,138,"In a reaction, doubling the temperature from 300K to 600K causes the rate to increase approximately",2 times,4 times,More than 100 times for a typical reaction,There is no change,C,"For a typical reaction, a 10°C rise doubles the rate. From 300K to 600K is a 300K rise. If rate doubles every 10°C, this gives approximately 2^30 increase — vastly more than 2 or 4 times. In practice, the Arrhenius equation gives very large increases.",A: Doubling the rate corresponds to only ~10°C rise for typical reactions. B: Quadrupling corresponds to ~20°C rise. D: Temperature definitely affects reaction rate.
Chemistry,Chemical Equilibrium,139,"Le Chatelier's principle states that when a system at equilibrium is disturbed, it",will always shift to the right to produce more products,shifts in the direction that opposes the applied change to re-establish equilibrium,will stop reacting until the disturbance is removed,shifts in the direction that increases the disturbance,B,"Le Chatelier's principle: if a stress (change in concentration, pressure, or temperature) is applied to a system at equilibrium, the equilibrium position shifts in the direction that tends to counteract or relieve that stress.","A: The direction of shift depends on the nature of the stress, not always to the right. C: The system does not stop; it shifts to a new equilibrium. D: The system opposes (not increases) the disturbance."
Chemistry,Chemical Equilibrium,140,"In the reaction N2O4(g) ⇌ 2NO2(g), increasing pressure at constant temperature will",shift equilibrium to the right (more NO2),shift equilibrium to the left (more N2O4),have no effect on the equilibrium,increase the equilibrium constant Kc,B,Increasing pressure favours the side with fewer moles of gas. Left side: 1 mol gas; Right side: 2 mol gas. Increased pressure shifts equilibrium to the LEFT (fewer moles of gas = N2O4 side).,"A: Shifting right would produce MORE gas (2 mol), which opposes increased pressure — incorrect. C: Pressure change affects equilibria involving gases with unequal moles. D: Kc is only affected by temperature, not pressure."
Chemistry,Chemical Equilibrium,141,The equilibrium constant K for a reaction is only affected by changes in,Concentration of reactants,Pressure,Presence of a catalyst,Temperature,D,The equilibrium constant K is a thermodynamic quantity that depends only on temperature. Changing concentration or pressure shifts the equilibrium position but K remains the same. A catalyst only speeds up reaching equilibrium without changing K.,A: Concentration changes shift position but K is unchanged. B: Pressure changes shift position but K is unchanged. C: Catalyst speeds up reaching equilibrium but does not change K.
Chemistry,Chemical Equilibrium,142,"In the Haber process for ammonia synthesis: N2 + 3H2 ⇌ 2NH3 (ΔH = -92kJ/mol). To maximize NH3 yield, one should use",High temperature and low pressure,Low temperature and high pressure,High temperature and high pressure,Low temperature and low pressure,B,"Forward reaction: 4 mol gas → 2 mol gas (decrease), so high pressure favours NH3. Forward reaction is exothermic, so lower temperature favours NH3. However, lower temperature slows rate — industry uses ~450°C as a compromise.",A: High temperature shifts equilibrium to left (less NH3); low pressure also gives less NH3. C: High temperature shifts equilibrium left (endothermic direction). D: Low pressure shifts equilibrium to the side with more gas (left = less NH3).
Chemistry,Chemical Equilibrium,143,A reaction at equilibrium can be described as,A reaction that has stopped completely,A state where the rate of the forward reaction equals the rate of the reverse reaction,A reaction with no reactants remaining,A state where concentrations are all equal,B,"Dynamic equilibrium: both forward and reverse reactions continue, but at equal rates. Concentrations remain constant (not necessarily equal) because formation rate equals consumption rate for each species.","A: At equilibrium both reactions continue (dynamic). C: Some reactants always remain at equilibrium (reversible reaction). D: Concentrations are constant, not necessarily equal."
Chemistry,Chemical Equilibrium,144,"When steam reacts with iron: 3Fe + 4H2O ⇌ Fe3O4 + 4H2, removing H2 from the equilibrium mixture will",shift equilibrium to the left,decrease the rate of reaction,"shift equilibrium to the right, producing more Fe3O4",have no effect,C,"Removing a product (H2) reduces its concentration on the right side. By Le Chatelier's principle, the equilibrium shifts to the RIGHT to replace the removed H2, producing more Fe3O4 and consuming more Fe and H2O.","A: Removing product shifts equilibrium to the right, not left. B: The shift to the right maintains or increases rate of forward reaction. D: Changing concentration of a component definitely affects equilibrium."
Chemistry,Non-Metals & Their Compounds,145,Chlorine is prepared in the laboratory by,Burning chlorine gas in excess oxygen,Oxidation of concentrated HCl with MnO2 and heat,Electrolysis of water,Reaction of NaCl with dilute H2SO4,B,Laboratory preparation of Cl2: MnO2 + 4HCl → MnCl2 + Cl2 + 2H2O. MnO2 oxidizes the HCl. The Cl2 produced is dried and collected by upward displacement of air (denser than air).,A: Cl2 is not produced by burning; it is a product of oxidation of HCl. C: Electrolysis of water produces H2 and O2. D: Dilute H2SO4 with NaCl only produces NaHSO4 and HCl gas; concentrated H2SO4 produces HCl (not Cl2).
Chemistry,Non-Metals & Their Compounds,146,The industrial preparation of chlorine is by,Deacon's process (oxidation of HCl with air),Electrolysis of brine (concentrated NaCl solution),Haber process,Contact process,B,"Industrially, chlorine is manufactured by the electrolysis of brine: Chlorine is produced at the anode, hydrogen at the cathode, and NaOH in solution. This is the chlor-alkali process.",A: Deacon's process is historical; the modern method is electrolysis. C: The Haber process produces ammonia (NH3). D: The Contact process produces sulphuric acid.
Chemistry,Non-Metals & Their Compounds,147,The test for a chloride (Cl-) ion in solution involves,Adding BaCl2 solution in dilute HCl,Adding dilute HNO3 then AgNO3 solution; a white precipitate insoluble in excess HNO3 but soluble in NH3,Adding litmus paper,Adding NaOH solution,B,"Test for Cl-: Add dilute HNO3 (to remove carbonate/sulphite interference), then add AgNO3 solution. Cl- + Ag+ → AgCl↓ (white precipitate). AgCl is insoluble in dilute HNO3 but dissolves in dilute NH3 solution.","A: BaCl2 tests for SO4 2-, not Cl-. C: Litmus tests for acidity/alkalinity. D: NaOH tests for metal cations."
Chemistry,Non-Metals & Their Compounds,148,The bleaching action of chlorine is due to,Direct oxidation by Cl2 gas,Formation of nascent oxygen from HOCl (hypochlorous acid) which oxidizes the dye,The acidity of HCl produced,Reduction of the dye by Cl2,B,"Cl2 + H2O → HCl + HOCl. HOCl → HCl + [O] (nascent oxygen). The nascent oxygen is a powerful oxidizing agent that destroys (oxidizes) the coloured organic compounds (dyes), causing bleaching.","A: Cl2 alone cannot bleach — it must be moist (react with water). C: Acidity does not cause bleaching. D: Bleaching is an oxidation process, not reduction."
Chemistry,Non-Metals & Their Compounds,149,Ozone (O3) is important in the atmosphere because it,provides oxygen for breathing,reflects sunlight back to space,"absorbs harmful ultraviolet radiation from the sun, protecting life on Earth",helps in the formation of acid rain,C,"The ozone layer in the stratosphere absorbs UV-B and UV-C radiation from the sun. Without this protection, increased UV radiation would cause skin cancer, cataracts, and damage to ecosystems.","A: O2 (oxygen), not O3, is used for breathing. B: Ozone absorbs UV, not reflects sunlight. D: Ozone is beneficial; it is ozone depletion that is harmful; CFCs/NOx cause acid rain."
Chemistry,Non-Metals & Their Compounds,150,The industrial preparation of H2SO4 by the Contact Process involves which key oxidation step?,S + O2 → SO2,2SO2 + O2 ⇌ 2SO3 (over V2O5 catalyst),SO3 + H2O → H2SO4,H2S + O2 → SO2,B,"The key (and rate-determining) step in the Contact Process is the catalytic oxidation of SO2 to SO3: 2SO2 + O2 ⇌ 2SO3, using a vanadium pentoxide (V2O5) catalyst at 450°C and 1-2 atm. SO3 is then absorbed into oleum.",A: Burning S to SO2 is only the first step. C: Direct absorption of SO3 in water is explosive; it is absorbed in concentrated H2SO4 to form oleum. D: H2S is not a reactant in the Contact Process.
Chemistry,Non-Metals & Their Compounds,151,Ammonia (NH3) is prepared industrially by the,Contact process from N2 and H2,Haber process from N2 and H2,Solvay process from NaCl and NH3,Electrolysis of liquid nitrogen,B,"The Haber process: N2 + 3H2 ⇌ 2NH3. Conditions: iron catalyst, ~450°C, ~200 atm pressure. This is the standard industrial production of ammonia.","A: The Contact process makes H2SO4, not NH3. C: The Solvay process makes Na2CO3 (sodium carbonate). D: Liquid nitrogen is N2 and does not yield NH3 by electrolysis."
Chemistry,Non-Metals & Their Compounds,152,The test for NH4+ (ammonium ion) involves,Adding AgNO3 solution — white precipitate,Adding BaCl2 solution — white precipitate,Adding NaOH solution and warming — ammonia gas (turns moist red litmus blue) is produced,Adding dilute HCl — effervescence,C,Test for NH4+: Add NaOH solution and warm gently. NH4+ + OH- → NH3↑ + H2O. The ammonia gas produced turns moist red litmus paper blue and has a characteristic pungent smell.,A: AgNO3 tests for halide ions. B: BaCl2 tests for SO4 2-. D: Effervescence with HCl occurs with carbonates (CO3 2-).
Chemistry,Non-Metals & Their Compounds,153,"When HNO3 reacts with copper, which gas is produced?",H2 gas,O2 gas,NO2 (concentrated HNO3) or NO (dilute HNO3),SO2,C,Copper does not displace H2 from acid (it is below H in the reactivity series). HNO3 oxidizes Cu: Concentrated HNO3 → NO2 (brown gas); Dilute HNO3 → NO (colourless gas that turns brown in air). Cu → Cu2+.,"A: Cu is below H2 in the reactivity series and does not produce H2 with acids. B: O2 is not produced from this reaction. D: SO2 would be from reaction with H2SO4, not HNO3."
Chemistry,Non-Metals & Their Compounds,154,Carbon (II) oxide (CO) is dangerous to humans because,It is strongly acidic,"It forms carboxyhaemoglobin, preventing oxygen transport in blood",It reacts with water in the lungs,It has a strong unpleasant smell,B,"CO binds to haemoglobin with 200-300 times greater affinity than O2, forming carboxyhaemoglobin (COHb). This prevents O2 from being transported in the blood, causing oxygen deprivation and death. CO is odourless.",A: CO is not acidic; CO2 is weakly acidic. C: CO does not react significantly with water in the lungs. D: CO is odourless and colourless — this is part of what makes it dangerous.
Chemistry,Non-Metals & Their Compounds,155,Which of the following is an allotrope of carbon?,Dry ice,Graphite,Carbon dioxide,Carbon monoxide,B,"Allotropes are different physical forms of the same element. Carbon's allotropes include diamond, graphite, and fullerenes (buckminsterfullerene). Dry ice (CO2), CO2, and CO are compounds of carbon, not allotropes.",A: Dry ice is solid CO2 — a compound. C: CO2 is a compound (two elements). D: CO is a compound (two elements).
Chemistry,Non-Metals & Their Compounds,156,Hydrogen sulphide (H2S) acts as a precipitating agent in qualitative analysis because,it is a strong acid,S2- ions precipitate many insoluble metal sulphides with distinctive colours,it dissolves all metal salts,it acts as an oxidizing agent,B,"H2S ionizes to provide S2- ions. Many metal sulphides are insoluble and have characteristic colours: CuS (black), ZnS (white), PbS (black), FeS (black). This allows identification of metal ions in qualitative analysis.","A: H2S is a WEAK acid (weak electrolyte). C: Many metal sulphides are insoluble. D: H2S is a REDUCING agent (it loses electrons/hydrogen), not an oxidizing agent."
Chemistry,Non-Metals & Their Compounds,157,The test for CO3 2- (carbonate ion) involves,Adding AgNO3 — white precipitate soluble in NH3,Adding dilute HCl — brisk effervescence of CO2 which turns Ca(OH)2 solution milky,Adding BaCl2 in HCl — white precipitate,Adding NaOH and warming,B,Test for CO3 2-: Add dilute HCl. CO3 2- + 2H+ → H2O + CO2↑. The CO2 gas produced turns limewater (Ca(OH)2 solution) milky: Ca(OH)2 + CO2 → CaCO3↓ + H2O.,A: AgNO3 tests for Cl- (and other halides). C: BaCl2 in HCl tests for SO4 2-. D: NaOH tests for NH4+ (when warmed) or metal cations.
Chemistry,Non-Metals & Their Compounds,158,The nitrogen cycle is important because it,removes all nitrogen from the atmosphere permanently,"circulates nitrogen between the atmosphere, soil, living organisms, and back to the atmosphere",produces nitrogen from oxygen in the air,converts all nitrogen to nitric acid,B,"The nitrogen cycle is the biogeochemical cycle by which nitrogen is converted between N2 in the atmosphere, nitrates in soil (via fixation and nitrification), amino acids in organisms, and back to N2 (via denitrification). It maintains nitrogen availability for life.","A: N2 levels remain relatively constant — the cycle recycles N. C: Nitrogen is fixed FROM the atmosphere (N2→NH3/NO3-), not produced from O2. D: Only a fraction becomes nitric acid."
Chemistry,Non-Metals & Their Compounds,159,Sulphur exists as rhombic and monoclinic allotropes. These differ in,chemical formula,atomic composition,crystal structure and stability at different temperatures,colour only,C,"Rhombic sulphur (stable below 96°C) and monoclinic sulphur (stable above 96°C, below melting point) are allotropes of S8 with different crystal structures (packing arrangements). They have the same chemical properties but different physical properties.","A: Both allotropes have the same formula (S8 molecules). B: Both are pure sulphur atoms. D: While they may appear slightly different, the distinction is fundamentally about crystal structure and temperature stability."
Chemistry,Non-Metals & Their Compounds,160,Products obtained from the destructive distillation of coal include,"Petroleum, natural gas, and water","Coal gas, coal tar, ammoniacal liquor, and coke","Methane, ethane, and propane only",Graphite and diamond,B,"Destructive distillation of coal (heating without air) produces: coal gas (fuel), coal tar (source of aromatic compounds), ammoniacal liquor (contains NH3), and coke (nearly pure carbon used as fuel and in metallurgy).","A: These are products of petroleum, not coal. C: These simple alkanes are in natural gas/coal gas but the complete list is broader. D: Graphite and diamond are not products of destructive distillation."
Chemistry,Metals & Their Compounds,161,The Solvay process is used for the industrial production of,Sodium hydroxide,Sodium carbonate (Na2CO3),Sodium chloride,Ammonia,B,"The Solvay (ammonia-soda) process manufactures Na2CO3 (washing soda) using NaCl, NH3, CO2, and water as raw materials. The overall reaction: 2NaCl + CaCO3 → Na2CO3 + CaCl2.",A: NaOH is produced by electrolysis of brine. C: NaCl occurs naturally in sea water and mines. D: NH3 is made by the Haber process.
Chemistry,Metals & Their Compounds,162,The reaction of sodium hydroxide with aluminium metal produces,Al2O3 + NaCl + H2,NaAlO2 + H2↑ (sodium aluminate and hydrogen gas),Al(OH)3 precipitate only,No reaction occurs,B,"Aluminium is amphoteric. It reacts with both acids and alkalis: 2Al + 2NaOH + 2H2O → 2NaAlO2 + 3H2↑. NaOH dissolves Al, producing sodium aluminate and hydrogen gas.",A: No NaCl is produced; there is no Cl present. C: Al(OH)3 forms when Al3+ reacts with dilute NaOH (insufficient excess). D: Al does react with NaOH (it is amphoteric).
Chemistry,Metals & Their Compounds,163,Which property distinguishes transition metals from typical s-block metals?,They are all magnetic,They have variable oxidation states and form coloured compounds,They all have the same electron configuration,They are all harder than iron,B,"Transition metals have incompletely filled d-orbitals (in the atom or common ions), which give rise to: variable oxidation states (different d-electron loss), coloured compounds (d-d electron transitions absorb visible light), and catalytic activity.","A: Only Fe, Co, Ni are ferromagnetic. C: Transition metals have different configurations. D: Hardness varies among transition metals."
Chemistry,Metals & Their Compounds,164,Iron is extracted from its oxide ores in a blast furnace using,Carbon monoxide as the reducing agent,Hydrogen as the reducing agent,Electrolysis,Coke directly reacting without any intermediate,A,"In the blast furnace, coke burns to form CO2, which reacts with more coke to form CO (C + CO2 → 2CO). CO is the main reducing agent: Fe2O3 + 3CO → 2Fe + 3CO2. Some direct reduction by C also occurs.","B: H2 is used for iron production in some modern DRI processes but CO is the standard blast furnace answer. C: Electrolysis is too expensive for large-scale iron production; it is used for Al. D: Coke does directly reduce at very high temperatures, but CO is the primary reducing agent."
Chemistry,Metals & Their Compounds,165,Steel differs from cast iron in that steel has,Higher carbon content (3-4%) and is more brittle,Lower carbon content (0.1-1.5%) and is stronger and less brittle,No carbon at all,More iron and less carbon than wrought iron,B,"Cast iron has ~3-4% carbon (brittle, hard). Steel has 0.1-1.5% carbon. Lowering carbon content makes the metal less brittle, more malleable, and tougher. Stainless steel also contains Cr and Ni for corrosion resistance.","A: This describes cast iron, not steel. C: Pure iron contains no carbon; steel always has some carbon (0.1-1.5%). D: This is partially true for mild steel vs wrought iron but B is the most accurate complete answer."
Chemistry,Metals & Their Compounds,166,The test for Fe2+ (iron(II) ions) involves,Adding NaOH — brown precipitate,Adding NaOH — dirty green precipitate that turns brown on standing (oxidation),Adding AgNO3 — white precipitate,Adding BaCl2 — white precipitate,B,"Fe2+ + 2OH- → Fe(OH)2↓ (dirty green precipitate). On standing in air, Fe(OH)2 is oxidized to Fe(OH)3: 4Fe(OH)2 + O2 + 2H2O → 4Fe(OH)3 (rust-brown). This colour change is characteristic of Fe2+.",A: Brown precipitate with NaOH indicates Fe3+ not Fe2+. C: AgNO3 tests for halide ions. D: BaCl2 tests for SO4 2-.
Chemistry,Metals & Their Compounds,167,Copper(II) tetraoxosulphate(VI) (CuSO4) is prepared from copper by,Direct reaction of Cu with dilute H2SO4,"Reacting Cu with hot concentrated H2SO4, or dissolving CuO/Cu2O in dilute H2SO4",Electrolysis of copper sulphide,Reacting Cu with HCl,B,"Cu does not react with dilute H2SO4 (below H in activity series). CuSO4 is prepared by: (1) Cu + 2H2SO4(conc.) → CuSO4 + SO2 + 2H2O (hot concentrated H2SO4), or (2) CuO + H2SO4 → CuSO4 + H2O.","A: Cu does NOT react with dilute H2SO4. C: Electrolysis is used to purify Cu, not directly make CuSO4. D: Cu does not react with HCl to form CuSO4."
Chemistry,Metals & Their Compounds,168,Calcium oxide (quicklime) is used in the manufacture of cement. Its reaction with water is,"Endothermic, producing Ca(OH)2 only","Exothermic (slaking), producing Ca(OH)2 (slaked lime)",No reaction with water,Produces CaCO3 and CO2,B,CaO + H2O → Ca(OH)2 (calcium hydroxide / slaked lime). This reaction is highly exothermic (produces a lot of heat). Slaked lime is used to make mortar and to adjust soil pH.,"A: The reaction is strongly EXOthermic, not endothermic. C: CaO reacts vigorously with water. D: CaCO3 and CO2 are not products of this reaction (wrong reagents)."
Chemistry,Metals & Their Compounds,169,The percentage composition of cement is approximately,CaCO3 only,CaSiO3 and Ca3(PO4)2,"CaO, SiO2, Al2O3, and Fe2O3 (mainly CaO·SiO2 compounds)",NaCl and CaSO4 only,C,"Portland cement is composed mainly of calcium silicates (CaO·SiO2 compounds), with alumina (Al2O3) and iron oxide (Fe2O3). The raw materials are limestone (CaCO3) and clay. CaCO3 is calcined to CaO during manufacture.","A: CaCO3 is the raw material, not the final product. B: Ca3(PO4)2 is not a major component of cement. D: NaCl and CaSO4 are not components of cement."
Chemistry,Metals & Their Compounds,170,An alloy of copper and zinc is called,Bronze,Brass,Solder,Duralumin,B,Brass is an alloy of copper (Cu) and zinc (Zn). It is harder than copper and has good corrosion resistance. Bronze is Cu + Sn (tin). Solder is Pb + Sn. Duralumin is Al + Cu + Mg + Mn.,"A: Bronze = Cu + Sn. C: Solder = Pb + Sn (soft solder) or Ag + Cu (hard solder). D: Duralumin = Al alloy (with Cu, Mg, Mn)."
Chemistry,Metals & Their Compounds,171,The purification of bauxite (aluminium ore) to obtain pure Al2O3 is called,The Hall-Héroult process,The Bayer process,The Solvay process,The Contact process,B,"The Bayer process purifies bauxite by dissolving Al2O3 in hot concentrated NaOH (leaving Fe2O3 and SiO2 residue), then precipitating Al(OH)3, which is calcined to pure Al2O3. The Hall-Héroult process then electrolyzes this to obtain Al.",A: The Hall-Héroult process is the electrolytic EXTRACTION of Al from purified Al2O3. C: Solvay process makes Na2CO3. D: Contact process makes H2SO4.
Chemistry,Metals & Their Compounds,172,The test for Cu2+ ions involves,Adding NaOH — white precipitate,Adding NaOH — blue precipitate (Cu(OH)2),Adding AgNO3 — blue precipitate,Adding BaCl2 — blue precipitate,B,Test for Cu2+: Add NaOH solution. Cu2+ + 2OH- → Cu(OH)2↓ (blue precipitate). Cu(OH)2 dissolves in excess concentrated NH3 to form a deep blue [Cu(NH3)4]2+ complex (further confirmation).,"A: White precipitate with NaOH indicates Al3+, Zn2+, or Ca2+. C: AgNO3 is not used to test for Cu2+. D: BaCl2 tests for SO4 2-."
Chemistry,Organic Chemistry,173,The general formula for alkanes is,CnH2n,CnH2n-2,CnH2n+2,CnH2n+1,C,Alkanes (saturated hydrocarbons) have the general formula CnH2n+2 where n is the number of carbon atoms. Example: methane (n=1) = CH4 = CnH2n+2 ✓,"A: CnH2n is the formula for alkenes (one double bond). B: CnH2n-2 is the formula for alkynes (triple bond) or cycloalkenes. D: CnH2n+1 is the formula for an alkyl GROUP, not a complete molecule."
Chemistry,Organic Chemistry,174,Which of the following is an example of structural isomerism?,Cis-but-2-ene and trans-but-2-ene,Butane (CH3CH2CH2CH3) and methylpropane (CH3CH(CH3)CH3),12C and 13C,Diamond and graphite,B,Structural isomers have the same molecular formula (C4H10) but different structural arrangements. Butane (straight chain) and methylpropane (branched) both have formula C4H10 — they are structural isomers.,"A: Cis and trans but-2-ene are GEOMETRIC (stereoisomers). C: 12C and 13C are isotopes, not isomers. D: Diamond and graphite are allotropes of carbon."
Chemistry,Organic Chemistry,175,The IUPAC name of CH3CH2CH2OH is,Propanol,Propan-1-ol,1-Propyl alcohol,Propanal,B,"The compound has a 3-carbon chain (prop-), an OH group (-ol) on carbon 1 (-1-). The IUPAC name is propan-1-ol. The locant '1' specifies the position of the OH group on the chain.","A: 'Propanol' is ambiguous (could be propan-1-ol or propan-2-ol); IUPAC requires the locant. C: '1-Propyl alcohol' is not an acceptable IUPAC format. D: Propanal (CH3CH2CHO) is the aldehyde, not the alcohol."
Chemistry,Organic Chemistry,176,"Which reagent is used to distinguish between primary, secondary, and tertiary alcohols (Lucas test)?",K2Cr2O7 / H2SO4,Fehling's solution,Concentrated HCl and anhydrous ZnCl2 (Lucas reagent),Tollens' reagent,C,"Lucas test: Concentrated HCl + anhydrous ZnCl2. The alcohol reacts to form an alkyl chloride (turbidity/cloudiness). Rate: 3° alcohol reacts immediately, 2° within 5 min (warming), 1° alcohol does not react (or very slowly with heat).","A: K2Cr2O7/H2SO4 distinguishes oxidizable alcohols (1°→aldehyde/acid, 2°→ketone) from 3° (no reaction) by colour change. B: Fehling's distinguishes aldehydes from ketones. D: Tollens' distinguishes aldehydes from ketones."
Chemistry,Organic Chemistry,177,Ethanol can be produced industrially by fermentation of,Ethyne + H2,Sugars/carbohydrates by yeast (enzyme zymase),Direct hydration of ethylene over acid catalyst,Both B and C are industrial methods,D,"Industrial production of ethanol uses TWO methods: (1) Fermentation: C6H12O6 → 2C2H5OH + 2CO2 (using yeast/zymase), and (2) Catalytic hydration: C2H4 + H2O → C2H5OH (H3PO4 catalyst, 300°C). The JAMB syllabus mentions both.","A: Ethyne + H2 gives ethylene (hydrogenation), not ethanol directly. B: Fermentation is one industrial method but the question asks for all industrial methods. C: Hydration is one industrial method but not the only one."
Chemistry,Organic Chemistry,178,The functional group of alkanals (aldehydes) is,-OH,-COOH,-CHO,-CO- (inside chain),C,"The aldehyde functional group is -CHO (formyl group), where the carbonyl carbon (C=O) has at least one hydrogen atom attached. For example, ethanal (CH3CHO) has this group at the end of the chain.",A: -OH is the alcohol (alkanol) functional group. B: -COOH is the carboxylic acid (alkanoic acid) functional group. D: -CO- (internal carbonyl) is the ketone (alkanone) functional group.
Chemistry,Organic Chemistry,179,Ethanoic acid reacts with ethanol to form,Ethane + water,Ethyl ethanoate (an ester) + water,Diethyl ether + water,Ethyne + water,B,Esterification: CH3COOH + C2H5OH ⇌ CH3COOC2H5 + H2O. Ethanoic acid + ethanol → ethyl ethanoate (ester) + water. H2SO4 is the catalyst.,"A: Ethane would require reduction, not esterification. C: Diethyl ether is formed from two molecules of alcohol, not acid + alcohol. D: Ethyne formation requires different conditions."
Chemistry,Organic Chemistry,180,Which of the following tests would give a POSITIVE result with ethanal (CH3CHO) but NOT with propanone (CH3COCH3)?,Adding Na2CO3 — effervescence,Fehling's solution — brick red precipitate,Bromine water — decolourization,"2,4-DNP — orange precipitate",B,"Fehling's solution (alkaline Cu2+) oxidizes ALDEHYDES to carboxylic acids, producing a brick-red (Cu2O) precipitate. KETONES are NOT oxidized by Fehling's. Tollens' silver mirror test also distinguishes them.","A: Na2CO3 effervescence tests for carboxylic acids; neither CHO nor ketones react. C: Bromine water tests for unsaturation (alkenes) or phenol, not this distinction. D: 2,4-DNP reacts with BOTH aldehydes and ketones (both have C=O)."
Chemistry,Organic Chemistry,181,Saponification is the process of,Making synthetic rubber from polymers,Hydrolysis of fats/oils (alkanoates) with NaOH or KOH to produce soap and glycerol,Fermentation of sugars to produce alcohol,Cracking of petroleum fractions,B,Saponification: fat/oil (ester of glycerol + long-chain fatty acids) + NaOH → sodium soap (sodium salt of fatty acid) + glycerol. The JAMB syllabus specifically mentions saponification as alkanoate hydrolysis.,A: Synthetic rubber production uses polymerization of isoprene/butadiene. C: Fermentation produces alcohol from sugars. D: Cracking breaks long-chain hydrocarbons into shorter ones.
Chemistry,Organic Chemistry,182,The octane number of petrol is a measure of,The number of carbon atoms in petrol,The percentage of octane in the mixture,The anti-knock quality of petrol (resistance to premature ignition),The density of petrol,C,"The octane number (octane rating) is a measure of a fuel's ability to resist knocking (premature detonation) in an engine. Higher octane = better anti-knock performance. 2,2,4-trimethylpentane (isooctane) is assigned octane number 100.","A: Petrol contains many hydrocarbons; the octane number is not about counting carbons. B: It is a rating scale from 0-100, not a percentage. D: Density is a physical property measured separately."
Chemistry,Organic Chemistry,183,Polythene (polyethene) is produced by,Condensation polymerization of ethanol,Addition polymerization of ethene (CH2=CH2),Fermentation of glucose,Cracking of propene,B,Polythene is an addition polymer formed when many ethene monomers (CH2=CH2) join together by breaking their double bonds: nCH2=CH2 → (-CH2-CH2-)n. No small molecule is lost in addition polymerization.,"A: Condensation polymerization produces polyesters, nylon, etc. with loss of H2O. C: Fermentation produces ethanol, not polythene. D: Cracking of propene yields smaller hydrocarbons, not polythene."
Chemistry,Organic Chemistry,184,Proteins are polymers of,Amino acids joined by peptide bonds,Glucose units joined by glycosidic bonds,Fatty acids joined by ester bonds,Nucleotides joined by phosphodiester bonds,A,Proteins are polypeptides — chains of amino acid monomers joined by peptide bonds (-CO-NH-) formed by condensation reactions between the amino (-NH2) and carboxyl (-COOH) groups of adjacent amino acids.,"B: Glucose units joined by glycosidic bonds describes polysaccharides (starch, cellulose). C: Fatty acids + glycerol joined by ester bonds describes fats/oils. D: Nucleotides in phosphodiester bonds describes DNA/RNA."
Chemistry,Organic Chemistry,185,The Biuret test is used to detect,Glucose (simple sugars),Starch,Proteins (peptide bonds),Lipids (fats),C,"The Biuret test detects proteins: add NaOH, then dilute CuSO4. If protein (peptide bonds) is present, the solution turns purple/violet. The Cu2+ coordinates with peptide bonds. The JAMB syllabus lists Biuret as one of the protein tests.",A: Glucose is tested with Fehling's/Benedict's (brick-red precipitate). B: Starch is tested with iodine solution (blue-black colour). D: Lipids are tested with ethanol-water emulsion test.
Chemistry,Organic Chemistry,186,"Cellulose is obtained from cotton. In terms of carbohydrate classification, cellulose is",A monosaccharide,A disaccharide,A polysaccharide,A trisaccharide,C,"Cellulose is a polysaccharide — a polymer of β-glucose units linked by β-1,4-glycosidic bonds. It forms the structural component of plant cell walls. Monosaccharides = single units (glucose). Disaccharides = 2 units (sucrose). Polysaccharides = many units.","A: Monosaccharides: glucose, fructose, galactose (single sugar units). B: Disaccharides: sucrose, maltose, lactose (2 sugar units). D: 'Trisaccharide' is not one of the standard JAMB classification categories."
Chemistry,Organic Chemistry,187,Benzene (C6H6) is an aromatic compound that is more stable than expected because of,Its ring structure with alternating single and double bonds,Delocalization of π electrons over all six carbon atoms (resonance stabilization),The presence of six hydrogen atoms,Its high boiling point,B,Benzene's exceptional stability (resistance to addition reactions) arises from the delocalization of the six π electrons uniformly over the ring (resonance hybrid). This makes it 150 kJ/mol more stable than a hypothetical cyclohexatriene.,"A: This describes a Kekulé structure; the real benzene has equal C-C bonds due to delocalization. C: The H atoms are standard; stability comes from electron delocalization. D: High boiling point is a consequence, not the cause of stability."
Chemistry,Organic Chemistry,188,Natural rubber is a polymer of,Ethene (ethylene),Propene (propylene),"2-methylbuta-1,3-diene (isoprene)",Styrene (phenylethene),C,"Natural rubber (polyisoprene) is a polymer of isoprene (2-methylbuta-1,3-diene, CH2=C(CH3)-CH=CH2). The double bonds polymerize to form the long-chain polymer. The JAMB syllabus explicitly mentions this.",A: Polyethene (polythene) is the polymer of ethene. B: Polypropylene is the polymer of propene. D: Polystyrene is the polymer of styrene.
Chemistry,Organic Chemistry,189,The process of vulcanization of rubber involves,Adding antioxidants to prevent oxidation,Cross-linking rubber chains with sulphur to improve strength and elasticity,Adding carbon black to improve colour,Dissolving rubber in benzene,B,"Vulcanization (discovered by Goodyear) involves heating natural rubber with sulphur. Sulphur atoms form cross-links (bridges) between adjacent polymer chains, making the rubber stronger, more elastic, less tacky, and more resistant to heat and chemicals.",A: Antioxidants preserve rubber but are not vulcanization. C: Carbon black reinforces rubber but is not vulcanization. D: Dissolving in benzene gives rubber solution (used as adhesive) but is not vulcanization.
Chemistry,Organic Chemistry,190,What is the structural feature that distinguishes a primary alcohol from a secondary alcohol?,A primary alcohol has more carbon atoms,"In a primary alcohol, the carbon bearing the OH group is attached to only one other carbon atom",A secondary alcohol has a higher boiling point,A primary alcohol is more reactive,B,"Classification: Primary alcohol: -OH on C attached to 1 C (e.g., CH3CH2OH). Secondary alcohol: -OH on C attached to 2 C atoms (e.g., (CH3)2CHOH). Tertiary: -OH on C attached to 3 C atoms.","A: Number of carbons doesn't determine primary/secondary classification. C: Boiling point is a property, not the structural definition. D: Reactivity toward oxidation differs (1° and 2° can be oxidized; 3° cannot) but this is a consequence, not the definition."
Chemistry,Organic Chemistry,191,Nylon is an example of,An addition polymer,A condensation polymer,A natural polymer,A thermosetting plastic,B,"Nylon is a synthetic polyamide — a condensation polymer formed by the reaction of a dicarboxylic acid and a diamine, with loss of water (H2O) for each amide bond (-CO-NH-) formed. It is a thermoplastic.","A: Addition polymers (polythene, PVC) form with no small molecule loss. C: Natural polymers include cellulose, silk, natural rubber. D: Nylon is a thermoplastic (can be remoulded); thermosetting plastics (bakelite) cannot."
Chemistry,Organic Chemistry,192,The cracking of petroleum fractions converts,Short chain alkanes into longer chain hydrocarbons,"Long chain hydrocarbons into shorter, more useful ones (including alkenes)",Alkenes into alkanes by addition of H2,Crude oil into petrol by distillation,B,"Cracking breaks long-chain hydrocarbon molecules (from heavy fractions) into shorter, more useful molecules, including alkenes. Two types: thermal cracking (high temp/pressure) and catalytic cracking (zeolite catalyst at ~500°C).","A: Cracking converts LONG chains to SHORT chains, not the reverse. C: This describes hydrogenation (reduction) of alkenes. D: Distillation separates fractions; cracking converts them."
Chemistry,Organic Chemistry,193,Ethyne (acetylene) can be produced from,Fermentation of glucose,Action of water on calcium carbide (CaC2),Dehydration of ethanol,Cracking of methane,B,CaC2 + 2H2O → Ca(OH)2 + C2H2↑. Calcium carbide reacts with water to produce ethyne (acetylene) gas. The JAMB syllabus explicitly cites this as the method of production of ethyne.,"A: Fermentation produces ethanol. C: Dehydration of ethanol gives ethene (C2H4), not ethyne. D: Cracking methane primarily gives C and H2."
Chemistry,Organic Chemistry,194,Fats and oils differ primarily in that at room temperature,"Fats are liquid, oils are solid","Fats are solid (saturated), oils are liquid (unsaturated)","Fats contain phosphorus, oils do not","Fats are proteins, oils are lipids",B,"Fats (solid at room temp) are esters of glycerol and SATURATED fatty acids — packed tightly, high melting point. Oils (liquid at room temp) are esters of glycerol and UNSATURATED fatty acids — kinked chains, lower melting point.","A: This is reversed. C: Phosphorus is in phospholipids, not in fats or oils. D: Both fats and oils are lipids (alkanoates); proteins are a completely different class."
Chemistry,Organic Chemistry,195,The Ninhydrin test is used to detect the presence of,Glucose,Starch,Amino acids and proteins,Lipids,C,"Ninhydrin reacts with free amino groups (-NH2) of amino acids and proteins, producing a purple (Ruhemann's purple) colour. The JAMB syllabus lists Ninhydrin as one of the protein/amino acid tests.",A: Glucose is detected by Fehling's/Benedict's test. B: Starch is detected by iodine solution (blue-black). D: Lipids are detected by the emulsion test.
Chemistry,Organic Chemistry,196,Thermoplastics differ from thermosetting plastics in that thermoplastics,Cannot be recycled,Can be repeatedly softened by heating and remoulded (reversible),Are always stronger and harder,Are made only from natural materials,B,"Thermoplastics (e.g., polythene, PVC, nylon) soften on heating and can be remoulded — their polymer chains are not cross-linked. Thermosetting plastics (e.g., Bakelite, melamine) have extensive cross-links and cannot be remoulded once set.",A: Thermoplastics CAN be recycled (this is their advantage). C: Thermosetting plastics are generally harder. D: Both types can be synthetic.
Chemistry,Chemistry & Industry,197,Biotechnology in the chemical industry involves,Using machines to speed up chemical production,"Using biological organisms or their products (enzymes, fermentation) in industrial processes",Adding biological compounds as fuel additives,Testing chemicals on animals,B,"Biotechnology uses biological systems (bacteria, fungi, enzymes) for industrial purposes: fermentation (ethanol, antibiotics), enzyme-catalyzed reactions (food processing), bioremediation, and production of pharmaceuticals.","A: Using machines is automation/engineering. C: Fuel additives is a chemical engineering topic. D: Testing on animals is pharmaceutical safety testing, not biotechnology in industrial chemistry."
Chemistry,Chemistry & Industry,198,Fine chemicals differ from heavy chemicals in that fine chemicals,Are produced in large quantities for industrial use,"Are produced in small quantities for specialized applications (pharmaceuticals, dyes, perfumes)",Are cheaper per gram,Are produced from biological sources only,B,"Fine chemicals: high purity, small quantities, high cost per gram, complex synthesis (pharmaceuticals, pesticides, dyes, perfumes, food additives). Heavy chemicals: large quantities, relatively cheap per unit (H2SO4, NaOH, Cl2, Na2CO3).",A: This describes heavy (bulk) chemicals. C: Fine chemicals are MORE expensive per gram due to purity and complexity. D: Fine chemicals can be synthetic or natural.
Chemistry,Chemistry & Industry,199,Which of the following is a HEAVY chemical?,Aspirin,Penicillin,Sulphuric acid,Vitamin C,C,"Sulphuric acid (H2SO4) is the world's most produced heavy/bulk chemical, manufactured in millions of tonnes per year. It is used in fertilizer production, petroleum refining, and many industrial processes.",A: Aspirin (acetylsalicylic acid) is a pharmaceutical = fine chemical. B: Penicillin is an antibiotic = fine chemical. D: Vitamin C (ascorbic acid) is a pharmaceutical/food supplement = fine chemical.
Chemistry,Chemistry & Industry,200,The primary raw material for the petrochemical industry is,Coal,Natural gas and crude petroleum,Sodium chloride,Limestone,B,"Petrochemicals are chemicals derived from petroleum (crude oil) and natural gas. These include plastics, synthetic fibres, detergents, solvents, and most organic chemicals produced industrially. They are the starting materials for organic synthesis.","A: Coal is used in the coal-chemical industry (coke, coal tar) but is not the primary petrochemical feedstock. C: Sodium chloride is the raw material for the chlor-alkali industry. D: Limestone is for cement and Ca-based chemicals."
