"Question Number","Section","Topic","Question","Option A","Option B","Option C","Option D","Correct Answer","Explanation (Why Correct)","Why Other Options Are Wrong"
"1","Section A: Variety of Organisms","Characteristics of Living Things","Which of the following is NOT a characteristic that distinguishes living from non-living things?","Irritability","Movement","Crystalline structure","Metabolism","C","Crystalline structure is a property of certain non-living materials (e.g. table salt, minerals). All living things respond to stimuli (irritability), can move in some form, and carry out metabolism. Crystalline arrangement is absent in living cells.","A: Irritability (response to stimuli) is a hallmark of living things. B: Movement, even if internal, is a characteristic of life. D: Metabolism — the sum of all chemical reactions — defines living organisms."
"2","Section A: Variety of Organisms","Cell Organelles","The cell organelle responsible for the synthesis of proteins in both plant and animal cells is the","Golgi apparatus","ribosome","endoplasmic reticulum","mitochondrion","B","Ribosomes are the site of protein synthesis in all living cells — both prokaryotic and eukaryotic. They translate mRNA into polypeptide chains using amino acids.","A: Golgi apparatus packages and modifies proteins after synthesis; it does not synthesise them. C: The rough endoplasmic reticulum carries ribosomes but the synthesis occurs on the ribosomes themselves. D: Mitochondria produce ATP through respiration."
"3","Section A: Variety of Organisms","Cell Structure","A student observes a cell with a large permanent vacuole, a cellulose cell wall, and chloroplasts. The cell is most likely from","a bacterium","a fungus","a green plant","an animal","C","The combination of a large permanent vacuole, cellulose cell wall, and chloroplasts is unique to green plant cells. Chloroplasts contain chlorophyll for photosynthesis.","A: Bacteria are prokaryotes — no membrane-bound organelles or chloroplasts. B: Fungi have cell walls made of chitin, not cellulose, and lack chloroplasts. D: Animal cells lack cell walls, large vacuoles, and chloroplasts."
"4","Section A: Variety of Organisms","Levels of Organisation","Which level of organisation is represented by the human stomach?","Cell","Tissue","Organ","Organism","C","An organ is a group of different tissues working together to perform a specific function. The stomach contains epithelial, muscular, and glandular tissues, making it an organ.","A: A cell is the basic unit of life. B: A tissue is a group of similar cells performing the same function. D: An organism is the complete individual."
"5","Section A: Variety of Organisms","Cell Organelles","The powerhouse of the cell, responsible for the production of ATP via aerobic respiration, is the","nucleus","chloroplast","mitochondrion","lysosome","C","Mitochondria carry out aerobic respiration producing ATP. They contain the enzymes for the Krebs cycle and electron transport chain.","A: The nucleus contains DNA and controls cell activities but does not produce ATP. B: Chloroplasts capture light energy for photosynthesis in plant cells. D: Lysosomes contain digestive enzymes for intracellular digestion."
"6","Section A: Variety of Organisms","Cell Organelles","In a plant cell, the organelle that maintains turgor pressure and helps in osmoregulation is the","chloroplast","central vacuole","cell wall","ribosome","B","The large central vacuole in plant cells is filled with cell sap and maintains turgor pressure. Water entry into the vacuole by osmosis pushes the cytoplasm against the cell wall, maintaining rigidity.","A: Chloroplasts are for photosynthesis, not osmoregulation. C: The cell wall provides structural support and limits swelling but does not actively regulate water. D: Ribosomes synthesise proteins."
"7","Section A: Variety of Organisms","Levels of Organisation","Which of the following correctly represents the hierarchy of biological organisation from the simplest to the most complex?","Cell → organism → tissue → organ → system","Cell → tissue → organ → system → organism","Tissue → cell → organ → system → organism","Organ → system → tissue → cell → organism","B","The correct sequence from simplest to most complex is: Cell → Tissue → Organ → System → Organism. Each level is built from the one below it.","A: Organism is the most complex, not second. C: Tissue cannot be simpler than cell. D: This is in reverse."
"8","Section A: Variety of Organisms","Cell Organelles","The control centre of a cell, containing the genetic material (DNA), is the","nucleolus","mitochondrion","nucleus","centrosome","C","The nucleus is the membrane-bound organelle that contains the chromosomes (DNA) and controls cellular activities. It is the 'control centre' of eukaryotic cells.","A: The nucleolus is found within the nucleus and is responsible for producing rRNA. B: Mitochondria produce energy. D: Centrosomes are involved in cell division."
"9","Section A: Variety of Organisms","Cell Structure","Which of the following structures is found in animal cells but NOT in plant cells?","Cell membrane","Mitochondrion","Centriole","Ribosome","C","Centrioles are found in animal cells and lower plants (algae, mosses) but are absent in higher plant cells. They play a role in forming the spindle fibres during cell division.","A: Cell membrane is present in both plant and animal cells. B: Mitochondria are present in both. D: Ribosomes are universal in all living cells."
"10","Section A: Variety of Organisms","Levels of Organisation","Hydra is used as an example of organisation at the tissue level because","it is a single-celled organism","it contains cells organised into layers performing distinct functions","its cells are all identical and perform the same role","it has a well-developed digestive system with organs","B","Hydra has two layers of cells (ectoderm and endoderm) — groups of similar cells performing specific functions — which defines the tissue level of organisation.","A: Hydra is multicellular, not unicellular. C: Its cells are differentiated into different types. D: Hydra does not have discrete organs; it is at the tissue level."
"11","Section A: Variety of Organisms","Classification - Monera","Blue-green algae are classified under Monera because they","carry out photosynthesis using chlorophyll","lack a membrane-bound nucleus","reproduce sexually by conjugation","have cellulose cell walls","B","Monera (prokaryotes) are defined by the absence of a membrane-bound nucleus. Blue-green algae (Cyanobacteria) are prokaryotes — their genetic material is not enclosed in a nuclear membrane.","A: Photosynthesis alone does not define Monera. C: Blue-green algae reproduce asexually. D: Prokaryotes have cell walls of peptidoglycan, not cellulose."
"12","Section A: Variety of Organisms","Classification - Protista","Euglena is classified as a Protist because it","is prokaryotic and photosynthetic","is unicellular and eukaryotic","has flagella and reproduces by budding","lacks a cell membrane","B","Protists are unicellular eukaryotic organisms. Euglena is unicellular, has a membrane-bound nucleus, and exhibits both plant-like (photosynthesis) and animal-like (motility) characteristics.","A: Euglena is eukaryotic, not prokaryotic. C: Euglena reproduces by binary fission, not budding. D: Euglena has a cell membrane."
"13","Section A: Variety of Organisms","Classification - Fungi","The cell wall of fungi is composed of","cellulose","peptidoglycan","chitin","silica","C","Fungi have cell walls made of chitin, a nitrogen-containing polysaccharide. This distinguishes them from plants (cellulose) and bacteria (peptidoglycan).","A: Cellulose cell walls are found in plants. B: Peptidoglycan is found in bacterial cell walls. D: Silica (SiO2) is found in the cell walls of diatoms."
"14","Section A: Variety of Organisms","Classification - Plants","Which of the following plants shows the most advanced adaptation to terrestrial life?","Spirogyra","Funaria (moss)","Dryopteris (fern)","Cycad","D","Cycads are gymnosperms (Spermatophyta), which represent the most advanced adaptation to land among the options given. They produce seeds, have vascular tissue and pollen, and do not require water for fertilisation. Spermatophyta show greater terrestrial adaptation than Thallophyta, Bryophyta, or Pteridophyta.","A: Spirogyra is a Thallophyte — aquatic and least adapted to land. B: Mosses need water for fertilisation (still tied to water). C: Ferns have vascular tissue but still require water for fertilisation."
"15","Section A: Variety of Organisms","Classification - Plants","The feature that distinguishes Bryophytes from Pteridophytes is that Bryophytes","reproduce sexually","lack vascular tissue","are found in moist habitats","have a dominant sporophyte generation","B","Bryophytes (mosses and liverworts) lack vascular tissue (xylem and phloem), while Pteridophytes (ferns) possess vascular tissue. This is the key distinguishing feature.","A: Both reproduce sexually. C: Both prefer moist habitats. D: In Bryophytes the gametophyte is dominant; in Pteridophytes it is the sporophyte."
"16","Section A: Variety of Organisms","Classification - Animals","An organism that has jointed appendages, an exoskeleton, and a segmented body belongs to the phylum","Annelida","Mollusca","Arthropoda","Nematoda","C","Arthropoda is characterised by jointed appendages (arthro = joint, poda = legs), an exoskeleton of chitin, and a segmented body. Examples include insects, spiders, and crustaceans.","A: Annelids (earthworms) have segmented bodies but lack jointed appendages and exoskeleton. B: Molluscs have a soft body, mantle, and shell — no jointed appendages. D: Nematodes are unsegmented roundworms."
"17","Section A: Variety of Organisms","Classification - Animals","Taenia (tapeworm) belongs to the phylum","Nematoda","Platyhelminthes","Annelida","Coelenterata","B","Tapeworms (Taenia) are flatworms belonging to phylum Platyhelminthes. They are dorsoventrally flattened, lack a body cavity (acoelomate), and are parasitic.","A: Nematoda includes roundworms like Ascaris, which are cylindrical. C: Annelida includes segmented worms like the earthworm. D: Coelenterata includes Hydra and jellyfish."
"18","Section A: Variety of Organisms","Economic Importance","The economic importance of the mosquito includes its role as","a pollinator of flowers","a vector of malaria and yellow fever","a decomposer of organic matter","a producer of honey","B","Mosquitoes (Anopheles) transmit malaria (Plasmodium), while Aedes transmits yellow fever and dengue. They are medically important vectors.","A: Mosquitoes are not significant pollinators. C: Decomposition is done by bacteria and fungi. D: Honey is produced by bees (Apis mellifera)."
"19","Section A: Variety of Organisms","Classification - Vertebrates","Which of the following vertebrates is characterised by a three-chambered heart and moist, scaleless skin?","Pisces","Reptilia","Amphibia","Mammalia","C","Amphibians (frogs, toads) have moist, smooth, glandular scaleless skin used in cutaneous respiration, and a three-chambered heart (two atria, one ventricle). They live both in water and on land.","A: Fish have gills and scales. B: Reptiles have dry, scaly skin and a three-chambered heart (crocodilians have four). D: Mammals have a four-chambered heart and hair/fur."
"20","Section A: Variety of Organisms","Classification - Fish","The primary difference between cartilaginous and bony fish is that cartilaginous fish","have a swim bladder","have scales and an operculum","have a skeleton made of cartilage","breathe using lungs","C","Cartilaginous fish (sharks, rays — class Chondrichthyes) have skeletons entirely made of cartilage, not bone. Bony fish (Osteichthyes) have a bony skeleton.","A: Swim bladders are found in bony fish, not cartilaginous fish. B: Bony fish have an operculum covering the gills; sharks do not. D: Fish breathe through gills."
"21","Section A: Variety of Organisms","Adaptations","Countershading as an adaptive colouration strategy in fish functions to","attract mates during breeding seasons","warn predators of the organism's toxicity","camouflage the animal from both above and below","regulate body temperature in cold water","C","Countershading means having a darker dorsal (back) surface and lighter ventral (belly) surface. When viewed from above, the dark back blends with deep water; from below, the pale belly blends with light from the surface. This makes the fish less visible to predators from both directions.","A: Countershading is for concealment, not mate attraction. B: Warning colouration (aposematism) uses bright colours to warn predators. D: Countershading is a visual strategy, not a thermoregulatory one."
"22","Section A: Variety of Organisms","Insect Behaviour","In a termite colony, the caste responsible for reproduction is the","worker","soldier","queen","nymph","C","In termite colonies, the queen is the reproductive female. She lays enormous numbers of eggs and is the primary reproducer. The king (male reproductive) also contributes. Workers and soldiers are sterile.","A: Workers maintain the colony, gather food, and care for young — they are sterile. B: Soldiers defend the colony with enlarged mandibles — also sterile. D: Nymphs are immature termites undergoing incomplete metamorphosis."
"23","Section A: Variety of Organisms","Adaptations","Hibernation in animals is an adaptation that primarily helps them","escape from predators","survive periods of cold and food scarcity","migrate to warmer climates","increase their metabolic rate","B","Hibernation is a state of dormancy during winter/cold periods when food is scarce. Animals reduce metabolic rate, body temperature, and energy consumption to survive unfavourable conditions.","A: Hibernation is metabolic dormancy, not predator escape. C: Migration is a separate strategy involving movement; hibernation is staying put in dormancy. D: During hibernation, metabolic rate is drastically reduced, not increased."
"24","Section A: Variety of Organisms","Adaptations","The mouthpart adaptation of the butterfly for feeding on nectar is a","biting and chewing mandible","piercing and sucking proboscis","sponging labellum","coiled siphoning proboscis","D","Butterflies have a long, coiled proboscis (siphoning type) which they uncoil to reach nectar deep within flowers. It operates like a drinking straw.","A: Biting/chewing mandibles are found in cockroaches and grasshoppers. B: Piercing/sucking mouthparts are found in mosquitoes. C: The housefly uses a sponging labellum."
"25","Section A: Variety of Organisms","Adaptations","Which of the following correctly describes the adaptive significance of spines in cacti?","They trap insects for nutrient absorption","They are modified leaves that reduce water loss through transpiration","They increase photosynthetic surface area in dry environments","They provide support against strong desert winds","B","Cacti spines are modified leaves that have a very small surface area, drastically reducing the surface through which water is lost by transpiration. Photosynthesis occurs in the thick, fleshy green stem.","A: Cacti are not carnivorous plants — they do not trap insects. C: Spines reduce, not increase, surface area. D: Structural support is not the primary function of spines."
"26","Section A: Variety of Organisms","Adaptations","Aestivation in animals like lungfish is an adaptation to","cold winter temperatures","hot and dry conditions with water shortage","high-altitude environments","deep-sea pressure","B","Aestivation is a summer dormancy in response to heat and drought. Lungfish burrow into mud and secrete a mucus cocoon when water bodies dry up, entering dormancy until the rains return.","A: Dormancy in cold is hibernation. C: High altitude adaptation involves physiological changes (more red blood cells), not dormancy. D: Deep-sea organisms have pressure adaptations but not aestivation."
"27","Section A: Variety of Organisms","Adaptations","The warning colouration of mushrooms serves to","attract insects for pollination","warn potential predators of toxicity","camouflage the mushroom in its forest environment","reflect sunlight to aid photosynthesis","B","Aposematic (warning) colouration uses bright or conspicuous colours to advertise unpalatability or toxicity to potential predators — a form of chemical defence signalling.","A: Mushrooms do not need insect pollination — they disperse by spores. C: Warning colouration does the opposite of camouflage. D: Mushrooms are fungi and do not photosynthesize."
"28","Section A: Variety of Organisms","Adaptations","Male Agama lizards display bright red-head colouration primarily to","warn predators of their toxicity","regulate their body temperature","attract females and establish dominance","camouflage themselves from predators","C","The red coloration of the male Agama lizard head is a sexual selection characteristic — it attracts females and signals dominance to rival males during the breeding season.","A: Agama lizards are not toxic; the colour is for sexual selection. B: Thermoregulation occurs through basking behaviour, not colouration. D: Bright red is conspicuous — the opposite of camouflage."
"29","Section A: Variety of Organisms","Adaptations","A stick insect's resemblance to a twig is an example of","warning colouration","mimicry","camouflage (cryptic colouration)","countershading","C","Camouflage or cryptic colouration is when an organism blends with its environment to avoid detection. The stick insect's twig-like shape and brown/green colour make it nearly invisible among branches.","A: Warning colouration (aposematism) uses bright conspicuous colours. B: Mimicry is when a harmless species resembles a harmful or unpalatable one. D: Countershading is a specific pattern of dark above, light below."
"30","Section A: Variety of Organisms","Classification - Mammals","Which feature is characteristic of mammals that distinguishes them from all other vertebrates?","Warm-blooded metabolism","Presence of hair and mammary glands","Internal fertilization","Four-chambered heart","B","The defining features of Class Mammalia are the presence of hair (or fur) on the body and mammary glands that produce milk to nourish young. These are unique to mammals.","A: Birds are also warm-blooded (endothermic). C: Internal fertilization also occurs in reptiles and birds. D: Birds also have a four-chambered heart."
"31","Section A: Variety of Organisms","Classification - Plants","Spirogyra is classified as a Thallophyte because it","lacks roots, stems, and leaves","has vascular tissue","reproduces only asexually","is found only in marine environments","A","Thallophytes have an undifferentiated plant body called a thallus — they lack true roots, stems, and leaves. Spirogyra is a filamentous green alga with no such differentiated structures.","B: Thallophytes lack vascular tissue. C: Spirogyra can reproduce sexually by conjugation. D: Spirogyra is a freshwater alga."
"32","Section A: Variety of Organisms","Classification - Plants","The main difference between monocots and dicots is that monocots have","two cotyledons in the seed","net-veined leaves and taproot systems","one cotyledon, parallel leaf venation, and fibrous roots","woody stems and broad leaves","C","Monocotyledons (e.g. maize, grasses) have one seed leaf (cotyledon), leaves with parallel venation, fibrous root systems, and floral parts in multiples of three.","A: Two cotyledons define dicots. B: Net/reticulate venation and taproot systems are dicot features. D: Woody stems are more associated with dicot trees."
"33","Section A: Variety of Organisms","Reproduction","Which of the following organisms reproduces by binary fission?","Rhizopus","Paramecium","Hydra","Yeast","B","Paramecium (a protozoan) reproduces asexually by binary fission — splitting into two identical daughter cells. This is the primary mode of asexual reproduction in most unicellular organisms.","A: Rhizopus (a fungus) reproduces by spore formation. C: Hydra reproduces asexually by budding. D: Yeast reproduces asexually by budding."
"34","Section A: Variety of Organisms","Classification - Chordates","An organism with a notochord at some stage of its life is classified as a","vertebrate","chordate","arthropod","coelenterate","B","All chordates possess a notochord (a flexible rod-like structure) at some stage of their development. Vertebrates are a subgroup of chordates where the notochord is replaced by a vertebral column.","A: Vertebrates are a subphylum of chordates — having a notochord does not mean it must be a vertebrate (e.g. tunicates are chordates but not vertebrates). C: Arthropods are invertebrates with jointed appendages. D: Coelenterates are diploblastic invertebrates."
"35","Section A: Variety of Organisms","Life Cycles","The life cycle of a butterfly includes the stages: egg → larva → pupa → adult. This type of metamorphosis is called","incomplete metamorphosis","complete metamorphosis","simple metamorphosis","ametabolous development","B","Complete metamorphosis (holometabolism) involves four distinct stages: egg, larva (caterpillar), pupa (chrysalis), and adult. Butterflies undergo this type of development.","A: Incomplete metamorphosis (e.g. cockroach) has three stages: egg → nymph → adult, with no pupal stage. C: 'Simple metamorphosis' is another name for incomplete metamorphosis. D: Ametabolous development (no metamorphosis) occurs in silverfish."
"36","Section A: Variety of Organisms","Levels of Organisation","Which of the following best describes the structural complexity of animals from coelenterates to mammals?","Cellular → tissue → organ system → organ","Organ → tissue → cellular → organ system","Cellular → tissue → organ → organ system","Tissue → cellular → organ system → organ","C","The evolutionary progression in animal complexity goes from the cellular level (coelenterates/sponges) → tissue level (flatworms) → organ level → organ system level (vertebrates including mammals).","A: This incorrectly places 'organ system' before 'organ'. B: This starts with organ — incorrect. D: This places tissue before cell — incorrect."
"37","Section A: Variety of Organisms","Classification - Animals","Earthworms belong to the phylum Annelida. Their most distinctive feature is","jointed appendages","a mantle secreting a shell","a segmented body with setae","a pseudocoelom","C","Annelids are defined by their segmented (annulated) body plan. Earthworms have tiny bristles called setae on each segment which aid in locomotion.","A: Jointed appendages define Arthropoda. B: A mantle and shell define Mollusca. D: Earthworms are true coelomates; pseudocoelom is found in nematodes."
"38","Section A: Variety of Organisms","Classification - Birds","Which of the following statements about birds (Aves) is INCORRECT?","They have a four-chambered heart","They are warm-blooded vertebrates","They have scales on their legs","They are the only vertebrates that lay eggs","D","Many vertebrates lay eggs — reptiles, fish, amphibians, and even some mammals (monotremes like the platypus) lay eggs. Birds are not the only egg-laying vertebrates.","A: Birds have a four-chambered heart — this is correct. B: Birds are endothermic (warm-blooded) — correct. C: Birds have scales on their legs, which is evolutionarily shared with reptiles — correct."
"39","Section A: Variety of Organisms","Classification - Fungi","Rhizopus is used as an example of Fungi because it","is unicellular and photosynthetic","has a thallus body with chlorophyll","is multicellular, lacks chlorophyll, and reproduces by spores","is prokaryotic with peptidoglycan walls","C","Rhizopus (bread mould) is a fungus — it is multicellular (filamentous hyphae), heterotrophic (saprophytic), lacks chlorophyll, and reproduces by producing spores in sporangia.","A: Rhizopus is multicellular and non-photosynthetic. B: Fungi lack chlorophyll and do not have a thallus body in the algal sense. D: Fungi are eukaryotic and have chitin walls, not peptidoglycan."
"40","Section A: Variety of Organisms","Classification - Plants","The gradual transition of plants from aquatic to terrestrial life can be traced through","Monera → Protista → Fungi → Plantae","Thallophyta → Bryophyta → Pteridophyta → Spermatophyta","Spermatophyta → Pteridophyta → Bryophyta → Thallophyta","Bryophyta → Thallophyta → Pteridophyta → Gymnospermae","B","The evolutionary progression from aquatic to terrestrial life in plants follows: Thallophyta (fully aquatic, e.g. Spirogyra) → Bryophyta (moist terrestrial, still need water for fertilisation) → Pteridophyta (vascular, more independent) → Spermatophyta (seed plants, fully independent of water for reproduction).","A: This describes kingdom evolution, not plant terrestrial adaptation. C: This is in reverse order. D: This incorrectly places Thallophyta after Bryophyta."
"41","Section B: Form and Functions","Plant Anatomy","The vascular bundle arrangement that is scattered throughout the cross-section of the stem is characteristic of","dicotyledonous plants","monocotyledonous plants","gymnosperms","ferns","B","In monocot stems (e.g. maize), vascular bundles are scattered randomly throughout the ground tissue. In dicot stems, they are arranged in a ring (circle).","A: Dicot stems have vascular bundles arranged in a ring. C: Gymnosperms have vascular bundles in a ring like dicots. D: Ferns have their own vascular arrangement but bundles are not scattered as in monocots."
"42","Section B: Form and Functions","Plant Anatomy","The tissue responsible for the lateral growth (increase in girth) of a dicotyledonous stem is the","collenchyma","sclerenchyma","cambium","epidermis","C","The vascular cambium is a meristematic tissue that produces new xylem (secondary xylem, wood) and phloem cells, resulting in secondary growth and increase in stem girth.","A: Collenchyma provides flexible support but does not produce new cells for growth. B: Sclerenchyma provides rigid support. D: Epidermis is a protective tissue."
"43","Section B: Form and Functions","Plant Anatomy","In a leaf, the palisade mesophyll is adapted for photosynthesis because it","is located below the spongy mesophyll and has fewer chloroplasts","is located near the upper epidermis and contains densely packed cells with many chloroplasts","contains large air spaces for gaseous exchange","has a waxy cuticle that prevents water loss","B","Palisade mesophyll cells are column-shaped, densely packed, and rich in chloroplasts. They are positioned just below the upper epidermis to maximise light absorption for photosynthesis.","A: Palisade is near the upper surface and has MORE chloroplasts. C: Large air spaces are found in the spongy mesophyll, which is adapted for gas exchange. D: The waxy cuticle is on the epidermis."
"44","Section B: Form and Functions","Plant Transport","The function of xylem vessels in a flowering plant is to","transport organic solutes from leaves to all parts of the plant","transport water and mineral salts from roots to leaves","provide flexible support to the plant","store starch in the root cortex","B","Xylem is responsible for the upward transport of water and dissolved mineral salts from the roots to the rest of the plant (transpiration stream). It is a one-way transport system.","A: Transport of organic solutes (sugars) is the function of phloem. C: Flexible support is provided by collenchyma. D: Starch storage in root cortex is a function of parenchyma cells."
"45","Section B: Form and Functions","Human Anatomy","The mammalian kidney is located in the","thoracic cavity","pericardial cavity","abdominal cavity (retroperitoneal position)","cranial cavity","C","The kidneys are paired organs located in the posterior abdominal cavity, lying behind the peritoneum (retroperitoneal) on either side of the vertebral column.","A: The thoracic cavity contains the lungs and heart. B: The pericardial cavity surrounds the heart. D: The cranial cavity contains the brain."
"46","Section B: Form and Functions","Photosynthesis","The dark reaction of photosynthesis (Calvin cycle) occurs in the","grana of the chloroplast","stroma of the chloroplast","outer membrane of the chloroplast","cytoplasm of the cell","B","The light-independent (dark) reactions occur in the stroma — the fluid-filled region of the chloroplast surrounding the thylakoids. CO2 is fixed here in the Calvin cycle using ATP and NADPH from the light reactions.","A: The grana (stacks of thylakoids) are where the light-dependent reactions occur. C: The outer membrane is just the envelope; no reactions occur there. D: The Calvin cycle is confined to the chloroplast stroma."
"47","Section B: Form and Functions","Photosynthesis","Which of the following is a product of the light-dependent reaction of photosynthesis?","Glucose and carbon dioxide","ATP, NADPH, and oxygen","Starch and water","RuBP and G3P","B","During the light-dependent stage, light energy splits water (photolysis), releasing O2. The energy is used to produce ATP and NADPH (reduced NADP), which power the Calvin cycle.","A: Glucose is produced in the dark reaction (Calvin cycle). C: Starch is a storage form of glucose produced later; water is a reactant not product here. D: RuBP and G3P are intermediates of the Calvin cycle (dark reactions)."
"48","Section B: Form and Functions","Plant Nutrition","A plant growing in nitrogen-deficient soil is most likely to show","purple discolouration of leaves (anthocyanin accumulation)","yellowing of older leaves (chlorosis) due to reduced chlorophyll synthesis","wilting of stems due to loss of turgor","early flowering","B","Nitrogen is essential for protein and chlorophyll synthesis. Nitrogen deficiency leads to chlorosis (yellowing) starting in older leaves, as nitrogen is mobilised from them to support new growth.","A: Purple discolouration from anthocyanin accumulation is often associated with phosphorus deficiency. C: Wilting is caused by water deficit, not nitrogen deficiency. D: Nitrogen deficiency typically stunts growth; early flowering is not a typical symptom."
"49","Section B: Form and Functions","Food Tests","The food test for the presence of reducing sugars uses","Biuret reagent (turns purple)","Iodine solution (turns blue-black)","Benedict's solution (turns brick-red precipitate)","Ethanol (turns milky white)","C","Benedict's test detects reducing sugars. When heated with Benedict's solution (blue), a positive result gives an orange-red/brick-red precipitate due to the reduction of copper(II) ions to copper(I) oxide.","A: Biuret reagent tests for proteins (turns purple). B: Iodine tests for starch (turns blue-black). D: The ethanol emulsion test detects lipids/fats (turns milky white when water is added)."
"50","Section B: Form and Functions","Nutrition","Which deficiency disease is caused by insufficient vitamin C in the diet?","Rickets","Kwashiorkor","Pellagra","Scurvy","D","Scurvy is caused by vitamin C (ascorbic acid) deficiency. Vitamin C is needed for collagen synthesis; deficiency causes bleeding gums, loose teeth, bruising, and poor wound healing.","A: Rickets is caused by vitamin D / calcium / phosphorus deficiency. B: Kwashiorkor is caused by protein deficiency. C: Pellagra is caused by niacin (vitamin B3) deficiency."
"51","Section B: Form and Functions","Nutrition","Chemosynthesis differs from photosynthesis in that it uses","carbon dioxide as the carbon source","light energy to drive the synthesis of organic compounds","chemical energy from inorganic compounds rather than light energy","water as the source of hydrogen","C","Chemosynthesis (performed by nitrifying bacteria, sulphur bacteria, etc.) uses energy released from oxidation of inorganic compounds (e.g. ammonia, hydrogen sulphide) to fix CO2 into organic compounds — without light.","A: Both photosynthesis and chemosynthesis use CO2 as the carbon source. B: Light energy is used only in photosynthesis. D: In photosynthesis, water provides hydrogen; chemosynthesis uses H2S or H2 in some bacteria."
"52","Section B: Form and Functions","Digestion","The enzyme that acts on starch in the mouth is","pepsin","lipase","salivary amylase","trypsin","C","Salivary amylase (ptyalin) is secreted by the salivary glands and begins the chemical digestion of starch in the mouth, converting it to maltose (a reducing sugar).","A: Pepsin is a protease secreted in the stomach that digests proteins. B: Lipase digests fats/lipids (in the mouth and small intestine). D: Trypsin is a pancreatic protease that acts in the small intestine."
"53","Section B: Form and Functions","Digestion","Which part of the mammalian alimentary canal is responsible for the absorption of most digested food?","Stomach","Colon","Small intestine","Oesophagus","C","The small intestine (specifically the ileum) is the primary site of nutrient absorption. Its inner surface has finger-like projections called villi (and microvilli forming the brush border) that greatly increase the surface area for absorption.","A: The stomach mainly churns food and begins protein digestion; limited absorption occurs there. B: The colon absorbs water and some ions, not most digested food. D: The oesophagus is purely a transit tube — no digestion or absorption."
"54","Section B: Form and Functions","Digestion","The dental formula of an adult human is 2.1.2.3 / 2.1.2.3. What does this indicate?","32 teeth in total, with 3 molars on each side of each jaw","28 teeth in total with no molars","16 teeth per jaw, with incisors only","32 teeth with 4 canines in each jaw","A","The formula I.C.PM.M = 2.1.2.3 per half jaw. Total = (2+1+2+3) x 4 = 32 teeth. There are 3 molars, 2 premolars, 1 canine, and 2 incisors on each side of each jaw.","B: The formula gives 32, not 28 (that would exclude wisdom teeth). C: All tooth types are represented. D: There is only 1 canine per side per jaw."
"55","Section B: Form and Functions","Nutrition","Kwashiorkor is a nutritional disease caused by","deficiency of vitamin A","deficiency of iron in the diet","severe protein deficiency","excess carbohydrate consumption","C","Kwashiorkor is caused by severe protein (and often energy) deficiency, typically in children after weaning. Symptoms include oedema, a swollen belly, hair discolouration, and growth retardation.","A: Vitamin A deficiency causes night blindness and xerophthalmia. B: Iron deficiency causes anaemia. D: Excess carbohydrates can lead to obesity, not kwashiorkor."
"56","Section B: Form and Functions","Nutrition","Which type of heterotrophic nutrition is exhibited by the sundew plant?","Parasitic","Saprophytic","Carnivorous (insectivorous)","Commensal","C","The sundew (Drosera) is a carnivorous plant that traps and digests insects to supplement its nitrogen supply in nutrient-poor soils. This is a specialised form of holozoic nutrition.","A: Parasitic nutrition involves deriving nutrients from a living host. B: Saprophytic nutrition involves breaking down dead organic matter (e.g. mushrooms). D: Commensalism is an ecological relationship, not a nutrition mode."
"57","Section B: Form and Functions","Digestion","Bile is produced by the liver and stored in the gall bladder. Its role in digestion is to","chemically digest fats into fatty acids and glycerol","emulsify fats into smaller droplets, increasing surface area for lipase action","neutralise chyme in the small intestine only","stimulate gastric juice secretion","B","Bile salts emulsify fats — breaking large fat globules into smaller droplets. This is a physical (not chemical) process that increases the surface area for lipase to act on more efficiently.","A: Bile does not chemically digest fats; lipase does. C: Bile does help neutralise acidic chyme from the stomach (with its alkaline pH), but its PRIMARY role in digestion is emulsification. D: Gastric juice secretion is stimulated by gastrin (a hormone) and vagal nerve stimulation."
"58","Section B: Form and Functions","Blood","The mineral element required for the formation of haemoglobin in red blood cells is","calcium","phosphorus","iron","potassium","C","Haemoglobin contains a haem group, which includes an iron (Fe2+) ion that binds reversibly to oxygen. Iron deficiency leads to anaemia (fewer/smaller red blood cells).","A: Calcium is needed for bone formation, muscle contraction, and blood clotting. B: Phosphorus is a component of ATP, DNA, and bone mineral. D: Potassium is important for nerve impulse transmission and fluid balance."
"59","Section B: Form and Functions","Digestion","The end products of fat digestion are","amino acids and glycerol","glucose and fructose","fatty acids and glycerol","maltose and glycerol","C","Fats (triglycerides) are hydrolysed by lipase into fatty acids and glycerol. These are absorbed into the lacteals of the intestinal villi and enter the lymphatic system as chylomicrons.","A: Amino acids are the end products of protein digestion. B: Glucose and fructose are end products of carbohydrate digestion. D: Maltose is an intermediate in starch digestion, not a fat digestion product."
"60","Section B: Form and Functions","Photosynthesis","In photosynthesis, which of the following is a raw material (reactant)?","Glucose","Oxygen","Carbon dioxide","ATP","C","Carbon dioxide (CO2) from the atmosphere and water (H2O) from the soil are the two raw materials (reactants) in photosynthesis. Glucose and oxygen are the products.","A: Glucose is a product of photosynthesis. B: Oxygen is released as a by-product during photolysis of water. D: ATP is produced during the light reactions and used in the dark reactions — it is an intermediary, not a raw material."
"61","Section B: Form and Functions","Digestion","Pepsin is an enzyme secreted in the stomach that is active at a pH of approximately","7-8 (slightly alkaline)","1-2 (highly acidic)","5-6 (slightly acidic)","9-10 (strongly alkaline)","B","Pepsin is a protease that functions optimally in the highly acidic environment of the stomach (pH 1-2), provided by hydrochloric acid secreted by gastric parietal cells.","A: Most intestinal enzymes work at a slightly alkaline pH (7-8), not pepsin. C: Some oral and intestinal enzymes work at mildly acidic pH, not pepsin. D: Strongly alkaline conditions would denature pepsin."
"62","Section B: Form and Functions","Photosynthesis","A student performs a photosynthesis experiment by covering part of a leaf with black paper, then tests it for starch. The covered section tests NEGATIVE for starch because","it received too much water","no light reached that section, so no photosynthesis occurred","the black paper blocked carbon dioxide entry","the section had no chlorophyll","B","Light is essential for the light-dependent reactions of photosynthesis, which produce ATP and NADPH used to fix CO2 into glucose (and then starch). Without light, photosynthesis cannot occur and starch is not produced.","A: Water availability was the same for both sections. C: CO2 enters through stomata — black paper does not prevent gas exchange. D: The leaf section has chlorophyll; the experiment only varies light exposure."
"63","Section B: Form and Functions","Circulation","The hepatic portal vein is important because it","carries oxygenated blood from the lungs to the heart","carries deoxygenated blood from the kidneys to the heart","carries absorbed nutrients from the small intestine directly to the liver","carries blood from the heart to the liver for detoxification","C","The hepatic portal vein transports blood rich in absorbed nutrients (glucose, amino acids, vitamins) from the small intestine to the liver, where the liver processes, stores, or regulates these nutrients.","A: Pulmonary veins carry oxygenated blood from lungs to the heart. B: Renal veins carry blood from kidneys to the inferior vena cava. D: The hepatic artery (from the aorta) carries oxygenated blood to the liver."
"64","Section B: Form and Functions","Plant Transport","Osmosis in the context of plant transport is best defined as","the movement of water molecules through a semi-permeable membrane from a region of higher water potential to a region of lower water potential","the active transport of ions against a concentration gradient","the bulk flow of water through xylem vessels due to transpiration pull","the movement of sucrose from phloem to cells by mass flow","A","Osmosis is the passive movement of water molecules across a selectively permeable (semi-permeable) membrane from a region of high water potential (dilute solution) to a region of low water potential (concentrated solution).","B: Active transport requires energy (ATP) and moves particles against concentration gradients. C: Transpiration pull is the cohesion-tension mechanism, a mass flow — not osmosis specifically. D: Mass flow in phloem involves pressure, not osmosis."
"65","Section B: Form and Functions","Blood","Which component of the blood is primarily responsible for clotting?","Erythrocytes","Leucocytes","Thrombocytes (platelets)","Plasma proteins only","C","Thrombocytes (platelets) are cell fragments that initiate the blood clotting (coagulation) cascade when blood vessels are damaged, releasing clotting factors and aggregating at the wound site.","A: Erythrocytes (red blood cells) carry oxygen via haemoglobin. B: Leucocytes (white blood cells) are involved in immune defence. D: Plasma proteins like fibrinogen are involved in clotting, but the initiating agent is platelets."
"66","Section B: Form and Functions","Plant Transport","Transpiration pull is the main mechanism responsible for","transport of sugars from leaves to roots","upward movement of water through xylem","absorption of mineral salts by active transport","root pressure development","B","As water evaporates from leaf cells (transpiration), it creates a tension (negative pressure) that pulls water columns upward through the xylem from the roots. This cohesion-tension mechanism is the primary driver of water ascent in tall trees.","A: Sugar transport from leaves occurs through phloem (pressure flow hypothesis). C: Mineral salt absorption by active transport is separate from transpiration pull. D: Root pressure is another mechanism but is relatively minor compared to transpiration pull."
"67","Section B: Form and Functions","Circulation","The pulmonary artery is unique among arteries because it carries","oxygenated blood to the lungs","deoxygenated blood to the lungs","oxygenated blood to the body tissues","deoxygenated blood to the kidneys","B","The pulmonary artery carries deoxygenated blood from the right ventricle to the lungs for oxygenation. It is the only artery in the adult body that carries deoxygenated blood.","A: This is the role of the pulmonary veins (returning oxygenated blood FROM the lungs). C: The aorta carries oxygenated blood to body tissues. D: Renal arteries supply the kidneys."
"68","Section B: Form and Functions","Osmosis","A cell placed in a solution that is hypertonic to the cell will","swell and may burst due to water entry by osmosis","lose water by osmosis and shrink (plasmolysis if a plant cell)","remain unchanged because osmosis is in equilibrium","gain water by active transport","B","In a hypertonic solution, the solute concentration outside the cell is higher (water potential is lower) than inside the cell. Water moves out of the cell by osmosis, causing it to shrink. In plant cells this is called plasmolysis.","A: Swelling occurs when a cell is placed in a hypotonic solution (lower solute concentration outside). C: No change (isotonic) occurs when concentrations are equal. D: Osmosis is passive; water does not move by active transport."
"69","Section B: Form and Functions","Circulation","The main function of lymph in the body is to","transport oxygen from lungs to tissues","return excess tissue fluid to the bloodstream and carry immune cells","transport digested fats from the small intestine via blood vessels","regulate blood pH through buffering","B","Lymph drains excess tissue fluid (interstitial fluid) back to the bloodstream via lymphatic vessels. It also carries lymphocytes (immune cells) and absorbs digested fats from lacteals in the small intestine.","A: Oxygen is transported by haemoglobin in red blood cells. C: Fat absorption from lacteals enters the lymphatic system (as chyle) before entering blood — lymph is involved, but the answer about 'blood vessels' specifically is imprecise. D: Blood pH buffering is primarily by bicarbonate ions and haemoglobin."
"70","Section B: Form and Functions","Plant Transport","The sieve tube elements and companion cells are components of","xylem","phloem","cambium","cortex parenchyma","B","Phloem tissue consists of sieve tube elements (for transport of photosynthates) and companion cells (which support sieve tubes with metabolic functions). Phloem transports sugars from source to sink by mass flow.","A: Xylem contains vessel elements, tracheids, xylem parenchyma, and xylem fibres — not sieve tubes. C: Cambium is a meristematic tissue producing xylem and phloem. D: Cortex parenchyma are storage cells."
"71","Section B: Form and Functions","Respiration","Anaerobic respiration in yeast produces","carbon dioxide and water","lactic acid only","ethanol and carbon dioxide","ethanol and water","C","During anaerobic fermentation by yeast: Glucose → Ethanol + Carbon dioxide. This is used in brewing and baking. (In muscles, anaerobic respiration produces lactic acid.)","A: CO2 and water are products of aerobic respiration. B: Lactic acid is produced by animal muscle cells (and some bacteria) during anaerobic respiration. D: Ethanol is correct, but the second product is CO2, not water."
"72","Section B: Form and Functions","Respiration","The net gain of ATP molecules from glycolysis alone (without Krebs cycle or oxidative phosphorylation) is","36-38 ATP","2 ATP","4 ATP","12 ATP","B","Glycolysis converts one glucose into two pyruvates with a net gain of 2 ATP (4 are produced, 2 are consumed for activation). This occurs in the cytoplasm without oxygen.","A: 36-38 ATP is the total yield from complete aerobic respiration. C: 4 ATP are produced but 2 are consumed, so net = 2. D: 12 ATP is not the glycolysis yield."
"73","Section B: Form and Functions","Respiration","During vigorous exercise, muscles respire anaerobically. The compound that accumulates, causing muscle fatigue, is","pyruvate","ethanol","lactic acid","carbonic acid","C","When muscles lack sufficient oxygen, pyruvate is converted to lactic acid (lactate) by lactate dehydrogenase. Accumulation of lactic acid lowers muscle pH, inhibits enzyme activity, and causes the burning sensation and fatigue.","A: Pyruvate is an intermediate converted to lactic acid. B: Ethanol is produced by yeast, not human muscle cells. D: Carbonic acid forms from CO2 and water in blood — it is involved in CO2 transport, not muscle fatigue."
"74","Section B: Form and Functions","Respiration","Which of the following is NOT a respiratory surface in living organisms?","Alveoli in mammals","Gills in fish","Stomata in plants","Loop of Henle in mammals","D","The Loop of Henle is a part of the nephron in the kidney involved in concentrating urine (osmoregulation). It is not a respiratory surface. Alveoli, gills, stomata, lenticels, and body surfaces are all respiratory surfaces.","A: Alveoli are the gas exchange surfaces in mammalian lungs. B: Gills are the respiratory surfaces in aquatic animals. C: Stomata are the entry/exit points for gases in photosynthesis and respiration in leaves."
"75","Section B: Form and Functions","Respiration","The Krebs cycle (citric acid cycle) occurs in the","cytoplasm of the cell","matrix of the mitochondrion","inner membrane of the mitochondrion","nucleus of the cell","B","The Krebs cycle occurs in the mitochondrial matrix. Acetyl-CoA enters the cycle, which produces NADH, FADH2, CO2, and a small amount of ATP per turn.","A: Glycolysis occurs in the cytoplasm. C: The electron transport chain and oxidative phosphorylation occur on the inner mitochondrial membrane (cristae). D: The nucleus does not carry out respiration."
"76","Section B: Form and Functions","Respiration","In plants, gaseous exchange during respiration occurs primarily through","root hair cells","lenticels and stomata","the waxy cuticle of the leaf","the xylem vessels","B","Plants exchange gases (O2 and CO2) through stomata in leaves and young stems, and through lenticels in older woody stems and roots. These are openings that allow diffusion of gases.","A: Root hair cells absorb water and minerals, not primarily involved in gas exchange. C: The waxy cuticle is waterproof and impermeable to gases. D: Xylem transports water, not gases."
"77","Section B: Form and Functions","Plant Physiology","The opening of stomata is driven by","loss of turgor in guard cells","increased turgor pressure in guard cells due to water uptake","accumulation of starch in guard cells","decrease in CO2 concentration in guard cells at night","B","When guard cells absorb water by osmosis (driven by K+ ion uptake), their turgor pressure increases. Due to the uneven thickening of their walls, they bend outward, opening the stomatal pore.","A: Loss of turgor causes stomatal closure, not opening. C: Starch → sugar conversion (not accumulation of starch) lowers water potential in guard cells promoting water uptake. D: CO2 decreases during the day (photosynthesis uses it), which is actually a signal for stomatal opening; at night CO2 rises and stomata close."
"78","Section B: Form and Functions","Respiration","Which of the following observations would demonstrate that yeast cells respire anaerobically?","Yeast cells consume oxygen in a sealed container","A glucose-yeast mixture produces bubbles of CO2 and turns lime water milky","Yeast cells increase in size over time","Yeast cells produce heat only","B","Anaerobic fermentation by yeast produces CO2 (detected by turning limewater milky) and ethanol. This confirms anaerobic respiration. The absence of oxygen requirement confirms it is anaerobic.","A: Consuming oxygen would indicate aerobic respiration. C: Increase in size indicates growth, not specifically respiration type. D: Heat is produced in aerobic respiration; alone, it does not confirm anaerobic fermentation."
"79","Section B: Form and Functions","Excretion","The functional unit of the kidney is the","nephron","Bowman's capsule","ureter","glomerulus","A","The nephron is the structural and functional unit of the kidney. Each kidney contains about one million nephrons. It consists of the Bowman's capsule, glomerulus, proximal convoluted tubule, Loop of Henle, and distal convoluted tubule.","B: The Bowman's capsule is part of the nephron but not the complete functional unit. C: The ureter is the tube that carries urine from the kidney to the bladder. D: The glomerulus is a capillary network within the Bowman's capsule — part of the nephron."
"80","Section B: Form and Functions","Excretion","The process by which small molecules are forced from the glomerulus into the Bowman's capsule is called","active transport","ultrafiltration","selective reabsorption","tubular secretion","B","Ultrafiltration occurs under high hydrostatic pressure in the glomerular capillaries. Small molecules (glucose, urea, water, ions) are forced into the Bowman's capsule, while large molecules (proteins, blood cells) are retained.","A: Active transport requires energy; ultrafiltration is driven by blood pressure. C: Selective reabsorption occurs in the renal tubules, returning useful substances to blood. D: Tubular secretion moves substances from blood into the tubule lumen (the reverse direction)."
"81","Section B: Form and Functions","Excretion","The main nitrogenous excretory product in mammals is","uric acid","ammonia","urea","creatinine","C","Mammals excrete urea as the primary nitrogenous waste. Urea is synthesised in the liver via the urea (ornithine) cycle from the deamination of excess amino acids. It is less toxic and less water-soluble than ammonia.","A: Uric acid is the main excretory product in birds, reptiles, and insects. B: Ammonia is the excretory product of fish (aquatic organisms); it is highly toxic. D: Creatinine is a minor excretory product from muscle creatine metabolism."
"82","Section B: Form and Functions","Excretion","The Malpighian tubule is an excretory structure found in","earthworms","insects","fish","amphibians","B","Malpighian tubules are the excretory organs of insects (and some other arthropods). They extract waste from haemolymph and empty it into the hindgut, producing uric acid as waste.","A: Earthworms excrete through nephridia. C: Fish excrete through kidneys and gills (mainly as ammonia). D: Amphibians use kidneys."
"83","Section B: Form and Functions","Excretion","Which of the following is an excretory product of plants?","Glucose","Oxygen (produced in excess during photosynthesis)","Carbon dioxide","Both B and C","D","Plants release oxygen as a by-product of photosynthesis (released through stomata) and carbon dioxide as a by-product of respiration. Both are metabolic waste products in excess. Tannins, resins, and gums are also plant excretory products stored in tissues.","A: Glucose is a product of photosynthesis and is used in metabolism — it is not a waste product. B alone or C alone is incomplete — both are correct, making D the best answer."
"84","Section B: Form and Functions","Excretion","Selective reabsorption in the kidney ensures that","all filtered substances are permanently lost in urine","useful substances like glucose and amino acids are returned to the blood","all filtered proteins are reabsorbed into the tubules","urea is completely reabsorbed to prevent its loss","B","After ultrafiltration, the filtrate passes through the renal tubules where useful substances — glucose, amino acids, vitamins, and most water — are selectively reabsorbed back into the surrounding blood capillaries. Waste products like urea remain.","A: If all substances were lost in urine, the body would lose essential molecules. C: Proteins are too large to be filtered in the first place. D: Urea is a waste product and is intentionally excreted; only a small proportion is reabsorbed."
"85","Section B: Form and Functions","Excretion","The contractile vacuole in Amoeba functions to","digest food particles","expel excess water from the cell to maintain osmotic balance","store food reserves","produce new organelles during cell division","B","Amoeba lives in freshwater (hypotonic environment), so water constantly enters by osmosis. The contractile vacuole collects excess water and expels it out of the cell (osmoregulation/excretion).","A: Digestion occurs in food vacuoles (phagosomes), not the contractile vacuole. C: Food storage occurs in food vacuoles. D: Organelle production is not the function of the contractile vacuole."
"86","Section B: Form and Functions","Plant Physiology","Positive phototropism in plant shoots means that shoots","grow away from light","grow toward the source of light","grow downward in response to gravity","close their leaves at night","B","Positive phototropism is growth toward light. Auxins (IAA) accumulate on the shaded side of the shoot, causing greater elongation there, bending the shoot toward the light source.","A: Growing away from light is negative phototropism. C: Growing downward in response to gravity is positive geotropism (gravitropism). D: Leaf movement at night (nyctinasty) is a nastic movement, not tropism."
"87","Section B: Form and Functions","Plant Physiology","Auxins promote plant cell elongation when present at which concentration?","Very high concentrations in all tissues","Low to moderate concentrations in shoots","Very high concentrations in roots","Zero concentration only","B","Auxins stimulate cell elongation in shoots at low to moderate concentrations. At high concentrations, however, auxins inhibit growth (especially in roots, which are very sensitive).","A: Very high concentrations actually inhibit growth. C: Very high concentrations inhibit root growth — roots are far more sensitive to auxins than shoots. D: Zero concentration would result in no auxin effect."
"88","Section B: Form and Functions","Plant Physiology","The role of auxins in apical dominance is to","promote lateral bud growth","inhibit lateral bud growth, maintaining a dominant main stem","stimulate root hair elongation","accelerate fruit ripening","B","High auxin concentrations produced by the apical meristem (shoot tip) diffuse downward and inhibit the growth of lateral (axillary) buds, a phenomenon called apical dominance. Removing the tip allows lateral buds to grow.","A: Auxins inhibit lateral buds — promoting them requires lower auxin levels after tip removal. C: Root hair elongation involves auxins at very low concentrations. D: Fruit ripening is mainly regulated by ethylene."
"89","Section B: Form and Functions","Human Anatomy","Which type of joint allows movement in all planes (ball-and-socket joint)?","The elbow joint","The knee joint","The hip joint","The ankle joint","C","The hip (and shoulder) are ball-and-socket joints that allow movement in all directions — flexion/extension, abduction/adduction, and rotation (multi-axial movement).","A: The elbow is a hinge joint — allows flexion and extension only. B: The knee is primarily a hinge joint with limited rotation. D: The ankle is a hinge joint."
"90","Section B: Form and Functions","Animal Anatomy","The exoskeleton of insects is made of","calcium carbonate","chitin","keratin","collagen","B","The exoskeleton (cuticle) of insects and other arthropods is composed primarily of chitin — a polysaccharide — along with proteins. It is hard, waterproof, and protective.","A: Calcium carbonate is found in mollusk shells and some crustacean exoskeletons. C: Keratin is the fibrous protein in vertebrate hair, nails, and skin. D: Collagen is a structural protein in connective tissue."
"91","Section B: Form and Functions","Plant Reproduction","The process by which a pollen grain grows a tube to deliver male gametes to the ovule is called","pollination","fertilisation","germination","pollen tube growth / siphonogamy","D","After pollination, the pollen grain germinates on the stigma and grows a pollen tube (siphonogamy) down through the style to the ovule, delivering two male gametes — one fertilises the egg, the other fuses with polar nuclei (double fertilisation in angiosperms).","A: Pollination is merely the transfer of pollen to the stigma, before tube growth. B: Fertilisation is the fusion of gametes — it occurs at the end of pollen tube growth. C: Germination refers to seed or spore sprouting, not pollen tube growth."
"92","Section B: Form and Functions","Plant Reproduction","Double fertilisation in angiosperms results in the formation of","two seeds","a zygote and endosperm","two zygotes","a seed coat and embryo only","B","In angiosperms, one male gamete fuses with the egg cell to form the zygote (→ embryo), while the second male gamete fuses with the two polar nuclei to form the triploid (3n) primary endosperm nucleus (→ endosperm, food for the embryo).","A: One fertilisation event produces one seed. C: Double fertilisation produces one zygote and one endosperm nucleus — not two zygotes. D: The seed coat develops from the integuments independently."
"93","Section B: Form and Functions","Plant Reproduction","An advantage of cross-pollination over self-pollination is that it","guarantees fertilisation even without pollinators","produces genetically uniform offspring","promotes genetic variation in offspring","requires less energy from the parent plant","C","Cross-pollination involves pollen from a different plant of the same species, introducing new gene combinations. This increases genetic diversity in offspring, which is advantageous for adaptation and natural selection.","A: Self-pollination guarantees fertilisation without pollinators; cross-pollination depends on vectors. B: Genetic uniformity is a result of self-pollination, not cross-pollination. D: Cross-pollination often requires energy expenditure on attracting pollinators (colour, scent, nectar)."
"94","Section B: Form and Functions","Plant Reproduction","In epigeal germination, the cotyledons","remain below the soil surface","are pushed above the soil surface by the elongating hypocotyl","provide no nutritional support to the seedling","develop into the first true leaves","B","In epigeal germination (e.g. beans), the hypocotyl elongates and pulls the cotyledons above the soil surface where they become green and photosynthetic temporarily. The epicotyl then grows upward with the first true leaves.","A: Cotyledons remaining below the soil describes hypogeal germination (e.g. maize, peas). C: Cotyledons contain stored food (starch, oils, proteins) that nourishes the growing seedling. D: The cotyledons in epigeal germination may photosynthesize briefly but are not the first true leaves — those emerge from the epicotyl."
"95","Section B: Form and Functions","Plant Reproduction","Which of the following conditions is NOT necessary for seed germination?","Adequate water (moisture)","Suitable temperature","Presence of light (in all seeds)","Availability of oxygen","C","Most seeds do not require light for germination — they germinate in darkness (e.g. buried in soil). While some seeds (like lettuce) are light-sensitive, light is NOT a universal requirement for germination. Water, temperature, and oxygen are universally required.","A: Water activates enzymes and is essential for germination metabolism. B: Suitable temperature activates enzymes for metabolic processes. D: Oxygen is needed for aerobic respiration to provide energy for germination."
"96","Section B: Form and Functions","Hormones","Which hormone is responsible for the 'fight or flight' response in mammals?","Insulin","Thyroxine","Adrenaline (epinephrine)","Oestrogen","C","Adrenaline (produced by the adrenal medulla) is the 'fight or flight' hormone. It increases heart rate, dilates pupils, promotes glycogen breakdown to glucose, and prepares the body for rapid action under stress.","A: Insulin lowers blood glucose levels; it is not involved in fight or flight. B: Thyroxine regulates metabolic rate — a slower, long-term effect. D: Oestrogen is a female sex hormone involved in reproductive processes."
"97","Section B: Form and Functions","Homeostasis","The process of homeostasis in the body involves","increasing deviation from the normal set point to maximise adaptation","maintaining a constant internal environment through negative feedback mechanisms","eliminating all variation in body function","only regulating blood glucose levels","B","Homeostasis is the maintenance of a stable internal environment (temperature, pH, glucose, water) through negative feedback — where a deviation from the set point triggers a corrective response to restore balance.","A: Homeostasis reduces, not increases, deviation from the set point. C: Homeostasis maintains conditions within a narrow range, not absolutely constant. D: Homeostasis encompasses many variables, not just blood glucose."
"98","Section B: Form and Functions","Hormones","The role of insulin in blood glucose regulation is to","stimulate the liver to convert glycogen to glucose (glycogenolysis)","promote uptake of glucose by cells and conversion to glycogen, lowering blood glucose","increase glucagon secretion from the pancreas","stimulate protein breakdown into glucose","B","Insulin (from beta cells of islets of Langerhans in the pancreas) is released when blood glucose rises. It promotes glucose uptake by cells, glycogen synthesis (glycogenesis) in the liver, and lowers blood glucose levels.","A: Conversion of glycogen to glucose (glycogenolysis) is stimulated by glucagon (not insulin). C: Insulin and glucagon have antagonistic effects — insulin does not increase glucagon. D: Gluconeogenesis (protein → glucose) is stimulated by glucocorticoids, not insulin."
"99","Section B: Form and Functions","Nervous System","In the mammalian nervous system, the junction between two neurons is called a","dendrite","axon","synapse","myelin sheath","C","A synapse is the gap (synaptic cleft) between two neurons (or a neuron and effector) where neurotransmitters are released from the presynaptic membrane to bind receptors on the postsynaptic membrane, transmitting the nerve impulse.","A: Dendrites are branching processes that receive impulses from other neurons. B: The axon is the long fibre that transmits impulses away from the cell body. D: The myelin sheath is an insulating layer around some axons that speeds up impulse conduction."
"100","Section B: Form and Functions","Nervous System","Which of the following is an example of a reflex action?","Writing an essay","Playing a musical instrument","Withdrawing a hand from a hot object","Choosing what to eat","C","A reflex action is an automatic, involuntary, rapid response to a stimulus not requiring conscious thought. Withdrawing from pain (pain withdrawal reflex) is a classic spinal reflex arc.","A: Writing an essay involves conscious, voluntary thought. B: Playing an instrument requires learned voluntary motor control (though some become semi-automatic — conditioned reflex). D: Food choice involves decision-making in the cerebral cortex."
"101","Section C: Ecology","Abiotic Factors","Which of the following abiotic factors most directly determines the distribution of aquatic organisms?","Interspecific competition","Turbidity and dissolved oxygen levels","Predation pressure","Reproductive rate","B","Turbidity (water clarity) affects light penetration and photosynthesis, while dissolved oxygen levels determine which organisms can survive in that water body. These are key abiotic factors controlling aquatic species distribution.","A: Interspecific competition is a biotic factor. C: Predation is a biotic factor. D: Reproductive rate is a biological trait, not an abiotic environmental factor."
"102","Section C: Ecology","Food Chains","A food chain best represents","the recycling of nutrients in an ecosystem","the linear sequence of feeding relationships showing energy flow from producers to consumers","competition between organisms for the same resources","the total number of organisms in an ecosystem","B","A food chain is a linear sequence showing who eats whom: Producer → Primary consumer → Secondary consumer → Tertiary consumer, representing the flow of energy and matter.","A: Nutrient recycling is represented by biogeochemical cycles (nitrogen, carbon cycles). C: Competition is represented by ecological interactions, not food chains. D: Total organism numbers relate to population size or biomass."
"103","Section C: Ecology","Carbon Cycle","In the carbon cycle, the process by which green plants remove CO2 from the atmosphere is","decomposition","photosynthesis","respiration","combustion","B","Photosynthesis is the process by which autotrophs (green plants, algae) absorb CO2 from the atmosphere and fix it into organic compounds using light energy.","A: Decomposition releases CO2 back into the atmosphere. C: Respiration also releases CO2. D: Combustion (burning) of fossil fuels and biomass releases CO2 into the atmosphere."
"104","Section C: Ecology","Decomposers","Organisms that feed on dead and decaying organic matter, releasing nutrients back into the soil, are called","parasites","commensals","decomposers","primary consumers","C","Decomposers (bacteria and fungi) break down dead organic matter, releasing inorganic nutrients (N, P, C) back into the soil and atmosphere for reuse by producers — completing nutrient cycles.","A: Parasites derive nutrients from living hosts, causing harm. B: Commensals benefit from a host without causing harm. D: Primary consumers eat producers (plants) — they are herbivores."
"105","Section C: Ecology","Symbiotic Relationships","The relationship between nitrogen-fixing bacteria (Rhizobium) and leguminous plants is best described as","parasitism","commensalism","mutualism","amensalism","C","Rhizobium bacteria live in root nodules of legumes. The bacteria fix atmospheric nitrogen into usable forms for the plant; the plant provides organic carbon and shelter for the bacteria. Both benefit — this is mutualism.","A: Parasitism involves one organism harming the host. B: Commensalism benefits only one organism while the other is unaffected. D: Amensalism is when one organism inhibits another without benefit or harm to itself."
"106","Section C: Ecology","Energy Flow","Which trophic level in a food chain contains the most energy?","Tertiary consumers","Secondary consumers","Primary consumers","Producers","D","Producers (green plants) contain the most energy in a food chain because they are the first level and capture solar energy through photosynthesis. Energy decreases at each higher trophic level (only ~10% is transferred).","A: Tertiary consumers are at the top — they have the least energy. B: Secondary consumers have less energy than primary consumers. C: Primary consumers have less energy than producers."
"107","Section C: Ecology","Nitrogen Cycle","The nitrogen cycle in nature involves which of the following processes?","Photosynthesis and respiration only","Nitrogen fixation, nitrification, denitrification, and ammonification","Combustion and precipitation","Transpiration and evaporation","B","The nitrogen cycle involves: fixation (N2 → ammonia by bacteria/lightning), nitrification (ammonia → nitrites → nitrates), assimilation (plants absorb nitrates), ammonification (decomposition of proteins → ammonia), and denitrification (nitrates → N2).","A: Photosynthesis/respiration are part of the carbon cycle. C: Combustion involves carbon/sulfur cycles. D: Transpiration and evaporation are part of the water cycle."
"108","Section C: Ecology","Population Ecology","Population density is best expressed as","the total number of organisms in an ecosystem","the number of organisms per unit area","the rate of reproduction per year","the ratio of males to females in a population","B","Population density = number of individuals / unit area (or unit volume). It tells how crowded a population is in a given habitat.","A: Total number doesn't account for space. C: Reproduction rate is the birth rate, not density. D: Sex ratio is a demographic metric, not density."
"109","Section C: Ecology","Succession","The sequence of community changes over time, from bare rock to a climax community, is called","secondary succession","primary succession","ecological zonation","niche differentiation","B","Primary succession begins on bare, uninhabited substrate (bare rock, sand dune) and progresses through pioneer species → intermediate communities → stable climax community over long time periods.","A: Secondary succession occurs in areas where a community was destroyed but soil still exists. C: Ecological zonation is the spatial distribution of species along environmental gradients. D: Niche differentiation reduces competition between species."
"110","Section C: Ecology","Biomes","Which biome is characterised by high rainfall (>2000mm/year), dense canopy, high biodiversity, and warm temperatures year-round?","Sudan Savanna","Tropical Rainforest","Desert","Guinea Savanna","B","Tropical rainforests receive very high annual rainfall (>2000mm), have a dense multi-layered canopy, maintain warm temperatures throughout the year, and support the highest biodiversity of any biome.","A: Sudan Savanna has lower rainfall and more pronounced dry seasons. C: Deserts have very low rainfall (<250mm/year). D: Guinea Savanna (derived savanna) has a wet and dry season with moderate rainfall."
"111","Section C: Ecology","Ecological Tools","A Secchi disc is used in ecological studies to measure","soil pH","wind speed","water turbidity","relative humidity","C","A Secchi disc is a circular disc (usually black and white) lowered into water. The depth at which it disappears from view gives the Secchi depth — a measure of water clarity (turbidity).","A: Soil pH is measured with pH meter or indicator paper. B: Wind speed is measured with an anemometer. D: Relative humidity is measured with a hygrometer."
"112","Section C: Ecology","Population Interactions","Predation in an ecosystem plays an important ecological role by","reducing species diversity in the ecosystem","regulating prey population sizes and maintaining ecosystem balance","increasing the amount of energy available at the producer level","causing the extinction of prey species","B","Predators control prey populations, preventing overpopulation that would exhaust food resources. This maintains ecosystem balance and often supports species diversity (by preventing one species from dominating).","A: Predation can maintain or increase diversity (by keeping dominant species in check). C: Predation doesn't add energy to producers. D: Predation rarely causes extinction; it is an adaptive evolutionary relationship."
"113","Section C: Ecology","Biomes","The guinea savanna in Nigeria is characterised by","permanent snow and ice","grassland with scattered trees and seasonal rainfall","dense continuous tree canopy and no grass layer","sand dunes and very low annual rainfall","B","Guinea savanna (northern and southern) features tall grasses, scattered trees (e.g. Isoberlinia, Vitex), and a distinct wet and dry season. It supports wildlife such as antelopes, lions, and elephants.","A: Snow/ice characterises polar/alpine biomes. C: Dense canopy with no grass layer describes tropical rainforest. D: Sand dunes and low rainfall describe deserts."
"114","Section C: Ecology","Water Cycle","In the water cycle, the process by which water vapour condenses from the atmosphere to form clouds is","evapotranspiration","condensation","precipitation","infiltration","B","Condensation is the cooling of water vapour to form liquid water droplets that make up clouds. When droplets aggregate and become heavy enough, they fall as precipitation.","A: Evapotranspiration is evaporation from surfaces plus transpiration from plants — it returns water to the atmosphere. C: Precipitation is when condensed water falls as rain, snow, or hail. D: Infiltration is the movement of water into the soil."
"115","Section C: Ecology","Population Ecology","Biotic factors affecting population size include","temperature, rainfall, and pH","food availability, disease, predation, and competition","altitude, wind speed, and soil type","light intensity and water turbidity","B","Biotic factors are living influences on population size: food (competition for resources), disease (caused by pathogens), predation (removal of individuals), and competition (inter- and intraspecific).","A: Temperature, rainfall, and pH are abiotic factors. C: Altitude, wind, and soil are abiotic. D: Light intensity and turbidity are abiotic environmental factors."
"116","Section C: Ecology","Food Webs","In the food web of a freshwater pond: phytoplankton → water flea → small fish → large fish → osprey. If the small fish population is drastically reduced by disease, the most likely effect is","increase in large fish and decrease in water fleas","decrease in large fish and increase in water fleas","no effect on the food web","immediate extinction of phytoplankton","B","Removing small fish removes prey for large fish (their population decreases due to less food) and reduces predation pressure on water fleas (their population increases). This shows trophic cascade effects.","A: Large fish would decrease (less food), and water fleas would increase (less predation). C: Food webs are interconnected — any change has cascading effects. D: Phytoplankton are the producers; they would actually increase as water fleas increase (more grazing) or the relationship is indirect."
"117","Section C: Ecology","Soil Conservation","Contour ridging as a soil conservation practice primarily prevents","leaching of nutrients","wind erosion of topsoil","water erosion by reducing surface runoff on slopes","soil compaction by heavy machinery","C","Contour ridges (ridges dug along the contours of a slope) slow down surface water runoff, allowing it to infiltrate the soil and preventing erosive washing away of topsoil on slopes.","A: Leaching (downward movement of nutrients with water) is reduced by better water management but not specifically by contour ridging. B: Wind erosion is reduced by windbreaks (shelterbelts), not ridges. D: Compaction is addressed by reducing machine use or subsoiling."
"118","Section C: Ecology","Soil Science","Sandy soil has poor water retention compared to clay soil because","sand particles are smaller and pack more tightly","sand particles are larger with bigger pores that allow water to drain quickly","sand has a higher humus content","sand is more acidic than clay","B","Sandy soil has large particles with large pore spaces. Water drains through quickly by gravity (percolation) and cannot be held by capillary action in large pores. Clay soil has tiny particles with small pores that retain water strongly.","A: Clay particles are smaller and pack tightly — that's why clay retains water. C: Sandy soils typically have low humus content. D: Soil pH depends on parent material and organic matter, not directly on particle size."
"119","Section C: Ecology","Nitrogen Cycle","The process of nitrification in the nitrogen cycle involves","bacteria converting atmospheric nitrogen to ammonia","bacteria converting ammonia to nitrites and then nitrates","plants absorbing nitrates from the soil","bacteria converting nitrates to nitrogen gas","B","Nitrification is carried out by nitrifying bacteria: Nitrosomonas converts ammonia (NH3) to nitrites (NO2-), and Nitrobacter converts nitrites to nitrates (NO3-), making nitrogen available to plants.","A: This describes nitrogen fixation (done by Azotobacter, Rhizobium, etc.). C: This is assimilation by plants. D: This is denitrification."
"120","Section C: Ecology","Soil Science","Which of the following best describes the role of earthworms in soil fertility?","They fix atmospheric nitrogen into the soil","They aerate the soil, improve drainage, and decompose organic matter","They form mycorrhizal associations with plant roots","They produce humus by photosynthesis","B","Earthworms improve soil structure by burrowing (aeration and drainage), mixing organic and inorganic materials, and breaking down organic matter into humus through their digestive activity (casting).","A: Nitrogen fixation is carried out by bacteria (Rhizobium, Azotobacter), not earthworms. C: Mycorrhizal associations are formed by fungi with plant roots. D: Earthworms cannot photosynthesize — they are heterotrophs."
"121","Section C: Ecology","Conservation","A game reserve in Nigeria serves to","provide land for urban development","promote deforestation for agriculture","protect and conserve wildlife and their natural habitats","allow unlimited hunting of wild animals","C","Game reserves are designated areas set aside to protect wildlife species and their ecosystems from hunting, habitat destruction, and human encroachment, thereby conserving biodiversity.","A: Urban development would destroy wildlife habitats. B: Deforestation is the opposite of conservation. D: Game reserves prohibit or strictly regulate hunting."
"122","Section C: Ecology","Environmental Issues","Global warming is primarily caused by an increase in atmospheric","oxygen","nitrogen","greenhouse gases (CO2, methane, water vapour)","ozone","C","Greenhouse gases (CO2, CH4, N2O, water vapour) trap outgoing infrared radiation from the Earth's surface, raising global temperatures. The burning of fossil fuels and deforestation increase CO2 levels.","A: Oxygen increase is not a cause of global warming. B: Nitrogen is the most abundant gas in the atmosphere but is not a significant greenhouse gas. D: Ozone depletion is a separate environmental issue; more ozone in the stratosphere actually reflects UV radiation."
"123","Section C: Ecology","Disease Vectors","The malaria parasite (Plasmodium) is transmitted to humans by","male Culex mosquito","female Anopheles mosquito","Aedes aegypti mosquito","the tsetse fly","B","The female Anopheles mosquito is the vector of malaria. It transmits the Plasmodium parasite when taking a blood meal. The female requires blood for egg development.","A: Male mosquitoes feed on plant nectar, not blood; they do not transmit malaria. C: Aedes aegypti transmits yellow fever, dengue, and Zika virus. D: The tsetse fly transmits sleeping sickness (Trypanosomiasis)."
"124","Section C: Ecology","Disease Vectors","Onchocerciasis (river blindness) is transmitted by","Anopheles mosquito","Simulium blackfly (buffalo gnat)","Glossina (tsetse fly)","Culex mosquito","B","Onchocerciasis is caused by the nematode worm Onchocerca volvulus and transmitted by the bite of blackflies (Simulium species), which breed near fast-flowing rivers.","A: Anopheles transmits malaria. C: Glossina (tsetse fly) transmits sleeping sickness. D: Culex mosquitoes transmit filariasis and viral encephalitis."
"125","Section C: Ecology","Disease Control","The most effective way to control malaria in a community is to","vaccinate all inhabitants against the disease","eliminate the vector by draining stagnant water and using insecticides","treat all cases of fever with antibiotics","ban movement of people between regions","B","Vector control — eliminating mosquito breeding sites (draining stagnant water, clearing vegetation), using insecticide-treated bed nets, and indoor spraying — is the most effective malaria control strategy.","A: While malaria vaccines exist (RTS,S), they are not 100% effective alone; vector control remains primary. C: Malaria is caused by a parasite (Plasmodium), not bacteria, so antibiotics are ineffective against it. D: Restricting movement does not eliminate the vector."
"126","Section C: Ecology","Symbiotic Relationships","The relationship between Plasmodium and the human body is an example of","mutualism","commensalism","parasitism","predation","C","Plasmodium is an obligate intracellular parasite that lives in human red blood cells and liver cells at the expense of the host (causing malaria). This is a classic example of parasitism — one organism benefits while the other is harmed.","A: Mutualism benefits both organisms. B: Commensalism benefits one without harming the other. D: Predation involves one organism killing and eating another, not living within it."
"127","Section C: Ecology","Agriculture","Crop rotation helps maintain soil fertility primarily by","preventing soil erosion through continuous vegetation cover","breaking pest and disease cycles and restoring soil nutrients, especially nitrogen via legumes","increasing the pH of acidic soils","adding inorganic fertilisers to the soil","B","Crop rotation — alternating crops each season (e.g. maize → cowpea) — prevents the build-up of specific pests and diseases, and legume crops fix nitrogen that replenishes soil for the next crop.","A: Vegetation cover reduces erosion, but this is more about mulching or strip cropping. C: Liming, not crop rotation, raises soil pH. D: Organic/inorganic fertilisers are external inputs, not crop rotation effects."
"128","Section C: Ecology","Pollution","Air pollution by sulphur dioxide is most directly associated with","ozone layer depletion","acid rain formation","eutrophication of water bodies","greenhouse effect","B","SO2 dissolves in atmospheric water vapour forming sulphurous acid (H2SO3); with oxidation it becomes sulphuric acid (H2SO4). This falls as acid rain, damaging ecosystems, corroding buildings, and acidifying soils.","A: Ozone depletion is caused by CFCs (chlorofluorocarbons). C: Eutrophication is caused by nitrate and phosphate runoff from fertilisers. D: The greenhouse effect is mainly due to CO2 and methane."
"129","Section C: Ecology","Soil Science","Humus in soil is important because it","kills soil microorganisms","improves soil structure, water retention, and provides nutrients","increases soil bulk density and compaction","prevents nitrogen fixation","B","Humus (decomposed organic matter) binds soil particles into aggregates (improving structure), retains water and nutrients (especially cations), provides slow-release nutrients, and supports diverse soil life.","A: Humus supports soil microorganisms by providing organic carbon. C: Humus decreases compaction and improves aeration. D: Humus supports nitrogen-fixing bacteria."
"130","Section C: Ecology","Biomes - Nigeria","The Obudu Plateau in Cross River State, Nigeria, is classified as","Sudan Savanna","Tropical Rainforest","Montane forest and highland grassland","Mangrove swamp","C","The Obudu, Jos, and Mambilla Plateaus are highland areas in Nigeria characterised by montane forests at lower slopes and highland grasslands at higher elevations — a distinct biome from the surrounding lowland rainforest and savanna.","A: Sudan Savanna is in the far north of Nigeria. B: Tropical rainforest is found in the coastal south. D: Mangrove swamps are found in coastal estuaries (Niger Delta)."
"131","Section C: Ecology","Succession","Which of the following is an example of secondary succession?","Colonisation of bare rock by lichens","Regrowth of vegetation on an abandoned farmland","Pioneer plant colonisation of a newly formed volcanic island","Lichen colonisation of a sand dune","B","Secondary succession occurs where a community has been disturbed or removed but soil remains (e.g. abandoned farmland, burned forest). The soil already contains seeds, organisms, and nutrients, so recovery is faster than primary succession.","A: Colonisation of bare rock is primary succession — no soil exists. C: Volcanic island colonisation is primary succession. D: Sand dune colonisation is primary succession."
"132","Section C: Ecology","Disease Vectors","Schistosomiasis is caused by a blood fluke (Schistosoma) and is transmitted through","the bite of a female Anopheles mosquito","contact with contaminated water containing the cercariae larvae","consumption of undercooked pork","the bite of a blackfly","B","Schistosomiasis (bilharzia) is transmitted when cercariae larvae (released from infected freshwater snails) penetrate human skin during contact with contaminated water.","A: Malaria is transmitted by Anopheles mosquito bites. C: Eating undercooked pork transmits Taenia solium (tapeworm). D: Blackfly transmits onchocerciasis."
"133","Section C: Ecology","Ecological Concepts","The concept of a niche in ecology refers to","the physical location of an organism in its habitat","the total role and position of an organism in its ecosystem, including its interactions","the total number of organisms in a given area","the feeding level of an organism in a food chain","B","An ecological niche encompasses not just an organism's physical habitat (space), but also its functional role — what it eats, when it is active, how it interacts with other species. No two species occupy exactly the same niche in the same habitat.","A: That describes the habitat — the physical address; niche is more like the 'profession'. C: That is population density. D: Feeding level alone is the trophic level."
"134","Section C: Ecology","Sewage Treatment","The process of sewage treatment that uses microorganisms to break down organic waste aerobically is called","sedimentation","chlorination","biological oxidation (activated sludge process)","filtration","C","Biological oxidation (secondary treatment) uses aerobic bacteria and other microorganisms to decompose dissolved organic matter in sewage through oxidation, significantly reducing BOD (biochemical oxygen demand).","A: Sedimentation is primary treatment — allowing heavy particles to settle. B: Chlorination is a final (tertiary) step to kill pathogens. D: Filtration removes suspended solids but does not biologically break down organic matter."
"135","Section C: Ecology","Pollution","Eutrophication of water bodies is caused by","introduction of predatory fish into water bodies","excessive nutrient enrichment (nitrates and phosphates) causing algal blooms and oxygen depletion","decrease in water temperature due to global cooling","increase in dissolved oxygen due to photosynthesis","B","Eutrophication occurs when nutrient runoff (fertilisers) enriches water bodies, causing explosive algal growth (algal blooms). When algae die, decomposers use up oxygen (BOD increases), creating hypoxic (dead) zones that kill fish and other organisms.","A: Introducing predatory fish affects biodiversity but not eutrophication directly. C: Eutrophication is driven by nutrients, not temperature reduction. D: Initially, algal growth increases O2, but decomposition ultimately depletes it."
"136","Section C: Ecology","Health Organizations","The role of the World Health Organization (WHO) in Nigeria includes","setting boundaries for game reserves","providing international guidelines and support for disease prevention and health promotion","managing Nigerian national parks","drilling boreholes for clean water","B","WHO is the UN agency responsible for international public health, setting global health standards, coordinating disease surveillance, providing technical assistance to member states, and leading responses to health emergencies.","A: Game reserves are managed by national agencies (e.g. Nigerian National Parks Service). C: National parks are managed by the Nigerian National Parks Service. D: Infrastructure projects like boreholes are managed by government ministries or NGOs."
"137","Section C: Ecology","Symbiotic Relationships","Which of the following is an example of commensalism?","Cattle egrets feeding on insects disturbed by grazing cattle","Tapeworm living in the intestine of a human","Clownfish protecting sea anemones while gaining shelter","Mycorrhizal fungi exchanging nutrients with plant roots","A","Cattle egrets follow grazing cattle and feed on insects disturbed by the cattle's movement. The egret benefits (free food), while the cattle are neither helped nor harmed — a classic example of commensalism.","B: Tapeworm causes harm to the host — this is parasitism. C: Both clownfish and anemone benefit — mutualism. D: Mycorrhizae and plant roots exchange nutrients mutually — mutualism."
"138","Section C: Ecology","Natural Resources","Which of the following is a renewable natural resource?","Coal","Crude oil","Timber (forests)","Natural gas","C","Renewable resources can be replenished naturally within a human timescale. Forests (timber) are renewable if managed sustainably (replanted). Coal, crude oil, and natural gas are fossil fuels that take millions of years to form — non-renewable.","A: Coal is a fossil fuel — non-renewable. B: Crude oil is non-renewable. D: Natural gas is non-renewable."
"139","Section C: Ecology","Conservation","The Nigerian Conservation Foundation (NCF) primarily functions to","export wildlife to foreign zoos","conserve Nigeria's biodiversity and natural resources through education, research, and advocacy","regulate fishing activities in Nigerian waters only","manage Nigeria's oil industry to reduce pollution","B","The NCF is a non-governmental organisation dedicated to conserving Nigeria's natural heritage through environmental education, community conservation, wildlife protection, and policy advocacy.","A: Exporting wildlife would be contrary to conservation goals. C: Fisheries regulation is handled by the Federal Ministry of Agriculture. D: Oil industry regulation falls under DPR (now NUPRC)."
"140","Section C: Ecology","Environmental Issues","The most likely consequence of deforestation in tropical regions is","increase in biodiversity due to new open habitats","soil erosion, loss of biodiversity, reduced rainfall, and increased CO2","decreased temperature due to more sunlight reaching the ground","increased soil fertility due to decaying vegetation","B","Deforestation leads to soil erosion (loss of protective cover), extinction of species (habitat loss), reduced transpiration affecting local rainfall, and increased atmospheric CO2 (fewer trees to absorb it), contributing to climate change.","A: Most forest species cannot survive in open degraded habitats. C: Without tree canopy, temperatures actually increase due to more direct solar radiation and less evaporative cooling. D: Initial decomposing vegetation briefly adds nutrients, but topsoil is quickly eroded."
"141","Section D: Heredity and Variation","Mendelian Genetics","In Mendel's first law (Law of Segregation), alleles","blend together in the offspring and cannot be separated","separate during gamete formation so each gamete carries only one allele per gene","always express themselves in heterozygous individuals","are found only on autosomes, never on sex chromosomes","B","The Law of Segregation states that two alleles for each trait separate (segregate) during meiosis so that each gamete receives only one allele. At fertilisation, the two alleles come together again in the offspring.","A: Alleles do not blend — they retain their identity (shown by reappearance of recessive traits in F2). C: In heterozygotes, the dominant allele is expressed; the recessive one is masked. D: Alleles are found on both autosomes and sex chromosomes."
"142","Section D: Heredity and Variation","Mendelian Genetics","In a cross between two heterozygous tall plants (Tt x Tt), what is the expected phenotypic ratio in the offspring?","1 tall : 1 short","3 tall : 1 short","1:2:1","All tall","B","Tt x Tt produces TT : 2Tt : tt (genotypic ratio 1:2:1). Phenotypically, TT and Tt are both tall (T is dominant), giving 3 tall : 1 short.","A: 1:1 ratio results from a testcross (Tt x tt). C: 1:2:1 is the genotypic ratio, not phenotypic. D: All tall would result only if one parent were TT."
"143","Section D: Heredity and Variation","Blood Group Genetics","Which of the following blood group crosses can produce a child with blood group O?","Group A (IAIA) x Group B (IBIB)","Group A (IAi) x Group B (IBi)","Group AB x Group AB","Group O x Group A (IAIA)","B","Group A (IAi) x Group B (IBi): possible offspring = IAIB (AB), IAi (A), IBi (B), ii (O). So yes, blood group O (ii) can be produced. Both parents must carry the recessive 'i' allele.","A: IAIA x IBIB → only IAIB (all AB); no O possible. C: IAIB x IAIB → IAIA, IAIB, IBIB; no O possible. D: ii x IAIA → all IAi (all group A); no O possible."
"144","Section D: Heredity and Variation","Sex-Linked Inheritance","Haemophilia is a sex-linked recessive disorder. A carrier female (XHXh) marries a normal male (XHY). What fraction of their sons will have haemophilia?","None of the sons","Half of the sons","All of the sons","One quarter of all children","B","Cross: XHXh x XHY → sons receive Y from father and either XH or Xh from mother. Sons: XHY (normal) : XhY (haemophiliac) = 1:1. So half the sons will have haemophilia.","A: Some sons will be haemophiliac (those receiving Xh). C: Only those sons receiving Xh are affected — 50%, not all. D: One quarter of ALL children are haemophiliac sons; but specifically half of sons."
"145","Section D: Heredity and Variation","Genetic Disorders","Sickle cell anaemia is caused by","a chromosomal mutation (extra chromosome 21)","a point mutation resulting in the substitution of glutamic acid by valine in haemoglobin","a dominant allele on the X chromosome","the absence of a sex chromosome","B","Sickle cell anaemia results from a single base change (point mutation) in the HBB gene, causing the 6th amino acid of the beta-globin chain to change from glutamic acid to valine. This produces HbS, which polymerises at low oxygen tensions, distorting red blood cells into a sickle shape.","A: Extra chromosome 21 causes Down's syndrome. C: Sickle cell is autosomal recessive — the gene is on chromosome 11, not the X chromosome. D: Absence of a sex chromosome describes Turner's syndrome (45, XO)."
"146","Section D: Heredity and Variation","Genetic Disorders","A person of genotype HbAHbS is said to have","sickle cell anaemia","normal haemoglobin only","sickle cell trait (carrier)","thalassaemia","C","Individuals with one HbA and one HbS allele (heterozygous) have sickle cell TRAIT — they are carriers. They are generally healthy but can pass the HbS allele to offspring. Two HbS alleles (HbSHbS) cause sickle cell anaemia.","A: Sickle cell anaemia requires homozygous HbSHbS. B: Normal individuals are HbAHbA. D: Thalassaemia is a different inherited blood disorder affecting alpha or beta globin chains."
"147","Section D: Heredity and Variation","Genetics Terminology","In genetics, the genotype refers to","the physical appearance of an organism","the genetic makeup (allele composition) of an organism","the observable traits of an organism","the sex chromosomes only","B","Genotype is the genetic constitution of an organism — the specific alleles it possesses (e.g. TT, Tt, tt). Phenotype is the observable expression of those genes.","A: Physical appearance is the phenotype. C: Observable traits = phenotype. D: Genotype includes all genes, not just sex chromosomes."
"148","Section D: Heredity and Variation","Variation","Discontinuous variation in a population is characterised by","a range of measurements forming a bell-shaped (normal distribution) curve","distinct categories with no intermediate forms (e.g. ABO blood groups)","traits that are significantly influenced by environmental conditions","traits controlled by multiple genes (polygenic inheritance)","B","Discontinuous variation produces distinct categories with no intermediates — individuals either belong to one group or another (e.g. ABO blood groups: A, B, AB, or O). It is typically controlled by one or a few genes.","A: A bell-shaped normal distribution describes continuous variation (e.g. height, weight). C: Environmental influence is greater in continuous variation. D: Polygenic inheritance usually produces continuous variation."
"149","Section D: Heredity and Variation","Sex Determination","The human sex determination mechanism means that","females are XY and males are XX","the father determines the sex of the child","sex is determined by the number of autosomes","all eggs carry the Y chromosome","B","Human females are XX; they produce eggs with only X chromosomes. Human males are XY; they produce sperm with either X (→ girl) or Y (→ boy). The father's sperm determines the sex of the child.","A: Females are XX, males are XY — not the reverse. C: Sex is determined by sex chromosomes (X and Y), not autosomes. D: Eggs always carry X; sperm carry either X or Y."
"150","Section D: Heredity and Variation","Genetic Engineering","Which of the following techniques has been used to produce human insulin for diabetics using genetic engineering?","Cross-breeding of insulin-producing animals","Insertion of the human insulin gene into bacterial DNA (recombinant DNA technology)","Hybridisation of plant species","Chemical synthesis of insulin from amino acids in a laboratory only","B","Recombinant DNA technology (genetic engineering) involves inserting the human insulin gene into Escherichia coli or yeast cells. These bacteria then express the gene and produce human insulin in large quantities.","A: Animal cross-breeding cannot produce human insulin specifically. C: Plant hybridisation is unrelated to insulin production. D: While chemical synthesis is possible, the commercial source since the 1980s is genetically engineered microorganisms."
"151","Section D: Heredity and Variation","Sex-Linked Inheritance","Colour blindness is more common in males than females because","the gene is on the Y chromosome, inherited only by sons","the gene is X-linked recessive; males (XY) need only one recessive allele to be affected","females produce more melanin, protecting against colour blindness","males have lower immunity against genetic defects","B","Colour blindness is caused by a recessive allele on the X chromosome. Males have only one X chromosome, so one copy of the recessive allele causes colour blindness. Females need two copies (one on each X) to be affected, making them far less commonly affected.","A: The colour blindness gene is on the X chromosome, not the Y (which has very few genes). C: Melanin production is unrelated to colour vision genetics. D: Immunity has no role in genetic inheritance."
"152","Section D: Heredity and Variation","Mendelian Genetics","In a testcross, an organism showing the dominant phenotype is crossed with a","homozygous dominant organism","heterozygous dominant organism","homozygous recessive organism","organism of the same genotype","C","A testcross is performed by crossing an organism with the dominant phenotype (but unknown genotype) with a homozygous recessive individual (e.g. tt). The offspring ratio reveals the unknown genotype: 1:1 means Tt; all dominant means TT.","A: Crossing with homozygous dominant would always produce dominant phenotype offspring — not informative. B: This would produce complex ratios but is not the standard testcross design. D: This may not reveal the genotype clearly."
"153","Section D: Heredity and Variation","Molecular Genetics","Which of the following correctly describes the structure of DNA?","Single-stranded with ribose sugar and uracil","Double helix with deoxyribose sugar, phosphate, and four bases (A, T, G, C)","Double-stranded with ribose sugar and uracil replacing thymine","Single-stranded with deoxyribose and four bases including uracil","B","DNA is a double helix consisting of two antiparallel nucleotide strands. Each nucleotide has a deoxyribose sugar, a phosphate group, and one of four nitrogenous bases: adenine (A), thymine (T), guanine (G), or cytosine (C). A pairs with T; G pairs with C.","A: Single-stranded with ribose and uracil describes RNA. C: Double-stranded with ribose and uracil describes RNA (double-stranded forms). D: Uracil is an RNA base, not found in DNA."
"154","Section D: Heredity and Variation","Blood Group Genetics","If a parent with blood group AB marries a parent with blood group O, the possible blood groups of their children are","AB and O only","A and B only","A, B, AB, and O","O only","B","AB (IAIB) x O (ii): gametes from AB are IA or IB; gametes from O are i only. Offspring: IAi (group A) or IBi (group B) only. No AB or O is possible.","A: AB (IAIB) offspring would require both IA and IB from parents — not possible here. C: AB and O offspring are not possible from this cross. D: O (ii) offspring would require i from each parent — AB parent has no i allele."
"155","Section D: Heredity and Variation","History of Genetics","Gregor Mendel's experiments with pea plants established the principles of heredity. His choice of pea plants was advantageous because they","had a very long generation time","could only self-pollinate and produce variable offspring","had easily distinguishable contrasting characters and a short generation time","were too complex for other scientists to study","C","Pea plants were ideal because they had 7 pairs of easily observable contrasting traits (tall/short, round/wrinkled), could be easily cross-pollinated or self-pollinated, had a short generation time (~3 months), and produced large numbers of offspring for statistical analysis.","A: A long generation time would slow experiments — the opposite. B: Peas self-pollinate naturally, but Mendel could cross-pollinate them; self-pollination alone does not produce variable offspring. D: Their simplicity was the advantage."
"156","Section D: Heredity and Variation","Genetic Engineering","Genetically Modified Organisms (GMOs) are produced by","selective breeding of closely related organisms over generations","introducing foreign genes into an organism's genome using biotechnology","exposing organisms to X-rays to induce natural mutations","hybridising two different species through cross-pollination","B","GMOs are created by inserting specific genes from another organism (often of a different species) into a host genome using recombinant DNA technology, giving the host new traits (e.g. pest resistance, herbicide tolerance).","A: Selective breeding uses natural variation — no direct gene manipulation; offspring remain the same species. C: X-rays cause random mutations — this is mutagenesis, not targeted genetic modification. D: Hybridisation combines genomes through sexual reproduction but does not insert specific foreign genes."
"157","Section D: Heredity and Variation","Variation","Continuous variation, such as height in a human population, is controlled by","a single gene with two alleles","multiple genes (polygenic) and environmental factors","sex chromosomes only","mitochondrial DNA only","B","Traits showing continuous variation (e.g. height, skin colour) are polygenic — controlled by many genes each with a small additive effect — and are also significantly influenced by environmental factors (nutrition, sunlight). This produces a continuous range of values.","A: Single gene control with two alleles produces discontinuous variation (two or three discrete phenotypes). C: Sex chromosomes carry some genes but continuous traits involve many autosomes. D: Mitochondrial DNA controls very few traits."
"158","Section D: Heredity and Variation","Genetic Disorders","In a family where both parents have the sickle cell trait (HbAHbS), what is the probability that their child will have sickle cell anaemia?","0%","25%","50%","100%","B","HbAHbS x HbAHbS → HbAHbA : 2 HbAHbS : HbSHbS (ratio 1:2:1). The probability of HbSHbS (sickle cell anaemia) = 1/4 = 25%.","A: There is a real risk — not 0%. C: 50% would be the probability of being a carrier (HbAHbS). D: 100% would require both parents to have HbSHbS."
"159","Section D: Heredity and Variation","Variation","Fingerprints are used in crime detection because they show","continuous variation unique to the individual","discontinuous variation unique to the individual","sex-linked variation","environmentally determined patterns","B","Fingerprints are a form of discontinuous variation — individuals can be classified into distinct types (loops, whorls, arches). Crucially, no two individuals (including identical twins) have identical fingerprints, making them unique identifiers.","A: Continuous variation produces a range — fingerprints produce distinct classifiable patterns. C: Fingerprints are not sex-linked. D: While development has minor environmental influences, the basic pattern is genetically determined and unique."
"160","Section D: Heredity and Variation","Agricultural Genetics","Inbreeding in agriculture refers to","crossing two unrelated breeds to exploit hybrid vigour","mating of closely related individuals to fix desirable traits","introducing foreign genes into the genome","producing haploid plants from pollen grains","B","Inbreeding involves mating closely related individuals (e.g. sibling x sibling, parent x offspring). It increases homozygosity and can fix desirable traits in livestock or crops, but also increases the risk of expressing harmful recessive alleles (inbreeding depression).","A: Crossing unrelated breeds to exploit hybrid vigour is outbreeding (hybridisation). C: Introducing foreign genes is genetic modification. D: Producing haploid plants from pollen is anther culture (a plant biotechnology technique)."
"161","Section D: Heredity and Variation","Heredity","Which of the following is heritable (passed from parent to offspring through genes)?","A scar from a childhood injury","Language skills acquired in school","Eye colour","Muscle hypertrophy from weightlifting","C","Heritable characters are encoded in the genetic material (DNA) and transmitted via gametes. Eye colour is determined by genes (e.g. OCA2 gene). Scars, language skills, and muscle hypertrophy are acquired (non-heritable) traits.","A: Scars are acquired from environmental trauma — not encoded in DNA. B: Language is learned — not genetically transmitted. D: Muscle hypertrophy is a physiological response to exercise — not inherited directly."
"162","Section D: Heredity and Variation","Blood Groups","The Rhesus (Rh) factor in blood transfusion is important because","Rh-negative recipients can safely receive Rh-positive blood without reaction","Rh-positive blood given to an Rh-negative recipient can trigger haemolytic reactions","all humans are Rh-positive","Rh factor determines ABO blood group compatibility","B","Rh-negative individuals lack the Rh antigen. If they receive Rh-positive blood, their immune system produces anti-Rh antibodies. A second exposure causes a severe haemolytic transfusion reaction. This is also critical in pregnancy (Rh incompatibility).","A: Rh-negative recipients CANNOT safely receive Rh-positive blood — they will form antibodies. C: Approximately 15% of humans are Rh-negative. D: Rh factor is a separate blood grouping system from ABO."
"163","Section D: Heredity and Variation","Chromosomal Disorders","Down's syndrome is caused by","a sex-linked recessive gene mutation","trisomy 21 — presence of three copies of chromosome 21","deletion of chromosome 21","translocation of chromosome 7","B","Down's syndrome (trisomy 21) results from non-disjunction during meiosis, producing a gamete with two copies of chromosome 21. When fertilised by a normal gamete, the zygote has 47 chromosomes (3 copies of chromosome 21 = trisomy 21).","A: Down's syndrome is a chromosomal abnormality, not a simple gene mutation. C: Deletion of chromosome 21 would cause other severe conditions. D: Chromosome 7 translocation is unrelated to Down's syndrome."
"164","Section D: Heredity and Variation","Mendelian Genetics","The phenotypic ratio obtained from the cross AaBb x AaBb (dihybrid cross, both genes unlinked) is","9:3:3:1","1:1:1:1","3:1","1:2:1","A","When two heterozygous dihybrid parents (AaBb x AaBb) are crossed, using Mendel's Law of Independent Assortment, the phenotypic ratio is 9 (A_B_) : 3 (A_bb) : 3 (aaB_) : 1 (aabb) = 9:3:3:1.","B: 1:1:1:1 results from a dihybrid testcross (AaBb x aabb). C: 3:1 is the ratio for a monohybrid cross. D: 1:2:1 is the genotypic ratio for a monohybrid cross."
"165","Section D: Heredity and Variation","Variation","The ability to roll the tongue (dominant) versus inability to roll the tongue (recessive) is an example of","continuous variation","sex-linked variation","discontinuous variation","polygenically controlled variation","C","Tongue rolling is a discontinuous variation — individuals either can roll their tongue or they cannot. There are no intermediates. It is controlled primarily by a single gene (though the genetics is more complex in reality).","A: Continuous variation produces a range (e.g. height). B: Tongue rolling is controlled by an autosomal gene, not sex-linked. D: Tongue rolling is typically single-gene (or oligogenic), not classically polygenic."
"166","Section D: Heredity and Variation","Cell Division","What is the significance of meiosis in heredity?","It produces identical daughter cells for growth and repair","It halves the chromosome number and introduces genetic variation through crossing over and independent assortment","It doubles the chromosome number","It occurs only in somatic (body) cells","B","Meiosis produces haploid gametes (half the chromosome number) — essential so that fertilisation restores the diploid number. Crossing over (in Prophase I) and independent assortment of chromosomes generates new allele combinations, driving genetic variation.","A: Mitosis produces identical daughter cells. C: Meiosis halves, not doubles, chromosome number. D: Meiosis occurs specifically in germ cells (gonads) to produce gametes."
"167","Section D: Heredity and Variation","Biotechnology","Interferon is a protein that has been produced through genetic engineering. It is used clinically to","treat sickle cell anaemia by replacing defective haemoglobin","enhance the immune system and treat viral infections and some cancers","supply missing clotting factors in haemophilia patients","supplement insulin for diabetic patients","B","Interferon is a signalling protein (cytokine) produced by cells in response to viral infection. Recombinant interferon is used clinically as an antiviral and immunomodulatory agent, including in treating hepatitis B, hepatitis C, multiple sclerosis, and some cancers.","A: Sickle cell anaemia is not treated with interferon — HbS gene therapy is being explored. C: Clotting factors (e.g. Factor VIII) are produced separately for haemophilia treatment. D: Insulin is a separate protein produced for diabetics."
"168","Section D: Heredity and Variation","Mendelian Genetics","In the law of independent assortment, genes for different traits assort independently during gamete formation if","they are located on the same chromosome","they are located on different (non-homologous) chromosomes","they are closely linked on the same chromosome","they are sex-linked genes","B","Mendel's Law of Independent Assortment applies when genes are located on different chromosomes (non-homologous) and therefore segregate independently during Meiosis I. Genes on the same chromosome (linked genes) do not assort independently unless far apart (crossing over).","A: Genes on the same chromosome tend to be inherited together (linked). C: Closely linked genes violate independent assortment. D: Sex-linked genes may or may not assort independently depending on their positions."
"169","Section D: Heredity and Variation","Genetic Disorders","In marriage counselling, a couple where the wife is HbSHbS and the husband is HbAHbS would be advised that","all their children will be normal (HbAHbA)","all their children will have sickle cell anaemia","half their children will have sickle cell anaemia and half will have sickle cell trait","the children's health status cannot be predicted","C","HbSHbS x HbAHbS: gametes from wife = all HbS; gametes from husband = HbA or HbS. Offspring: HbAHbS (trait) and HbSHbS (anaemia) in ratio 1:1 → 50% carrier, 50% anaemia.","A: No child can be HbAHbA — the wife has no HbA to give. B: Only 50% will have anaemia. D: Genetics allows precise prediction of probabilities."
"170","Section D: Heredity and Variation","Reproductive Technology","In vitro fertilisation (IVF) differs from natural fertilisation in that","IVF requires no egg or sperm cells","fertilisation occurs outside the body in a laboratory, and the embryo is then implanted into the uterus","IVF permanently alters the genetic makeup of the offspring","IVF involves fertilisation in the fallopian tube","B","In IVF, egg cells are retrieved from the ovaries, fertilised with sperm in a laboratory dish ('in vitro' = in glass), and the resulting embryo(s) are transferred into the uterus for implantation.","A: IVF uses the same egg and sperm cells as natural fertilisation. C: IVF does not inherently alter genes (though preimplantation genetic diagnosis can screen for genetic disorders). D: Natural fertilisation occurs in the fallopian tube; IVF fertilisation occurs in the laboratory."
"171","Section D: Heredity and Variation","Reproduction","The process by which gametes are formed through meiosis is called","mitosis","gametogenesis","fertilisation","cleavage","B","Gametogenesis is the production of gametes (sex cells) through meiosis. In males, it is spermatogenesis (producing sperm); in females, oogenesis (producing eggs).","A: Mitosis produces somatic (body) cells, not gametes. C: Fertilisation is the fusion of gametes, not their production. D: Cleavage is the rapid mitotic divisions of the zygote after fertilisation."
"172","Section D: Heredity and Variation","Agricultural Genetics","Which of the following is an example of an out-breeding strategy in agriculture?","Mating siblings of the same pure breed repeatedly","Crossing two different established breeds to produce offspring with hybrid vigour (heterosis)","Self-pollinating a plant for multiple generations","Cloning an organism through vegetative propagation","B","Out-breeding (cross-breeding or hybridisation) involves mating unrelated individuals, often of different breeds or varieties. It exploits heterosis (hybrid vigour) — offspring are often larger, healthier, or more productive than either parent.","A: Mating siblings is inbreeding. C: Self-pollination for multiple generations is extreme inbreeding. D: Cloning maintains the same genotype — it is neither inbreeding nor outbreeding."
"173","Section D: Heredity and Variation","Genetics Terminology","Which of the following best describes the phenotypic expression of a codominant trait?","Only the dominant allele is expressed in the phenotype","Neither allele is expressed — a completely new trait appears","Both alleles are fully expressed simultaneously in the heterozygote","The recessive allele is partially expressed in heterozygotes","C","In codominance, both alleles are equally and fully expressed in the heterozygote. Example: Blood group AB — both IA and IB are expressed, producing A and B antigens on red blood cells simultaneously.","A: That describes simple dominant-recessive inheritance. B: This describes incomplete dominance (a blended phenotype), not codominance. D: Partial expression of the recessive allele describes incomplete dominance."
"174","Section D: Heredity and Variation","Reproduction","Identical (monozygotic) twins arise from","two eggs fertilised by two different sperm","one egg fertilised by two sperm","one fertilised egg that splits into two embryos","two eggs fertilised by the same sperm","C","Monozygotic (identical) twins develop when a single fertilised egg (zygote) splits completely into two separate embryos at an early developmental stage. They share identical DNA.","A: Two eggs fertilised by two sperm produce fraternal (dizygotic) twins. B: One egg fertilised by two sperm is not a normal developmental pathway. D: Two eggs cannot be fertilised by the same single sperm."
"175","Section D: Heredity and Variation","Variation","Phenylthiocarbamide (PTC) tasting ability demonstrates","continuous variation in the human population","sex-linked variation","discontinuous variation — individuals are either tasters or non-tasters","environmentally induced variation","C","PTC tasting is a classic example of discontinuous variation. The ability to taste PTC (bitter) is controlled by the TAS2R38 gene. Individuals are distinctly either tasters (dominant allele) or non-tasters (recessive homozygote) — no intermediate.","A: PTC tasting has two discrete phenotype classes — no continuous range. B: The TAS2R38 gene is autosomal (chromosome 7), not sex-linked. D: PTC tasting is genetically determined, not environmentally induced."
"176","Section E: Evolution","Theories of Evolution","Lamarck's theory of evolution is based on the concept of","natural selection of random mutations","inheritance of acquired characteristics through use and disuse of organs","genetic recombination during sexual reproduction","geographical isolation leading to speciation","B","Lamarck proposed that organs used extensively develop and enlarge (use) while unused organs shrink (disuse), and these acquired changes are inherited by offspring. Though largely discredited, it was an important early evolutionary theory.","A: Natural selection and random mutations are Darwin's mechanism. C: Genetic recombination is part of modern evolutionary theory. D: Geographic isolation is a concept in allopatric speciation, not Lamarck's framework."
"177","Section E: Evolution","Theories of Evolution","Darwin's theory of evolution by natural selection states that","organisms acquire new traits during their lifetime and pass them to offspring","individuals with traits better suited to their environment survive and reproduce more successfully","all species were created in their current form and do not change","evolution is always directed toward complexity","B","Darwin's natural selection: heritable variation exists in populations; those individuals with advantageous traits survive and reproduce more ('survival of the fittest'). Their traits become more common over generations, leading to evolutionary change.","A: This is Lamarck's concept of inheritance of acquired characteristics. C: This is the creationist/fixity of species view, which evolution directly challenges. D: Evolution is not inherently directed toward complexity — it adapts organisms to their environment."
"178","Section E: Evolution","Evidence for Evolution","Which of the following provides the best evidence that modern whales evolved from land-dwelling ancestors?","Whales breathe air through lungs","Whales have vestigial pelvic bones","Whales produce milk for their young","Whales are warm-blooded","B","Vestigial pelvic bones in whales are remnants of a hind-limb structure from their terrestrial ancestor. These non-functional skeletal remnants are strong anatomical evidence of evolutionary descent from land mammals.","A: Breathing with lungs is consistent with evolution from land ancestors, but vestigial bones are more direct anatomical evidence. C: Producing milk is a mammalian characteristic — consistent with ancestry but not specific evidence of terrestrial origins. D: Being warm-blooded is a general mammalian trait."
"179","Section E: Evolution","Evidence for Evolution","Fossil records provide evidence for evolution because they","show that all organisms were created simultaneously","demonstrate that organisms have remained unchanged throughout geological time","reveal a progression of increasingly complex organisms in successive geological layers","prove that environmental changes have no effect on organisms","C","Fossil records show that older rock layers contain simpler life forms and younger layers contain more complex organisms. The succession of forms in geological strata documents evolutionary transitions and change over time.","A: The fossil record shows change over time — evidence against simultaneous creation. B: Organisms have clearly changed — different fossils appear in different geological periods. D: The fossil record actually shows responses to environmental change (mass extinctions, adaptive radiations)."
"180","Section E: Evolution","Evolution Concepts","The concept of organic evolution is best defined as","the development of an individual organism from embryo to adult","the sum total of all adaptive changes in populations over long periods, resulting in diversity of life","the genetic changes within a single individual during its lifetime","the process of growth and development from birth to maturity","B","Organic evolution refers to the gradual change in heritable characteristics of biological populations over successive generations through processes such as natural selection, mutation, genetic drift, and gene flow — resulting in the diversity of all life on Earth.","A: Development of an individual (ontogeny) is not evolution. C: Evolution occurs in populations, not individuals. D: Growth from birth to maturity is development, not evolution."
"181","Section E: Evolution","Evidence for Evolution","Comparative anatomy provides evidence for evolution through the existence of","identical functions of all organs across species","homologous structures — same basic structure but different functions","no similarities between distantly related species","organs that perform identical functions and have identical structures","B","Homologous structures (e.g. the forelimb bones of humans, whales, bats, and horses) have the same basic skeletal arrangement but are modified for different functions. This similarity suggests common ancestry.","A: Organs do not have identical functions across all species. C: Distantly related species do share certain anatomical similarities due to common ancestry. D: Analogous structures (e.g. wings of birds and insects) have similar functions but different structures — not evidence of common ancestry."
"182","Section E: Evolution","Genetic Variation","A mutation is best defined as","a change in the behaviour of an organism in response to its environment","a heritable change in the nucleotide sequence of DNA","the passing of acquired traits from parent to offspring","a temporary change in phenotype caused by environmental stress","B","A mutation is a permanent, heritable change in the DNA sequence. It can involve a single base (point mutation) or larger chromosomal rearrangements. Mutations are the ultimate source of all new genetic variation in populations.","A: Behavioural changes are not mutations — they are acquired traits. C: Passing acquired traits is Lamarckism (not the accepted mechanism). D: Temporary phenotypic changes are not mutations — they are not heritable."
"183","Section E: Evolution","History of Evolution","Which of the following is a correct contribution of Darwin to evolutionary theory?","He discovered the DNA double helix structure","He proposed the mechanism of natural selection as the driving force of evolution","He developed the concept of mutation and gene theory","He classified organisms into kingdoms using binomial nomenclature","B","Darwin's key contribution was the theory of evolution by natural selection — published in 'On the Origin of Species' (1859). He argued that heritable variation + differential survival/reproduction = evolutionary change.","A: DNA double helix was discovered by Watson and Crick (1953). C: Mutation theory was developed by Hugo de Vries; gene theory by Thomas Hunt Morgan and others. D: Binomial nomenclature was developed by Carl Linnaeus."
"184","Section E: Evolution","Evidence for Evolution","Analogous structures, such as the wings of birds and insects, are evidence of","common ancestry (homology)","convergent evolution — similar function in unrelated organisms","divergent evolution from the same ancestor","genetic recombination","B","Analogous structures are functionally similar but anatomically different structures that evolved independently in unrelated lineages to perform the same function (convergent evolution). They do NOT suggest common ancestry.","A: Homologous structures (same anatomy, different function) suggest common ancestry. C: Divergent evolution from a common ancestor produces homologous structures. D: Genetic recombination is a mechanism of variation within a population, not related to analogous structures."
"185","Section E: Evolution","Natural Selection","Industrial melanism in the peppered moth (Biston betularia) is a classic example of","Lamarckian evolution — moths becoming darker due to coal dust","natural selection — dark moths had a survival advantage on soot-covered bark","sexual selection — females preferred darker males","genetic drift in a small population","B","Before industrialisation, light-coloured moths were camouflaged on lichen-covered bark and were less visible to predators. Industrial pollution killed lichens and darkened bark with soot. Dark (melanic) moths then had a survival advantage, were less predated, and became more common — natural selection.","A: The moths did not become dark because of individual use/need — the dark mutation already existed; selection increased its frequency. C: Sexual selection involves mate choice — predation by birds was the selection pressure here. D: Genetic drift occurs in very small populations due to chance — this was directed selection in a large population."
"186","Section E: Evolution","Evidence for Evolution","Vestigial organs are important evidence for evolution because they","are fully functional in all species that possess them","are remnants of structures that were functional in ancestral organisms, suggesting evolutionary history","always increase in size through generations due to use","appear only in extinct organisms found in the fossil record","B","Vestigial structures (e.g. human appendix, coccyx, ear muscles, whale pelvic bones) are reduced, non-functional remnants of structures that were functional in evolutionary ancestors. Their presence reveals evolutionary history and descent with modification.","A: Vestigial organs are non-functional (or reduced in function) in current organisms. C: Vestigial organs tend to reduce in size over evolutionary time (as selection does not maintain them). D: Vestigial organs are found in living organisms, not only in fossils."
"187","Section E: Evolution","Evidence for Evolution","Comparative embryology supports evolution because it shows that","embryos of all species are identical throughout development","distantly related vertebrates share similar embryonic stages, suggesting common ancestry","embryos develop in opposite patterns in related species","embryo structure is entirely determined by the environment","B","Vertebrate embryos (fish, amphibians, reptiles, birds, mammals) show striking similarities in early developmental stages (gill slits, tail structures, somites). These shared features suggest common ancestry — embryonic similarities persist because of shared ancestral developmental genes.","A: Embryos diverge as development proceeds — they are not identical throughout. C: Related species show convergent early embryonic patterns, not opposite patterns. D: Embryo development is primarily genetically determined, not environmental."
"188","Section E: Evolution","Modern Evolutionary Theory","The modern synthetic theory of evolution (neo-Darwinism) combines","Lamarck's use and disuse with Mendel's genetics","Darwin's natural selection with Mendelian genetics, population genetics, and molecular biology","Darwin's theory with Lamarck's inheritance of acquired characteristics","geology and comparative anatomy only","B","The Modern Synthesis (neo-Darwinism) integrates Darwin's natural selection with Mendel's genetics, population genetics (Hardy-Weinberg), molecular biology (mutations in DNA), and palaeontology, providing a comprehensive mechanistic explanation of evolution.","A: Lamarck's use and disuse is not part of the Modern Synthesis (it was largely discredited). C: Lamarckian inheritance is not included in neo-Darwinism. D: The Modern Synthesis incorporates genetics and molecular biology, not just geology and anatomy."
"189","Section E: Evolution","Speciation","Speciation is best defined as","a change in the frequency of one allele in a population","the process by which new species arise from pre-existing species, usually through reproductive isolation","the extinction of existing species","the development of new traits in an individual organism","B","Speciation is the evolutionary process by which populations diverge to become distinct species, typically involving reproductive isolation (geographical, behavioural, or temporal) preventing gene flow, allowing independent evolution.","A: Allele frequency change is microevolution — it does not necessarily lead to speciation. C: Extinction is the opposite of speciation. D: Trait development in an individual is development, not speciation."
"190","Section E: Evolution","Natural Selection","Natural selection acts on","the genotype of an individual","the phenotype of individuals in a population","the DNA sequence directly","all individuals in a population equally","B","Natural selection acts on observable phenotypes — it is the expressed traits that determine survival and reproduction. An individual with a beneficial phenotype (regardless of its exact genotype) is more likely to survive and reproduce, passing on the underlying genes.","A: Selection cannot directly 'see' the genotype; it acts on phenotype. C: DNA is the inherited material, but selection operates through phenotypic effects. D: Selection is differential — individuals differ in survival and reproduction."
"191","Section E: Evolution","Speciation","Geographical isolation promotes speciation because it","allows unlimited gene flow between separated populations","prevents interbreeding between populations, allowing independent divergence","increases mutation rate in isolated populations","accelerates reproduction in isolated populations","B","When populations are geographically separated (by mountains, oceans, rivers), gene flow stops. Each population is subject to different selective pressures, mutations, and genetic drift, causing them to diverge genetically until they are reproductively incompatible — separate species.","A: Geographical barriers prevent gene flow. C: Geographical isolation does not inherently increase mutation rate. D: Isolation may actually reduce population size (bottleneck effect) rather than accelerate reproduction."
"192","Section E: Evolution","Evidence for Evolution","The occurrence of similar proteins (e.g. cytochrome c) in organisms from different taxonomic groups is evidence of","convergent evolution","common ancestry and evolution from shared ancestors","horizontal gene transfer only in plants","the fixity of species","B","Cytochrome c (involved in cellular respiration) is found in virtually all aerobic organisms. Differences in the amino acid sequence between species correlate with evolutionary distance — organisms sharing more recent common ancestors have more similar cytochrome c sequences. This molecular evidence supports common descent.","A: Convergent evolution produces functionally similar but structurally different results — cytochrome c similarity in related organisms indicates shared ancestry. C: Horizontal gene transfer occurs in bacteria; it does not explain universal cytochrome c similarity across all life. D: Molecular similarity across species contradicts fixity of species."
"193","Section E: Evolution","Natural Selection","The peppered moth example demonstrates that natural selection is","random and non-directional","directional, favouring traits that improve survival in a given environment","always stabilising, maintaining the average phenotype","only sexual selection","B","The peppered moth case shows directional selection — the environment (soot-darkened trees) favoured darker moths because they were less visible to bird predators. The frequency of dark moths increased rapidly, demonstrating selection acting in a specific direction.","A: Natural selection is not random — it differentially favours certain phenotypes. C: Stabilising selection maintains the average (e.g. human birth weight); directional selection shifts the average. D: The peppered moth example is driven by predation, not mate choice."
"194","Section E: Evolution","Mechanisms of Evolution","Which of the following scenarios demonstrates genetic drift?","Antibiotics kill most bacteria in a population; resistant bacteria survive and reproduce","In a small isolated population, certain alleles become common or disappear by chance","Sexual selection drives the evolution of elaborate peacock tail feathers","New plant species arise due to polyploidy","B","Genetic drift is random change in allele frequencies in a population due to chance events, not natural selection. It has the greatest effect in small populations, where random sampling can dramatically change allele frequencies.","A: Bacteria surviving antibiotics is natural selection (directional). C: Peacock tail feathers are driven by sexual selection (non-random). D: Polyploidy-driven speciation is a form of sympatric speciation."
"195","Section E: Evolution","Evidence for Evolution","The presence of gill pouches (pharyngeal arches) in human embryos is evidence that","humans breathe through gills as adults","humans share a common ancestor with fish and other aquatic vertebrates","human embryos develop in water","humans evolved from amphibians only","B","Pharyngeal (gill) arches in early human embryos are a developmental remnant of ancestral fish. Their presence in all vertebrate embryos (though they develop into different structures in each class) is strong evidence of common vertebrate ancestry.","A: Humans develop lungs — gill pouches don't become functional gills. C: Human embryos develop in amniotic fluid, not water; the presence of gill pouches is a genetic evolutionary remnant. D: Gill pouches suggest ancestry beyond amphibians — back to fish."
"196","Section E: Evolution","Adaptive Radiation","Darwin observed that finches on the Galapagos Islands had diverse beak shapes. This diversity is best explained by","Lamarckian use and disuse — birds used their beaks differently and passed on the shapes","adaptive radiation — finches from a common ancestor diversified to exploit different food sources on different islands","random mutation only, without any selection","interbreeding with mainland South American finches regularly","B","Galapagos finches underwent adaptive radiation — descendants of a common ancestor colonised different islands with different food resources (seeds, insects, cactus) and evolved different beak shapes suited to each food source through natural selection.","A: Beak shape is genetically inherited — Lamarckian use-and-disuse is discredited. C: Mutations provide variation, but selection directed the specific beak shapes for particular ecological niches. D: The islands are isolated from the mainland, preventing regular interbreeding."
"197","Section E: Evolution","Evidence for Evolution","The geological time scale provides evidence for evolution because","fossils from all geological periods show identical organisms","older geological layers contain fossils of simpler organisms, with more complex forms appearing in younger layers","the time scale shows that the Earth is only 6,000 years old","most fossils are found at the Earth's surface","B","The geological time scale records the history of life through rock strata. Older, deeper layers contain simple organisms (bacteria, algae in Precambrian); younger layers show increasingly complex organisms (fish in Devonian, mammals in Cenozoic), documenting evolutionary progression over billions of years.","A: Fossils in different periods show different organisms — evidence of change. C: Scientific dating methods (radiometric) show Earth is ~4.5 billion years old. D: Most significant fossils are found in sedimentary rock layers deep below the surface."
"198","Section E: Evolution","Mechanisms of Evolution","Which of the following is NOT a mechanism of evolution?","Natural selection","Genetic drift","Mitosis","Mutation","C","Mitosis is the process of cell division for growth and repair, producing genetically identical daughter cells. It does not cause changes in allele frequencies in populations and therefore is NOT an evolutionary mechanism. Mutation, natural selection, genetic drift, and gene flow are the recognised mechanisms of evolution.","A: Natural selection is the primary mechanism of adaptive evolution. B: Genetic drift causes random allele frequency changes. D: Mutation is the ultimate source of new genetic variation."
"199","Section E: Evolution","Convergent Evolution","Convergent evolution is best illustrated by","the similar forelimb bones of humans, bats, and whales","the wings of bats (mammals) and wings of birds — similar function, different structure","the gradual increase in horse body size over 50 million years","the similar DNA sequences of humans and chimpanzees","B","Convergent evolution occurs when unrelated organisms independently evolve similar adaptations to similar environments. Bat wings and bird wings both enable flight but evolved independently from different ancestral forelimb structures.","A: Similar forelimb bones in humans, bats, and whales are homologous structures — evidence of divergent evolution from a common ancestor. C: Horse evolution is an example of directional evolution (phyletic gradualism). D: Similar DNA in humans and chimps reflects common ancestry (divergent evolution)."
"200","Section E: Evolution","Evidence for Evolution","Which evolutionary evidence would be considered the most direct and modern?","Comparative anatomy of forelimbs","Fossil records from geological strata","Molecular evidence — DNA, protein sequences, and genetic studies","Embryological similarities across vertebrate classes","C","Molecular evidence (DNA and protein sequence comparisons, phylogenomics) is considered the most direct modern evidence for evolution. It provides precise measurement of evolutionary distance between species and can reveal relationships not apparent from morphology or embryology.","A: Comparative anatomy is strong but indirect evidence. B: Fossil records are essential but incomplete (fossilisation is rare). D: Embryological evidence is powerful but involves interpretation of developmental patterns."
